timestamp,method,runtime_s,system
2022-04-10 00:00:00,LSTM-FRO,21.232994132659275,33
2022-04-10 00:15:00,LSTM-FRO,33.282348357631584,33
2022-04-10 00:30:00,LSTM-FRO,34.909300207609576,33
2022-04-10 00:45:00,LSTM-FRO,16.892099630452716,33
2022-04-10 01:00:00,LSTM-FRO,19.880408821848825,33
2022-04-10 01:15:00,LSTM-FRO,28.466471715750682,33
2022-04-10 01:30:00,LSTM-FRO,25.463457076061562,33
2022-04-10 01:45:00,LSTM-FRO,27.45137194036418,33
2022-04-10 02:00:00,LSTM-FRO,22.25319872767584,33
2022-04-10 02:15:00,LSTM-FRO,34.37735203590126,33
2022-04-10 02:30:00,LSTM-FRO,33.51157147555876,33
2022-04-10 02:45:00,LSTM-FRO,28.02817502718016,33
2022-04-10 03:00:00,LSTM-FRO,36.58420322982514,33
2022-04-10 03:15:00,LSTM-FRO,31.00031774210589,33
2022-04-10 03:30:00,LSTM-FRO,22.218319005163085,33
2022-04-10 03:45:00,LSTM-FRO,30.24119614943066,33
2022-04-10 04:00:00,LSTM-FRO,21.669722739294986,33
2022-04-10 04:15:00,LSTM-FRO,34.36917450016759,33
2022-04-10 04:30:00,LSTM-FRO,27.224042769112426,33
2022-04-10 04:45:00,LSTM-FRO,26.3172879873706,33
2022-04-10 05:00:00,LSTM-FRO,23.235780558894394,33
2022-04-10 05:15:00,LSTM-FRO,37.470002763568026,33
2022-04-10 05:30:00,LSTM-FRO,26.518452932048856,33
2022-04-10 05:45:00,LSTM-FRO,24.75695581161774,33
2022-04-10 06:00:00,LSTM-FRO,25.23506012478642,33
2022-04-10 06:15:00,LSTM-FRO,31.508734932647496,33
2022-04-10 06:30:00,LSTM-FRO,30.216102777083204,33
2022-04-10 06:45:00,LSTM-FRO,30.57694530883778,33
2022-04-10 07:00:00,LSTM-FRO,30.71610818273552,33
2022-04-10 07:15:00,LSTM-FRO,47.194300001618494,33
2022-04-10 07:30:00,LSTM-FRO,24.89351886852907,33
2022-04-10 07:45:00,LSTM-FRO,24.240880727720462,33
2022-04-10 08:00:00,LSTM-FRO,22.473670032725835,33
2022-04-10 08:15:00,LSTM-FRO,32.177562186327876,33
2022-04-10 08:30:00,LSTM-FRO,36.600105146693366,33
2022-04-10 08:45:00,LSTM-FRO,26.78999613079608,33
2022-04-10 09:00:00,LSTM-FRO,22.32531032322385,33
2022-04-10 09:15:00,LSTM-FRO,22.413336126921994,33
2022-04-10 09:30:00,LSTM-FRO,32.458382242616615,33
2022-04-10 09:45:00,LSTM-FRO,33.22227006170719,33
2022-04-10 10:00:00,LSTM-FRO,31.594635907287213,33
2022-04-10 10:15:00,LSTM-FRO,23.325900484787805,33
2022-04-10 10:30:00,LSTM-FRO,29.221819910973483,33
2022-04-10 10:45:00,LSTM-FRO,28.38687000303373,33
2022-04-10 11:00:00,LSTM-FRO,29.12315301910229,33
2022-04-10 11:15:00,LSTM-FRO,34.30864589490187,33
2022-04-10 11:30:00,LSTM-FRO,29.159050225365316,33
2022-04-10 11:45:00,LSTM-FRO,32.68997218201387,33
2022-04-10 12:00:00,LSTM-FRO,28.039071788656464,33
2022-04-10 12:15:00,LSTM-FRO,29.642657117406614,33
2022-04-10 12:30:00,LSTM-FRO,32.30146241188767,33
2022-04-10 12:45:00,LSTM-FRO,19.121808919000156,33
2022-04-10 13:00:00,LSTM-FRO,25.441549553648784,33
2022-04-10 13:15:00,LSTM-FRO,24.497021966267678,33
2022-04-10 13:30:00,LSTM-FRO,23.482372043958932,33
2022-04-10 13:45:00,LSTM-FRO,25.727544751043098,33
2022-04-10 14:00:00,LSTM-FRO,40.12196643280143,33
2022-04-10 14:15:00,LSTM-FRO,22.18187836384662,33
2022-04-10 14:30:00,LSTM-FRO,35.153019120233814,33
2022-04-10 14:45:00,LSTM-FRO,18.068431173396274,33
2022-04-10 15:00:00,LSTM-FRO,25.344566580054043,33
2022-04-10 15:15:00,LSTM-FRO,28.71706192722793,33
2022-04-10 15:30:00,LSTM-FRO,31.938084301892236,33
2022-04-10 15:45:00,LSTM-FRO,32.95622710179358,33
2022-04-10 16:00:00,LSTM-FRO,33.64269008705561,33
2022-04-10 16:15:00,LSTM-FRO,25.256662107500187,33
2022-04-10 16:30:00,LSTM-FRO,24.546397812714556,33
2022-04-10 16:45:00,LSTM-FRO,34.1929736499714,33
2022-04-10 17:00:00,LSTM-FRO,26.27476232840054,33
2022-04-10 17:15:00,LSTM-FRO,20.013071084156365,33
2022-04-10 17:30:00,LSTM-FRO,20.741436997745538,33
2022-04-10 17:45:00,LSTM-FRO,21.885287491527663,33
2022-04-10 18:00:00,LSTM-FRO,31.23193540778059,33
2022-04-10 18:15:00,LSTM-FRO,28.570892810436025,33
2022-04-10 18:30:00,LSTM-FRO,32.785074043976834,33
2022-04-10 18:45:00,LSTM-FRO,24.763638916413413,33
2022-04-10 19:00:00,LSTM-FRO,28.686703219371722,33
2022-04-10 19:15:00,LSTM-FRO,32.255291954756345,33
2022-04-10 19:30:00,LSTM-FRO,25.507577211327614,33
2022-04-10 19:45:00,LSTM-FRO,30.916893958054942,33
2022-04-10 20:00:00,LSTM-FRO,23.346895509575987,33
2022-04-10 20:15:00,LSTM-FRO,25.16597468521986,33
2022-04-10 20:30:00,LSTM-FRO,25.048211505342582,33
2022-04-10 20:45:00,LSTM-FRO,20.41827481840068,33
2022-04-10 21:00:00,LSTM-FRO,31.152156752448015,33
2022-04-10 21:15:00,LSTM-FRO,24.50298986508385,33
2022-04-10 21:30:00,LSTM-FRO,27.654001368817394,33
2022-04-10 21:45:00,LSTM-FRO,31.10350613065015,33
2022-04-10 22:00:00,LSTM-FRO,30.837488080509786,33
2022-04-10 22:15:00,LSTM-FRO,32.57913936119957,33
2022-04-10 22:30:00,LSTM-FRO,26.894185554881183,33
2022-04-10 22:45:00,LSTM-FRO,24.78823388935795,33
2022-04-10 23:00:00,LSTM-FRO,27.02119205955624,33
2022-04-10 23:15:00,LSTM-FRO,18.04819126076876,33
2022-04-10 23:30:00,LSTM-FRO,19.170081218945036,33
2022-04-10 23:45:00,LSTM-FRO,19.778260860996436,33
2022-04-10 00:00:00,Transformer-FRO,31.0638217610476,33
2022-04-10 00:15:00,Transformer-FRO,22.145281419762576,33
2022-04-10 00:30:00,Transformer-FRO,25.38972022379535,33
2022-04-10 00:45:00,Transformer-FRO,39.222466811181576,33
2022-04-10 01:00:00,Transformer-FRO,25.53428679790374,33
2022-04-10 01:15:00,Transformer-FRO,33.90666849978489,33
2022-04-10 01:30:00,Transformer-FRO,21.9843053668723,33
2022-04-10 01:45:00,Transformer-FRO,26.552598954773696,33
2022-04-10 02:00:00,Transformer-FRO,21.89099934997334,33
2022-04-10 02:15:00,Transformer-FRO,25.64861740668586,33
2022-04-10 02:30:00,Transformer-FRO,34.82248290313049,33
2022-04-10 02:45:00,Transformer-FRO,17.895362659467224,33
2022-04-10 03:00:00,Transformer-FRO,31.344147861407876,33
2022-04-10 03:15:00,Transformer-FRO,29.785786215520602,33
2022-04-10 03:30:00,Transformer-FRO,24.006971452471262,33
2022-04-10 03:45:00,Transformer-FRO,19.249131316885286,33
2022-04-10 04:00:00,Transformer-FRO,28.533927107128676,33
2022-04-10 04:15:00,Transformer-FRO,24.41281663370769,33
2022-04-10 04:30:00,Transformer-FRO,29.74673963899589,33
2022-04-10 04:45:00,Transformer-FRO,28.16438245762399,33
2022-04-10 05:00:00,Transformer-FRO,42.42311968848422,33
2022-04-10 05:15:00,Transformer-FRO,26.320116374961444,33
2022-04-10 05:30:00,Transformer-FRO,21.477915631004883,33
2022-04-10 05:45:00,Transformer-FRO,29.337721321110724,33
2022-04-10 06:00:00,Transformer-FRO,29.64910830238568,33
2022-04-10 06:15:00,Transformer-FRO,39.83698097069406,33
2022-04-10 06:30:00,Transformer-FRO,34.775593867587325,33
2022-04-10 06:45:00,Transformer-FRO,30.720191448089928,33
2022-04-10 07:00:00,Transformer-FRO,40.92700600795222,33
2022-04-10 07:15:00,Transformer-FRO,20.577042568160792,33
2022-04-10 07:30:00,Transformer-FRO,23.724800158035663,33
2022-04-10 07:45:00,Transformer-FRO,22.02447978845484,33
2022-04-10 08:00:00,Transformer-FRO,25.313163002127165,33
2022-04-10 08:15:00,Transformer-FRO,19.598485158352496,33
2022-04-10 08:30:00,Transformer-FRO,33.01860297978545,33
2022-04-10 08:45:00,Transformer-FRO,26.437294050744477,33
2022-04-10 09:00:00,Transformer-FRO,19.1260118227423,33
2022-04-10 09:15:00,Transformer-FRO,21.522056060343466,33
2022-04-10 09:30:00,Transformer-FRO,30.37678616536644,33
2022-04-10 09:45:00,Transformer-FRO,34.80279196306365,33
2022-04-10 10:00:00,Transformer-FRO,46.99751031164773,33
2022-04-10 10:15:00,Transformer-FRO,59.613605127831185,33
2022-04-10 10:30:00,Transformer-FRO,31.18191864692197,33
2022-04-10 10:45:00,Transformer-FRO,21.667859641180172,33
2022-04-10 11:00:00,Transformer-FRO,16.112677028964114,33
2022-04-10 11:15:00,Transformer-FRO,30.018182910739984,33
2022-04-10 11:30:00,Transformer-FRO,22.683033346065365,33
2022-04-10 11:45:00,Transformer-FRO,25.14604739423131,33
2022-04-10 12:00:00,Transformer-FRO,23.895522526594053,33
2022-04-10 12:15:00,Transformer-FRO,27.00140471137392,33
2022-04-10 12:30:00,Transformer-FRO,36.9207730226009,33
2022-04-10 12:45:00,Transformer-FRO,29.169136598654962,33
2022-04-10 13:00:00,Transformer-FRO,26.87677155369112,33
2022-04-10 13:15:00,Transformer-FRO,21.41032782311491,33
2022-04-10 13:30:00,Transformer-FRO,18.141265165175085,33
2022-04-10 13:45:00,Transformer-FRO,24.68769646737541,33
2022-04-10 14:00:00,Transformer-FRO,27.617454111284736,33
2022-04-10 14:15:00,Transformer-FRO,44.29059173700585,33
2022-04-10 14:30:00,Transformer-FRO,28.967350372013456,33
2022-04-10 14:45:00,Transformer-FRO,36.13247762924919,33
2022-04-10 15:00:00,Transformer-FRO,24.604703379786415,33
2022-04-10 15:15:00,Transformer-FRO,20.597428983574385,33
2022-04-10 15:30:00,Transformer-FRO,21.805492445069774,33
2022-04-10 15:45:00,Transformer-FRO,23.20480851644478,33
2022-04-10 16:00:00,Transformer-FRO,48.63051441389402,33
2022-04-10 16:15:00,Transformer-FRO,22.633418017110692,33
2022-04-10 16:30:00,Transformer-FRO,34.80606435789367,33
2022-04-10 16:45:00,Transformer-FRO,22.159938421440746,33
2022-04-10 17:00:00,Transformer-FRO,35.656302865747826,33
2022-04-10 17:15:00,Transformer-FRO,30.944663322251134,33
2022-04-10 17:30:00,Transformer-FRO,26.890690773231917,33
2022-04-10 17:45:00,Transformer-FRO,27.71084170003099,33
2022-04-10 18:00:00,Transformer-FRO,23.63248909028347,33
2022-04-10 18:15:00,Transformer-FRO,31.43895588410441,33
2022-04-10 18:30:00,Transformer-FRO,24.889017422716368,33
2022-04-10 18:45:00,Transformer-FRO,20.381418465684835,33
2022-04-10 19:00:00,Transformer-FRO,20.10674440839972,33
2022-04-10 19:15:00,Transformer-FRO,29.286895046257918,33
2022-04-10 19:30:00,Transformer-FRO,42.17430524352383,33
2022-04-10 19:45:00,Transformer-FRO,29.19140283522524,33
2022-04-10 20:00:00,Transformer-FRO,27.156936282610488,33
2022-04-10 20:15:00,Transformer-FRO,30.15950034375084,33
2022-04-10 20:30:00,Transformer-FRO,39.29140919868608,33
2022-04-10 20:45:00,Transformer-FRO,29.64438729107159,33
2022-04-10 21:00:00,Transformer-FRO,25.174946622153875,33
2022-04-10 21:15:00,Transformer-FRO,37.3086545039053,33
2022-04-10 21:30:00,Transformer-FRO,31.298125718531903,33
2022-04-10 21:45:00,Transformer-FRO,41.703097596242586,33
2022-04-10 22:00:00,Transformer-FRO,29.3678495471538,33
2022-04-10 22:15:00,Transformer-FRO,20.387426286611998,33
2022-04-10 22:30:00,Transformer-FRO,19.641861884095505,33
2022-04-10 22:45:00,Transformer-FRO,42.96718143215497,33
2022-04-10 23:00:00,Transformer-FRO,43.78519227734014,33
2022-04-10 23:15:00,Transformer-FRO,26.731632662602607,33
2022-04-10 23:30:00,Transformer-FRO,25.35666413601446,33
2022-04-10 23:45:00,Transformer-FRO,40.90728852374007,33
2022-04-10 00:00:00,DFL-FRO,23.286561474911327,33
2022-04-10 00:15:00,DFL-FRO,35.74693063033461,33
2022-04-10 00:30:00,DFL-FRO,26.76883713400303,33
2022-04-10 00:45:00,DFL-FRO,29.837627859057978,33
2022-04-10 01:00:00,DFL-FRO,28.549892365012774,33
2022-04-10 01:15:00,DFL-FRO,32.82743835124849,33
2022-04-10 01:30:00,DFL-FRO,44.22989106911723,33
2022-04-10 01:45:00,DFL-FRO,30.644081578370084,33
2022-04-10 02:00:00,DFL-FRO,35.75302732803082,33
2022-04-10 02:15:00,DFL-FRO,16.876205809435305,33
2022-04-10 02:30:00,DFL-FRO,29.477340196336176,33
2022-04-10 02:45:00,DFL-FRO,23.623129914412925,33
2022-04-10 03:00:00,DFL-FRO,21.27574949010261,33
2022-04-10 03:15:00,DFL-FRO,23.394362165670135,33
2022-04-10 03:30:00,DFL-FRO,27.223811227018203,33
2022-04-10 03:45:00,DFL-FRO,38.56785994507921,33
2022-04-10 04:00:00,DFL-FRO,20.647416071918812,33
2022-04-10 04:15:00,DFL-FRO,30.136382601500674,33
2022-04-10 04:30:00,DFL-FRO,26.109018261595622,33
2022-04-10 04:45:00,DFL-FRO,27.272788068597457,33
2022-04-10 05:00:00,DFL-FRO,39.51269585768442,33
2022-04-10 05:15:00,DFL-FRO,34.714123773541125,33
2022-04-10 05:30:00,DFL-FRO,43.37449381207378,33
2022-04-10 05:45:00,DFL-FRO,28.621081913430388,33
2022-04-10 06:00:00,DFL-FRO,24.612855997821285,33
2022-04-10 06:15:00,DFL-FRO,28.073270780077944,33
2022-04-10 06:30:00,DFL-FRO,31.969128730256735,33
2022-04-10 06:45:00,DFL-FRO,31.387218240794514,33
2022-04-10 07:00:00,DFL-FRO,22.087818038556644,33
2022-04-10 07:15:00,DFL-FRO,30.643269299370257,33
2022-04-10 07:30:00,DFL-FRO,31.84227206270704,33
2022-04-10 07:45:00,DFL-FRO,60.26230877017753,33
2022-04-10 08:00:00,DFL-FRO,50.41010199383142,33
2022-04-10 08:15:00,DFL-FRO,23.557308404164626,33
2022-04-10 08:30:00,DFL-FRO,27.580704286945917,33
2022-04-10 08:45:00,DFL-FRO,19.873766027455357,33
2022-04-10 09:00:00,DFL-FRO,25.34530338949041,33
2022-04-10 09:15:00,DFL-FRO,32.627084439114356,33
2022-04-10 09:30:00,DFL-FRO,41.813359898695005,33
2022-04-10 09:45:00,DFL-FRO,24.386602541990836,33
2022-04-10 10:00:00,DFL-FRO,24.90119174013293,33
2022-04-10 10:15:00,DFL-FRO,16.42562263490985,33
2022-04-10 10:30:00,DFL-FRO,28.556074360056993,33
2022-04-10 10:45:00,DFL-FRO,22.223478711249104,33
2022-04-10 11:00:00,DFL-FRO,25.781728024615195,33
2022-04-10 11:15:00,DFL-FRO,23.40278352256837,33
2022-04-10 11:30:00,DFL-FRO,29.105602644830096,33
2022-04-10 11:45:00,DFL-FRO,18.30905770278605,33
2022-04-10 12:00:00,DFL-FRO,19.853821477979736,33
2022-04-10 12:15:00,DFL-FRO,54.08327947968781,33
2022-04-10 12:30:00,DFL-FRO,20.872853634646606,33
2022-04-10 12:45:00,DFL-FRO,22.011644233064832,33
2022-04-10 13:00:00,DFL-FRO,49.85229603253244,33
2022-04-10 13:15:00,DFL-FRO,67.13543595856216,33
2022-04-10 13:30:00,DFL-FRO,21.55770742538496,33
2022-04-10 13:45:00,DFL-FRO,26.96615934075507,33
2022-04-10 14:00:00,DFL-FRO,32.86387502863068,33
2022-04-10 14:15:00,DFL-FRO,48.371439431893485,33
2022-04-10 14:30:00,DFL-FRO,22.69634359673288,33
2022-04-10 14:45:00,DFL-FRO,27.906213333744944,33
2022-04-10 15:00:00,DFL-FRO,37.107062737803126,33
2022-04-10 15:15:00,DFL-FRO,33.728652742048894,33
2022-04-10 15:30:00,DFL-FRO,26.906808454899007,33
2022-04-10 15:45:00,DFL-FRO,28.786511863821865,33
2022-04-10 16:00:00,DFL-FRO,20.370229627959397,33
2022-04-10 16:15:00,DFL-FRO,27.961511213972518,33
2022-04-10 16:30:00,DFL-FRO,27.742541643852736,33
2022-04-10 16:45:00,DFL-FRO,31.87726489607627,33
2022-04-10 17:00:00,DFL-FRO,25.596413285465708,33
2022-04-10 17:15:00,DFL-FRO,34.07604246577521,33
2022-04-10 17:30:00,DFL-FRO,39.62249010855619,33
2022-04-10 17:45:00,DFL-FRO,31.202831249953377,33
2022-04-10 18:00:00,DFL-FRO,32.95742449073243,33
2022-04-10 18:15:00,DFL-FRO,30.326125666818037,33
2022-04-10 18:30:00,DFL-FRO,29.88094638275064,33
2022-04-10 18:45:00,DFL-FRO,24.437797610436704,33
2022-04-10 19:00:00,DFL-FRO,32.63517033880305,33
2022-04-10 19:15:00,DFL-FRO,29.08108661132807,33
2022-04-10 19:30:00,DFL-FRO,53.54227319036756,33
2022-04-10 19:45:00,DFL-FRO,46.32224748018131,33
2022-04-10 20:00:00,DFL-FRO,33.271992795271466,33
2022-04-10 20:15:00,DFL-FRO,24.156826724855453,33
2022-04-10 20:30:00,DFL-FRO,21.91600840405646,33
2022-04-10 20:45:00,DFL-FRO,41.642308717829,33
2022-04-10 21:00:00,DFL-FRO,32.150055368357044,33
2022-04-10 21:15:00,DFL-FRO,34.157848105133894,33
2022-04-10 21:30:00,DFL-FRO,18.376232250706053,33
2022-04-10 21:45:00,DFL-FRO,38.69203809092314,33
2022-04-10 22:00:00,DFL-FRO,33.91388389734301,33
2022-04-10 22:15:00,DFL-FRO,21.92810846821939,33
2022-04-10 22:30:00,DFL-FRO,26.201175684380917,33
2022-04-10 22:45:00,DFL-FRO,32.1587284768529,33
2022-04-10 23:00:00,DFL-FRO,30.32030759992351,33
2022-04-10 23:15:00,DFL-FRO,27.54393185713616,33
2022-04-10 23:30:00,DFL-FRO,29.03087403501504,33
2022-04-10 23:45:00,DFL-FRO,27.854164797210625,33
2022-04-10 00:00:00,CVaR-DFL-FRO,60.41998361543907,33
2022-04-10 00:15:00,CVaR-DFL-FRO,17.262665325714742,33
2022-04-10 00:30:00,CVaR-DFL-FRO,35.56397210013298,33
2022-04-10 00:45:00,CVaR-DFL-FRO,40.43001666808536,33
2022-04-10 01:00:00,CVaR-DFL-FRO,41.95677020857331,33
2022-04-10 01:15:00,CVaR-DFL-FRO,34.104573213467084,33
2022-04-10 01:30:00,CVaR-DFL-FRO,22.193876935495297,33
2022-04-10 01:45:00,CVaR-DFL-FRO,42.37539032288695,33
2022-04-10 02:00:00,CVaR-DFL-FRO,65.41136192731416,33
2022-04-10 02:15:00,CVaR-DFL-FRO,23.78262870542878,33
2022-04-10 02:30:00,CVaR-DFL-FRO,50.03894213245488,33
2022-04-10 02:45:00,CVaR-DFL-FRO,34.566754428979,33
2022-04-10 03:00:00,CVaR-DFL-FRO,37.55427844124773,33
2022-04-10 03:15:00,CVaR-DFL-FRO,27.609688362939355,33
2022-04-10 03:30:00,CVaR-DFL-FRO,34.50321058282274,33
2022-04-10 03:45:00,CVaR-DFL-FRO,57.290281565535665,33
2022-04-10 04:00:00,CVaR-DFL-FRO,45.859025803828,33
2022-04-10 04:15:00,CVaR-DFL-FRO,65.51212029336249,33
2022-04-10 04:30:00,CVaR-DFL-FRO,55.15161890737087,33
2022-04-10 04:45:00,CVaR-DFL-FRO,43.86128782205821,33
2022-04-10 05:00:00,CVaR-DFL-FRO,65.74877237980843,33
2022-04-10 05:15:00,CVaR-DFL-FRO,43.860015284412825,33
2022-04-10 05:30:00,CVaR-DFL-FRO,49.485652989913916,33
2022-04-10 05:45:00,CVaR-DFL-FRO,34.911129813374686,33
2022-04-10 06:00:00,CVaR-DFL-FRO,39.073991032270634,33
2022-04-10 06:15:00,CVaR-DFL-FRO,30.828736902595544,33
2022-04-10 06:30:00,CVaR-DFL-FRO,52.02973476077909,33
2022-04-10 06:45:00,CVaR-DFL-FRO,26.556160087734327,33
2022-04-10 07:00:00,CVaR-DFL-FRO,48.789950320570746,33
2022-04-10 07:15:00,CVaR-DFL-FRO,36.07736629701609,33
2022-04-10 07:30:00,CVaR-DFL-FRO,55.046240439686386,33
2022-04-10 07:45:00,CVaR-DFL-FRO,48.31575759958839,33
2022-04-10 08:00:00,CVaR-DFL-FRO,67.33226881580538,33
2022-04-10 08:15:00,CVaR-DFL-FRO,48.015496675863886,33
2022-04-10 08:30:00,CVaR-DFL-FRO,23.50259942751366,33
2022-04-10 08:45:00,CVaR-DFL-FRO,37.488756257654124,33
2022-04-10 09:00:00,CVaR-DFL-FRO,26.60808480076914,33
2022-04-10 09:15:00,CVaR-DFL-FRO,32.59060071119889,33
2022-04-10 09:30:00,CVaR-DFL-FRO,61.16942835189866,33
2022-04-10 09:45:00,CVaR-DFL-FRO,46.64647039171262,33
2022-04-10 10:00:00,CVaR-DFL-FRO,30.81433088639449,33
2022-04-10 10:15:00,CVaR-DFL-FRO,27.94734163821774,33
2022-04-10 10:30:00,CVaR-DFL-FRO,38.66683983756626,33
2022-04-10 10:45:00,CVaR-DFL-FRO,26.242841383040094,33
2022-04-10 11:00:00,CVaR-DFL-FRO,31.081144077593883,33
2022-04-10 11:15:00,CVaR-DFL-FRO,42.165753511015154,33
2022-04-10 11:30:00,CVaR-DFL-FRO,54.77478508087931,33
2022-04-10 11:45:00,CVaR-DFL-FRO,46.23194868982645,33
2022-04-10 12:00:00,CVaR-DFL-FRO,18.802222009889864,33
2022-04-10 12:15:00,CVaR-DFL-FRO,42.06589513374391,33
2022-04-10 12:30:00,CVaR-DFL-FRO,39.140570848479264,33
2022-04-10 12:45:00,CVaR-DFL-FRO,43.519769784156566,33
2022-04-10 13:00:00,CVaR-DFL-FRO,63.194441046906,33
2022-04-10 13:15:00,CVaR-DFL-FRO,20.18065410586624,33
2022-04-10 13:30:00,CVaR-DFL-FRO,31.862556183940384,33
2022-04-10 13:45:00,CVaR-DFL-FRO,45.97656475315746,33
2022-04-10 14:00:00,CVaR-DFL-FRO,23.433040260129797,33
2022-04-10 14:15:00,CVaR-DFL-FRO,60.50358645284957,33
2022-04-10 14:30:00,CVaR-DFL-FRO,42.90932609632527,33
2022-04-10 14:45:00,CVaR-DFL-FRO,49.77196389854423,33
2022-04-10 15:00:00,CVaR-DFL-FRO,32.062457211551376,33
2022-04-10 15:15:00,CVaR-DFL-FRO,49.267757528690574,33
2022-04-10 15:30:00,CVaR-DFL-FRO,53.31880290068213,33
2022-04-10 15:45:00,CVaR-DFL-FRO,41.14321597033595,33
2022-04-10 16:00:00,CVaR-DFL-FRO,41.16265858037637,33
2022-04-10 16:15:00,CVaR-DFL-FRO,41.62421370893333,33
2022-04-10 16:30:00,CVaR-DFL-FRO,29.281991610244297,33
2022-04-10 16:45:00,CVaR-DFL-FRO,36.563254035759584,33
2022-04-10 17:00:00,CVaR-DFL-FRO,36.506651703818385,33
2022-04-10 17:15:00,CVaR-DFL-FRO,43.10996896909202,33
2022-04-10 17:30:00,CVaR-DFL-FRO,52.195290799043875,33
2022-04-10 17:45:00,CVaR-DFL-FRO,27.561442064894614,33
2022-04-10 18:00:00,CVaR-DFL-FRO,36.81959298715658,33
2022-04-10 18:15:00,CVaR-DFL-FRO,60.60703345556481,33
2022-04-10 18:30:00,CVaR-DFL-FRO,30.390360744774977,33
2022-04-10 18:45:00,CVaR-DFL-FRO,29.657702491184736,33
2022-04-10 19:00:00,CVaR-DFL-FRO,40.75484037743168,33
2022-04-10 19:15:00,CVaR-DFL-FRO,49.7380239135763,33
2022-04-10 19:30:00,CVaR-DFL-FRO,38.41150408170739,33
2022-04-10 19:45:00,CVaR-DFL-FRO,57.80652995560918,33
2022-04-10 20:00:00,CVaR-DFL-FRO,49.92986623196036,33
2022-04-10 20:15:00,CVaR-DFL-FRO,49.698458637191834,33
2022-04-10 20:30:00,CVaR-DFL-FRO,45.45479568950644,33
2022-04-10 20:45:00,CVaR-DFL-FRO,78.801392949324,33
2022-04-10 21:00:00,CVaR-DFL-FRO,35.915321853493964,33
2022-04-10 21:15:00,CVaR-DFL-FRO,20.558004738893437,33
2022-04-10 21:30:00,CVaR-DFL-FRO,62.96048993135525,33
2022-04-10 21:45:00,CVaR-DFL-FRO,33.20890497900983,33
2022-04-10 22:00:00,CVaR-DFL-FRO,39.57828007611338,33
2022-04-10 22:15:00,CVaR-DFL-FRO,57.459486728119074,33
2022-04-10 22:30:00,CVaR-DFL-FRO,23.283290615041516,33
2022-04-10 22:45:00,CVaR-DFL-FRO,25.958731385909267,33
2022-04-10 23:00:00,CVaR-DFL-FRO,23.290382096218575,33
2022-04-10 23:15:00,CVaR-DFL-FRO,29.91750384356627,33
2022-04-10 23:30:00,CVaR-DFL-FRO,43.86877147626042,33
2022-04-10 23:45:00,CVaR-DFL-FRO,45.03470553494705,33
2022-04-10 01:15:00,CVaR-DFL-RTRO,51.3861541961862,33
2022-04-10 01:45:00,CVaR-DFL-RTRO,21.81634499130221,33
2022-04-10 07:15:00,CVaR-DFL-RTRO,26.952818161988734,33
2022-04-10 10:00:00,CVaR-DFL-RTRO,25.475577065794987,33
2022-04-10 12:15:00,CVaR-DFL-RTRO,19.673921523254158,33
2022-04-10 18:15:00,CVaR-DFL-RTRO,32.5158063405842,33
2022-04-10 19:30:00,CVaR-DFL-RTRO,50.15214675484795,33
2022-04-10 21:00:00,CVaR-DFL-RTRO,36.63943542917718,33
2022-04-10 21:15:00,CVaR-DFL-RTRO,42.4202731626787,33
2022-04-11 00:00:00,LSTM-FRO,39.90003923791041,33
2022-04-11 00:15:00,LSTM-FRO,28.098567419382988,33
2022-04-11 00:30:00,LSTM-FRO,40.16030951395755,33
2022-04-11 00:45:00,LSTM-FRO,29.25944586176594,33
2022-04-11 01:00:00,LSTM-FRO,23.169911771199075,33
2022-04-11 01:15:00,LSTM-FRO,24.62732789115661,33
2022-04-11 01:30:00,LSTM-FRO,19.715420470492276,33
2022-04-11 01:45:00,LSTM-FRO,22.87667558315577,33
2022-04-11 02:00:00,LSTM-FRO,26.13298922740624,33
2022-04-11 02:15:00,LSTM-FRO,34.981066707979245,33
2022-04-11 02:30:00,LSTM-FRO,44.038182384214586,33
2022-04-11 02:45:00,LSTM-FRO,20.2082741724599,33
2022-04-11 03:00:00,LSTM-FRO,31.55368523318635,33
2022-04-11 03:15:00,LSTM-FRO,22.01792358716582,33
2022-04-11 03:30:00,LSTM-FRO,32.20890405412795,33
2022-04-11 03:45:00,LSTM-FRO,27.66496988717316,33
2022-04-11 04:00:00,LSTM-FRO,18.055392292594107,33
2022-04-11 04:15:00,LSTM-FRO,36.09356726734638,33
2022-04-11 04:30:00,LSTM-FRO,24.56187887342034,33
2022-04-11 04:45:00,LSTM-FRO,25.004221355047424,33
2022-04-11 05:00:00,LSTM-FRO,21.85706773404995,33
2022-04-11 05:15:00,LSTM-FRO,24.259873929879518,33
2022-04-11 05:30:00,LSTM-FRO,31.832653319177517,33
2022-04-11 05:45:00,LSTM-FRO,27.26399810955652,33
2022-04-11 06:00:00,LSTM-FRO,31.049487099552444,33
2022-04-11 06:15:00,LSTM-FRO,31.309821769243765,33
2022-04-11 06:30:00,LSTM-FRO,39.829740527010394,33
2022-04-11 06:45:00,LSTM-FRO,26.233099296025784,33
2022-04-11 07:00:00,LSTM-FRO,19.733636066583486,33
2022-04-11 07:15:00,LSTM-FRO,37.3745688595305,33
2022-04-11 07:30:00,LSTM-FRO,26.30760839504196,33
2022-04-11 07:45:00,LSTM-FRO,37.821671859217155,33
2022-04-11 08:00:00,LSTM-FRO,31.478915457170128,33
2022-04-11 08:15:00,LSTM-FRO,27.664616530479506,33
2022-04-11 08:30:00,LSTM-FRO,31.206664603740546,33
2022-04-11 08:45:00,LSTM-FRO,46.65859588911695,33
2022-04-11 09:00:00,LSTM-FRO,48.15765811657906,33
2022-04-11 09:15:00,LSTM-FRO,29.092849455994443,33
2022-04-11 09:30:00,LSTM-FRO,29.763690981887393,33
2022-04-11 09:45:00,LSTM-FRO,37.45927376146207,33
2022-04-11 10:00:00,LSTM-FRO,23.12190033833876,33
2022-04-11 10:15:00,LSTM-FRO,31.083867882470372,33
2022-04-11 10:30:00,LSTM-FRO,28.40548815257575,33
2022-04-11 10:45:00,LSTM-FRO,30.93469897540744,33
2022-04-11 11:00:00,LSTM-FRO,23.19336103908314,33
2022-04-11 11:15:00,LSTM-FRO,19.18310525707684,33
2022-04-11 11:30:00,LSTM-FRO,16.990820351407,33
2022-04-11 11:45:00,LSTM-FRO,21.597269030687244,33
2022-04-11 12:00:00,LSTM-FRO,25.480899623513604,33
2022-04-11 12:15:00,LSTM-FRO,26.561748771596896,33
2022-04-11 12:30:00,LSTM-FRO,46.497450897098496,33
2022-04-11 12:45:00,LSTM-FRO,37.74011383526773,33
2022-04-11 13:00:00,LSTM-FRO,22.455860498173035,33
2022-04-11 13:15:00,LSTM-FRO,31.198303257381838,33
2022-04-11 13:30:00,LSTM-FRO,25.813098585457233,33
2022-04-11 13:45:00,LSTM-FRO,26.620678014406344,33
2022-04-11 14:00:00,LSTM-FRO,29.952090796366377,33
2022-04-11 14:15:00,LSTM-FRO,33.39852368181967,33
2022-04-11 14:30:00,LSTM-FRO,26.256341238719237,33
2022-04-11 14:45:00,LSTM-FRO,37.34295488044333,33
2022-04-11 15:00:00,LSTM-FRO,21.464551529781925,33
2022-04-11 15:15:00,LSTM-FRO,28.636047860492546,33
2022-04-11 15:30:00,LSTM-FRO,54.88252506296678,33
2022-04-11 15:45:00,LSTM-FRO,30.23731988511145,33
2022-04-11 16:00:00,LSTM-FRO,40.97119055784019,33
2022-04-11 16:15:00,LSTM-FRO,29.25499142669278,33
2022-04-11 16:30:00,LSTM-FRO,33.07816055548157,33
2022-04-11 16:45:00,LSTM-FRO,28.18585136905974,33
2022-04-11 17:00:00,LSTM-FRO,27.39322887438419,33
2022-04-11 17:15:00,LSTM-FRO,23.509244335650184,33
2022-04-11 17:30:00,LSTM-FRO,31.851925447762184,33
2022-04-11 17:45:00,LSTM-FRO,23.08781720500266,33
2022-04-11 18:00:00,LSTM-FRO,33.78995261479748,33
2022-04-11 18:15:00,LSTM-FRO,37.54444496515605,33
2022-04-11 18:30:00,LSTM-FRO,31.346073910760555,33
2022-04-11 18:45:00,LSTM-FRO,26.608084510727267,33
2022-04-11 19:00:00,LSTM-FRO,32.04171026031576,33
2022-04-11 19:15:00,LSTM-FRO,26.458717729354255,33
2022-04-11 19:30:00,LSTM-FRO,36.159320036032064,33
2022-04-11 19:45:00,LSTM-FRO,18.05312495104482,33
2022-04-11 20:00:00,LSTM-FRO,26.280418206118586,33
2022-04-11 20:15:00,LSTM-FRO,17.344952422374465,33
2022-04-11 20:30:00,LSTM-FRO,19.6436653016983,33
2022-04-11 20:45:00,LSTM-FRO,40.264047727184305,33
2022-04-11 21:00:00,LSTM-FRO,35.79478521930282,33
2022-04-11 21:15:00,LSTM-FRO,23.86604322007281,33
2022-04-11 21:30:00,LSTM-FRO,19.60699740637321,33
2022-04-11 21:45:00,LSTM-FRO,13.58355216513067,33
2022-04-11 22:00:00,LSTM-FRO,24.944063757701276,33
2022-04-11 22:15:00,LSTM-FRO,52.49384713662024,33
2022-04-11 22:30:00,LSTM-FRO,31.888591996486827,33
2022-04-11 22:45:00,LSTM-FRO,24.843594531097835,33
2022-04-11 23:00:00,LSTM-FRO,32.131238420812366,33
2022-04-11 23:15:00,LSTM-FRO,19.32137499414993,33
2022-04-11 23:30:00,LSTM-FRO,26.534212118706257,33
2022-04-11 23:45:00,LSTM-FRO,29.31348958549621,33
2022-04-11 00:00:00,Transformer-FRO,36.223115126517634,33
2022-04-11 00:15:00,Transformer-FRO,32.266164245406905,33
2022-04-11 00:30:00,Transformer-FRO,35.0908859886536,33
2022-04-11 00:45:00,Transformer-FRO,24.684700216325467,33
2022-04-11 01:00:00,Transformer-FRO,37.24219066126692,33
2022-04-11 01:15:00,Transformer-FRO,45.015358762992065,33
2022-04-11 01:30:00,Transformer-FRO,22.945592342711066,33
2022-04-11 01:45:00,Transformer-FRO,23.4414091516755,33
2022-04-11 02:00:00,Transformer-FRO,41.720667290620376,33
2022-04-11 02:15:00,Transformer-FRO,28.07980366149894,33
2022-04-11 02:30:00,Transformer-FRO,42.46316206299041,33
2022-04-11 02:45:00,Transformer-FRO,26.30931025250187,33
2022-04-11 03:00:00,Transformer-FRO,43.030883125324685,33
2022-04-11 03:15:00,Transformer-FRO,30.531295845209197,33
2022-04-11 03:30:00,Transformer-FRO,31.55126018583064,33
2022-04-11 03:45:00,Transformer-FRO,44.272042455781225,33
2022-04-11 04:00:00,Transformer-FRO,26.86604646951666,33
2022-04-11 04:15:00,Transformer-FRO,23.118934232985218,33
2022-04-11 04:30:00,Transformer-FRO,26.26821992967681,33
2022-04-11 04:45:00,Transformer-FRO,33.17976218885172,33
2022-04-11 05:00:00,Transformer-FRO,19.66222452962989,33
2022-04-11 05:15:00,Transformer-FRO,34.81128032246874,33
2022-04-11 05:30:00,Transformer-FRO,25.66097619322643,33
2022-04-11 05:45:00,Transformer-FRO,39.73610768545836,33
2022-04-11 06:00:00,Transformer-FRO,15.861419073549063,33
2022-04-11 06:15:00,Transformer-FRO,24.064182209160897,33
2022-04-11 06:30:00,Transformer-FRO,19.056388971060088,33
2022-04-11 06:45:00,Transformer-FRO,23.817979107195086,33
2022-04-11 07:00:00,Transformer-FRO,31.46496894872796,33
2022-04-11 07:15:00,Transformer-FRO,28.168161480510093,33
2022-04-11 07:30:00,Transformer-FRO,27.631787649319946,33
2022-04-11 07:45:00,Transformer-FRO,28.31491332060671,33
2022-04-11 08:00:00,Transformer-FRO,31.105813914389934,33
2022-04-11 08:15:00,Transformer-FRO,22.718355309678213,33
2022-04-11 08:30:00,Transformer-FRO,35.443137318724744,33
2022-04-11 08:45:00,Transformer-FRO,35.03942758975292,33
2022-04-11 09:00:00,Transformer-FRO,32.60585751636108,33
2022-04-11 09:15:00,Transformer-FRO,34.08837543839877,33
2022-04-11 09:30:00,Transformer-FRO,31.865216585605193,33
2022-04-11 09:45:00,Transformer-FRO,50.01408664806184,33
2022-04-11 10:00:00,Transformer-FRO,28.84913319170061,33
2022-04-11 10:15:00,Transformer-FRO,27.24969449211311,33
2022-04-11 10:30:00,Transformer-FRO,24.271200772705313,33
2022-04-11 10:45:00,Transformer-FRO,22.57902736024301,33
2022-04-11 11:00:00,Transformer-FRO,21.37027602502734,33
2022-04-11 11:15:00,Transformer-FRO,23.434714488007238,33
2022-04-11 11:30:00,Transformer-FRO,28.972167585105325,33
2022-04-11 11:45:00,Transformer-FRO,32.179693406672406,33
2022-04-11 12:00:00,Transformer-FRO,29.90187331892494,33
2022-04-11 12:15:00,Transformer-FRO,24.195754882529638,33
2022-04-11 12:30:00,Transformer-FRO,37.265074172716226,33
2022-04-11 12:45:00,Transformer-FRO,35.7436425730285,33
2022-04-11 13:00:00,Transformer-FRO,28.311511280569224,33
2022-04-11 13:15:00,Transformer-FRO,24.912670106131728,33
2022-04-11 13:30:00,Transformer-FRO,34.01681195194424,33
2022-04-11 13:45:00,Transformer-FRO,30.981743501782745,33
2022-04-11 14:00:00,Transformer-FRO,20.27114070475231,33
2022-04-11 14:15:00,Transformer-FRO,28.992457370954956,33
2022-04-11 14:30:00,Transformer-FRO,31.582418440814184,33
2022-04-11 14:45:00,Transformer-FRO,23.36859453207299,33
2022-04-11 15:00:00,Transformer-FRO,30.996766893719087,33
2022-04-11 15:15:00,Transformer-FRO,20.23598247529354,33
2022-04-11 15:30:00,Transformer-FRO,41.725013443723164,33
2022-04-11 15:45:00,Transformer-FRO,40.781289363738225,33
2022-04-11 16:00:00,Transformer-FRO,27.63795125453497,33
2022-04-11 16:15:00,Transformer-FRO,32.42390194087723,33
2022-04-11 16:30:00,Transformer-FRO,15.79714159097241,33
2022-04-11 16:45:00,Transformer-FRO,21.86417296822023,33
2022-04-11 17:00:00,Transformer-FRO,27.343853816776868,33
2022-04-11 17:15:00,Transformer-FRO,22.346821617465338,33
2022-04-11 17:30:00,Transformer-FRO,35.5125570345433,33
2022-04-11 17:45:00,Transformer-FRO,49.52661144538529,33
2022-04-11 18:00:00,Transformer-FRO,21.749583763246356,33
2022-04-11 18:15:00,Transformer-FRO,23.748705936759944,33
2022-04-11 18:30:00,Transformer-FRO,31.365455079022265,33
2022-04-11 18:45:00,Transformer-FRO,44.80784570981861,33
2022-04-11 19:00:00,Transformer-FRO,21.493064598361318,33
2022-04-11 19:15:00,Transformer-FRO,31.476149304035296,33
2022-04-11 19:30:00,Transformer-FRO,47.31741217599698,33
2022-04-11 19:45:00,Transformer-FRO,19.22865467719989,33
2022-04-11 20:00:00,Transformer-FRO,21.16845694311433,33
2022-04-11 20:15:00,Transformer-FRO,26.438749560321625,33
2022-04-11 20:30:00,Transformer-FRO,25.782237158678015,33
2022-04-11 20:45:00,Transformer-FRO,36.42838920512228,33
2022-04-11 21:00:00,Transformer-FRO,31.416008193962973,33
2022-04-11 21:15:00,Transformer-FRO,18.624132304158497,33
2022-04-11 21:30:00,Transformer-FRO,33.726850067746014,33
2022-04-11 21:45:00,Transformer-FRO,25.404337933516874,33
2022-04-11 22:00:00,Transformer-FRO,41.062424157611915,33
2022-04-11 22:15:00,Transformer-FRO,25.07681178639244,33
2022-04-11 22:30:00,Transformer-FRO,25.018183934437033,33
2022-04-11 22:45:00,Transformer-FRO,33.952521477021165,33
2022-04-11 23:00:00,Transformer-FRO,35.96222075157982,33
2022-04-11 23:15:00,Transformer-FRO,33.143353387696294,33
2022-04-11 23:30:00,Transformer-FRO,19.06069211040097,33
2022-04-11 23:45:00,Transformer-FRO,33.925267912828495,33
2022-04-11 00:00:00,DFL-FRO,32.0627032553617,33
2022-04-11 00:15:00,DFL-FRO,20.19429549264423,33
2022-04-11 00:30:00,DFL-FRO,34.00483476889696,33
2022-04-11 00:45:00,DFL-FRO,23.983562565410875,33
2022-04-11 01:00:00,DFL-FRO,21.004117074398117,33
2022-04-11 01:15:00,DFL-FRO,36.636413208929675,33
2022-04-11 01:30:00,DFL-FRO,32.119652112664355,33
2022-04-11 01:45:00,DFL-FRO,25.306063063916284,33
2022-04-11 02:00:00,DFL-FRO,44.99323281547423,33
2022-04-11 02:15:00,DFL-FRO,26.558288886099266,33
2022-04-11 02:30:00,DFL-FRO,30.29792872402056,33
2022-04-11 02:45:00,DFL-FRO,32.364647771198904,33
2022-04-11 03:00:00,DFL-FRO,25.265976862570575,33
2022-04-11 03:15:00,DFL-FRO,34.24077978329828,33
2022-04-11 03:30:00,DFL-FRO,25.880314941483423,33
2022-04-11 03:45:00,DFL-FRO,26.773881781022688,33
2022-04-11 04:00:00,DFL-FRO,43.89677906946601,33
2022-04-11 04:15:00,DFL-FRO,22.4696783602662,33
2022-04-11 04:30:00,DFL-FRO,15.32976796337812,33
2022-04-11 04:45:00,DFL-FRO,47.041475401002884,33
2022-04-11 05:00:00,DFL-FRO,61.10037296496786,33
2022-04-11 05:15:00,DFL-FRO,26.82144161800102,33
2022-04-11 05:30:00,DFL-FRO,17.5038480897593,33
2022-04-11 05:45:00,DFL-FRO,27.539301249653334,33
2022-04-11 06:00:00,DFL-FRO,27.726110933182063,33
2022-04-11 06:15:00,DFL-FRO,28.480194899009273,33
2022-04-11 06:30:00,DFL-FRO,22.01843502798588,33
2022-04-11 06:45:00,DFL-FRO,35.291091387764425,33
2022-04-11 07:00:00,DFL-FRO,34.75382017486456,33
2022-04-11 07:15:00,DFL-FRO,19.800500421895634,33
2022-04-11 07:30:00,DFL-FRO,36.487427247115946,33
2022-04-11 07:45:00,DFL-FRO,53.20356524059522,33
2022-04-11 08:00:00,DFL-FRO,31.501971726443415,33
2022-04-11 08:15:00,DFL-FRO,27.334090580631973,33
2022-04-11 08:30:00,DFL-FRO,28.863052057003056,33
2022-04-11 08:45:00,DFL-FRO,35.64387648896289,33
2022-04-11 09:00:00,DFL-FRO,18.538882230734558,33
2022-04-11 09:15:00,DFL-FRO,31.435593926088032,33
2022-04-11 09:30:00,DFL-FRO,26.932324477654028,33
2022-04-11 09:45:00,DFL-FRO,50.2514771966607,33
2022-04-11 10:00:00,DFL-FRO,28.605473222991446,33
2022-04-11 10:15:00,DFL-FRO,47.79396138809006,33
2022-04-11 10:30:00,DFL-FRO,22.077706615038206,33
2022-04-11 10:45:00,DFL-FRO,35.36687559394158,33
2022-04-11 11:00:00,DFL-FRO,32.82318629396429,33
2022-04-11 11:15:00,DFL-FRO,23.569820348052847,33
2022-04-11 11:30:00,DFL-FRO,31.54972434520098,33
2022-04-11 11:45:00,DFL-FRO,42.09832880912961,33
2022-04-11 12:00:00,DFL-FRO,27.437366961807154,33
2022-04-11 12:15:00,DFL-FRO,18.739933963202233,33
2022-04-11 12:30:00,DFL-FRO,29.881464344665744,33
2022-04-11 12:45:00,DFL-FRO,23.351628243257313,33
2022-04-11 13:00:00,DFL-FRO,27.29591305309753,33
2022-04-11 13:15:00,DFL-FRO,29.35307849418335,33
2022-04-11 13:30:00,DFL-FRO,18.668583280926875,33
2022-04-11 13:45:00,DFL-FRO,19.14266109061405,33
2022-04-11 14:00:00,DFL-FRO,34.345231448627345,33
2022-04-11 14:15:00,DFL-FRO,25.957838754797677,33
2022-04-11 14:30:00,DFL-FRO,14.694170758484315,33
2022-04-11 14:45:00,DFL-FRO,37.36871587910063,33
2022-04-11 15:00:00,DFL-FRO,32.39583385760922,33
2022-04-11 15:15:00,DFL-FRO,24.611328056367785,33
2022-04-11 15:30:00,DFL-FRO,20.804923601864008,33
2022-04-11 15:45:00,DFL-FRO,37.90318962711936,33
2022-04-11 16:00:00,DFL-FRO,33.09826993018917,33
2022-04-11 16:15:00,DFL-FRO,58.32663536888557,33
2022-04-11 16:30:00,DFL-FRO,33.75810182312597,33
2022-04-11 16:45:00,DFL-FRO,33.45389337910925,33
2022-04-11 17:00:00,DFL-FRO,28.66328052001639,33
2022-04-11 17:15:00,DFL-FRO,37.702706330250805,33
2022-04-11 17:30:00,DFL-FRO,35.74163004563926,33
2022-04-11 17:45:00,DFL-FRO,42.560776107337375,33
2022-04-11 18:00:00,DFL-FRO,25.96793680778916,33
2022-04-11 18:15:00,DFL-FRO,26.597133176113182,33
2022-04-11 18:30:00,DFL-FRO,26.275248247151975,33
2022-04-11 18:45:00,DFL-FRO,37.43080488080861,33
2022-04-11 19:00:00,DFL-FRO,45.588862025654684,33
2022-04-11 19:15:00,DFL-FRO,26.424026267742807,33
2022-04-11 19:30:00,DFL-FRO,26.676061544903348,33
2022-04-11 19:45:00,DFL-FRO,32.774535844347355,33
2022-04-11 20:00:00,DFL-FRO,28.04048697843965,33
2022-04-11 20:15:00,DFL-FRO,39.15107376935344,33
2022-04-11 20:30:00,DFL-FRO,16.03319122825031,33
2022-04-11 20:45:00,DFL-FRO,23.849565631162942,33
2022-04-11 21:00:00,DFL-FRO,24.145724419015586,33
2022-04-11 21:15:00,DFL-FRO,15.729707953540776,33
2022-04-11 21:30:00,DFL-FRO,22.956673698723613,33
2022-04-11 21:45:00,DFL-FRO,23.268920373127703,33
2022-04-11 22:00:00,DFL-FRO,28.391600055967977,33
2022-04-11 22:15:00,DFL-FRO,40.94652779195119,33
2022-04-11 22:30:00,DFL-FRO,28.045963701234374,33
2022-04-11 22:45:00,DFL-FRO,22.530949362315017,33
2022-04-11 23:00:00,DFL-FRO,29.555256931972384,33
2022-04-11 23:15:00,DFL-FRO,40.22508935642544,33
2022-04-11 23:30:00,DFL-FRO,22.87799522256481,33
2022-04-11 23:45:00,DFL-FRO,23.298644164222537,33
2022-04-11 00:00:00,CVaR-DFL-FRO,36.890022603099915,33
2022-04-11 00:15:00,CVaR-DFL-FRO,48.3053060209679,33
2022-04-11 00:30:00,CVaR-DFL-FRO,39.34762341015367,33
2022-04-11 00:45:00,CVaR-DFL-FRO,49.12409241612297,33
2022-04-11 01:00:00,CVaR-DFL-FRO,28.66142901285549,33
2022-04-11 01:15:00,CVaR-DFL-FRO,39.3666970752645,33
2022-04-11 01:30:00,CVaR-DFL-FRO,37.01436053044835,33
2022-04-11 01:45:00,CVaR-DFL-FRO,27.09794513737327,33
2022-04-11 02:00:00,CVaR-DFL-FRO,24.32791345940474,33
2022-04-11 02:15:00,CVaR-DFL-FRO,48.88215161261947,33
2022-04-11 02:30:00,CVaR-DFL-FRO,35.43824931971176,33
2022-04-11 02:45:00,CVaR-DFL-FRO,28.7754505425242,33
2022-04-11 03:00:00,CVaR-DFL-FRO,38.35294253484163,33
2022-04-11 03:15:00,CVaR-DFL-FRO,56.07105439520524,33
2022-04-11 03:30:00,CVaR-DFL-FRO,19.474493541161834,33
2022-04-11 03:45:00,CVaR-DFL-FRO,24.837639907607464,33
2022-04-11 04:00:00,CVaR-DFL-FRO,29.676575053266582,33
2022-04-11 04:15:00,CVaR-DFL-FRO,62.176521659112794,33
2022-04-11 04:30:00,CVaR-DFL-FRO,43.13512071344973,33
2022-04-11 04:45:00,CVaR-DFL-FRO,50.13491182593151,33
2022-04-11 05:00:00,CVaR-DFL-FRO,27.742123566045144,33
2022-04-11 05:15:00,CVaR-DFL-FRO,27.92020347937023,33
2022-04-11 05:30:00,CVaR-DFL-FRO,45.40383504174151,33
2022-04-11 05:45:00,CVaR-DFL-FRO,40.235431763329125,33
2022-04-11 06:00:00,CVaR-DFL-FRO,46.847939560644036,33
2022-04-11 06:15:00,CVaR-DFL-FRO,37.27963713811439,33
2022-04-11 06:30:00,CVaR-DFL-FRO,43.07570199505902,33
2022-04-11 06:45:00,CVaR-DFL-FRO,41.50123922766921,33
2022-04-11 07:00:00,CVaR-DFL-FRO,50.297712829288834,33
2022-04-11 07:15:00,CVaR-DFL-FRO,50.756066156391974,33
2022-04-11 07:30:00,CVaR-DFL-FRO,23.905988945192053,33
2022-04-11 07:45:00,CVaR-DFL-FRO,19.677757092074273,33
2022-04-11 08:00:00,CVaR-DFL-FRO,53.916972874568685,33
2022-04-11 08:15:00,CVaR-DFL-FRO,57.11933367721815,33
2022-04-11 08:30:00,CVaR-DFL-FRO,28.790248956156244,33
2022-04-11 08:45:00,CVaR-DFL-FRO,22.1909393440955,33
2022-04-11 09:00:00,CVaR-DFL-FRO,40.74745188089148,33
2022-04-11 09:15:00,CVaR-DFL-FRO,52.743865356181246,33
2022-04-11 09:30:00,CVaR-DFL-FRO,69.01647370611651,33
2022-04-11 09:45:00,CVaR-DFL-FRO,46.378808074507745,33
2022-04-11 10:00:00,CVaR-DFL-FRO,35.21069663783533,33
2022-04-11 10:15:00,CVaR-DFL-FRO,29.95179630699038,33
2022-04-11 10:30:00,CVaR-DFL-FRO,39.65519138150242,33
2022-04-11 10:45:00,CVaR-DFL-FRO,36.011093009076404,33
2022-04-11 11:00:00,CVaR-DFL-FRO,28.83990851254822,33
2022-04-11 11:15:00,CVaR-DFL-FRO,74.60921963233588,33
2022-04-11 11:30:00,CVaR-DFL-FRO,68.75092654723488,33
2022-04-11 11:45:00,CVaR-DFL-FRO,56.210908782999276,33
2022-04-11 12:00:00,CVaR-DFL-FRO,29.69532622009018,33
2022-04-11 12:15:00,CVaR-DFL-FRO,51.517719963962925,33
2022-04-11 12:30:00,CVaR-DFL-FRO,48.18768544558096,33
2022-04-11 12:45:00,CVaR-DFL-FRO,45.32969014593193,33
2022-04-11 13:00:00,CVaR-DFL-FRO,58.22755143555892,33
2022-04-11 13:15:00,CVaR-DFL-FRO,48.12411337052126,33
2022-04-11 13:30:00,CVaR-DFL-FRO,49.712045743178635,33
2022-04-11 13:45:00,CVaR-DFL-FRO,48.14703811314868,33
2022-04-11 14:00:00,CVaR-DFL-FRO,43.92108738121778,33
2022-04-11 14:15:00,CVaR-DFL-FRO,22.721951252283898,33
2022-04-11 14:30:00,CVaR-DFL-FRO,40.553067752236075,33
2022-04-11 14:45:00,CVaR-DFL-FRO,33.25214634480148,33
2022-04-11 15:00:00,CVaR-DFL-FRO,26.565633038968116,33
2022-04-11 15:15:00,CVaR-DFL-FRO,66.58151049827066,33
2022-04-11 15:30:00,CVaR-DFL-FRO,67.56319544443322,33
2022-04-11 15:45:00,CVaR-DFL-FRO,60.24059649858726,33
2022-04-11 16:00:00,CVaR-DFL-FRO,42.77035852615517,33
2022-04-11 16:15:00,CVaR-DFL-FRO,60.08017202650992,33
2022-04-11 16:30:00,CVaR-DFL-FRO,39.66259675774215,33
2022-04-11 16:45:00,CVaR-DFL-FRO,42.08048133128085,33
2022-04-11 17:00:00,CVaR-DFL-FRO,28.14688456854058,33
2022-04-11 17:15:00,CVaR-DFL-FRO,44.69357276084094,33
2022-04-11 17:30:00,CVaR-DFL-FRO,40.261798248267375,33
2022-04-11 17:45:00,CVaR-DFL-FRO,26.378296757779378,33
2022-04-11 18:00:00,CVaR-DFL-FRO,38.8919065026612,33
2022-04-11 18:15:00,CVaR-DFL-FRO,38.54916413951004,33
2022-04-11 18:30:00,CVaR-DFL-FRO,69.01575951915189,33
2022-04-11 18:45:00,CVaR-DFL-FRO,52.14796507304979,33
2022-04-11 19:00:00,CVaR-DFL-FRO,39.65511938073454,33
2022-04-11 19:15:00,CVaR-DFL-FRO,42.68517645650179,33
2022-04-11 19:30:00,CVaR-DFL-FRO,40.06028685544625,33
2022-04-11 19:45:00,CVaR-DFL-FRO,37.10376151004673,33
2022-04-11 20:00:00,CVaR-DFL-FRO,28.243489196021027,33
2022-04-11 20:15:00,CVaR-DFL-FRO,37.70556780886884,33
2022-04-11 20:30:00,CVaR-DFL-FRO,31.349672497550674,33
2022-04-11 20:45:00,CVaR-DFL-FRO,26.810086929151026,33
2022-04-11 21:00:00,CVaR-DFL-FRO,46.30583397662304,33
2022-04-11 21:15:00,CVaR-DFL-FRO,44.61424051516664,33
2022-04-11 21:30:00,CVaR-DFL-FRO,22.700134921640007,33
2022-04-11 21:45:00,CVaR-DFL-FRO,38.03886000806392,33
2022-04-11 22:00:00,CVaR-DFL-FRO,53.81596996745146,33
2022-04-11 22:15:00,CVaR-DFL-FRO,54.88703103675294,33
2022-04-11 22:30:00,CVaR-DFL-FRO,54.321457946192105,33
2022-04-11 22:45:00,CVaR-DFL-FRO,39.99448240887337,33
2022-04-11 23:00:00,CVaR-DFL-FRO,30.401958158210036,33
2022-04-11 23:15:00,CVaR-DFL-FRO,28.23234923646101,33
2022-04-11 23:30:00,CVaR-DFL-FRO,43.97308022418223,33
2022-04-11 23:45:00,CVaR-DFL-FRO,44.44867074921947,33
2022-04-11 04:45:00,CVaR-DFL-RTRO,19.931372916386824,33
2022-04-11 07:30:00,CVaR-DFL-RTRO,21.534035634956208,33
2022-04-11 09:00:00,CVaR-DFL-RTRO,38.22835157337907,33
2022-04-11 10:15:00,CVaR-DFL-RTRO,38.24932791833535,33
2022-04-11 15:45:00,CVaR-DFL-RTRO,36.56328995218719,33
2022-04-11 18:30:00,CVaR-DFL-RTRO,54.777135637928595,33
2022-04-11 20:45:00,CVaR-DFL-RTRO,16.835390869109155,33
2022-04-11 22:30:00,CVaR-DFL-RTRO,42.730622881396165,33
2022-04-12 00:00:00,LSTM-FRO,22.00497557200732,33
2022-04-12 00:15:00,LSTM-FRO,26.55027343885356,33
2022-04-12 00:30:00,LSTM-FRO,24.176490316938587,33
2022-04-12 00:45:00,LSTM-FRO,23.3330320688418,33
2022-04-12 01:00:00,LSTM-FRO,26.909566614981113,33
2022-04-12 01:15:00,LSTM-FRO,41.79357330333023,33
2022-04-12 01:30:00,LSTM-FRO,46.32326063141346,33
2022-04-12 01:45:00,LSTM-FRO,26.844272683267857,33
2022-04-12 02:00:00,LSTM-FRO,47.116958509952035,33
2022-04-12 02:15:00,LSTM-FRO,29.468379059090665,33
2022-04-12 02:30:00,LSTM-FRO,45.36011835770265,33
2022-04-12 02:45:00,LSTM-FRO,28.53025149692223,33
2022-04-12 03:00:00,LSTM-FRO,30.18325891216573,33
2022-04-12 03:15:00,LSTM-FRO,32.012785983552405,33
2022-04-12 03:30:00,LSTM-FRO,64.87135150354793,33
2022-04-12 03:45:00,LSTM-FRO,36.16505800066487,33
2022-04-12 04:00:00,LSTM-FRO,24.455007135469028,33
2022-04-12 04:15:00,LSTM-FRO,37.24970028391862,33
2022-04-12 04:30:00,LSTM-FRO,26.670343913634877,33
2022-04-12 04:45:00,LSTM-FRO,25.82749926941405,33
2022-04-12 05:00:00,LSTM-FRO,36.68918257021418,33
2022-04-12 05:15:00,LSTM-FRO,29.435175340216375,33
2022-04-12 05:30:00,LSTM-FRO,31.32198887770543,33
2022-04-12 05:45:00,LSTM-FRO,29.309084626184088,33
2022-04-12 06:00:00,LSTM-FRO,31.78144094944402,33
2022-04-12 06:15:00,LSTM-FRO,32.494476214583884,33
2022-04-12 06:30:00,LSTM-FRO,17.959702435966392,33
2022-04-12 06:45:00,LSTM-FRO,34.52635951086342,33
2022-04-12 07:00:00,LSTM-FRO,22.825093394033726,33
2022-04-12 07:15:00,LSTM-FRO,20.33435659084727,33
2022-04-12 07:30:00,LSTM-FRO,28.781220679288744,33
2022-04-12 07:45:00,LSTM-FRO,29.828647714904502,33
2022-04-12 08:00:00,LSTM-FRO,24.539618320884554,33
2022-04-12 08:15:00,LSTM-FRO,35.98164369016711,33
2022-04-12 08:30:00,LSTM-FRO,20.85194062814816,33
2022-04-12 08:45:00,LSTM-FRO,26.370013562431765,33
2022-04-12 09:00:00,LSTM-FRO,25.218046534445957,33
2022-04-12 09:15:00,LSTM-FRO,28.866778615384455,33
2022-04-12 09:30:00,LSTM-FRO,31.32425643494433,33
2022-04-12 09:45:00,LSTM-FRO,22.67731821311256,33
2022-04-12 10:00:00,LSTM-FRO,35.030201756183544,33
2022-04-12 10:15:00,LSTM-FRO,29.67196877704027,33
2022-04-12 10:30:00,LSTM-FRO,18.16383421252884,33
2022-04-12 10:45:00,LSTM-FRO,17.862470257472392,33
2022-04-12 11:00:00,LSTM-FRO,29.116180135917016,33
2022-04-12 11:15:00,LSTM-FRO,27.630356401045187,33
2022-04-12 11:30:00,LSTM-FRO,28.457851220102988,33
2022-04-12 11:45:00,LSTM-FRO,29.001917760792498,33
2022-04-12 12:00:00,LSTM-FRO,30.90788148069315,33
2022-04-12 12:15:00,LSTM-FRO,37.050603167204464,33
2022-04-12 12:30:00,LSTM-FRO,22.097288286867382,33
2022-04-12 12:45:00,LSTM-FRO,21.762208810856578,33
2022-04-12 13:00:00,LSTM-FRO,22.196145597850673,33
2022-04-12 13:15:00,LSTM-FRO,31.403404590825055,33
2022-04-12 13:30:00,LSTM-FRO,39.92162924277659,33
2022-04-12 13:45:00,LSTM-FRO,26.20900937137871,33
2022-04-12 14:00:00,LSTM-FRO,15.585795342678667,33
2022-04-12 14:15:00,LSTM-FRO,19.041414263314675,33
2022-04-12 14:30:00,LSTM-FRO,23.694930788417985,33
2022-04-12 14:45:00,LSTM-FRO,25.390482864920276,33
2022-04-12 15:00:00,LSTM-FRO,26.360450305123443,33
2022-04-12 15:15:00,LSTM-FRO,29.49061503970285,33
2022-04-12 15:30:00,LSTM-FRO,27.007804356556292,33
2022-04-12 15:45:00,LSTM-FRO,38.00861669681528,33
2022-04-12 16:00:00,LSTM-FRO,24.647593993039383,33
2022-04-12 16:15:00,LSTM-FRO,23.521393596408622,33
2022-04-12 16:30:00,LSTM-FRO,32.93722867050508,33
2022-04-12 16:45:00,LSTM-FRO,19.86340488207909,33
2022-04-12 17:00:00,LSTM-FRO,32.20800032774689,33
2022-04-12 17:15:00,LSTM-FRO,29.968044320030366,33
2022-04-12 17:30:00,LSTM-FRO,28.14508420390921,33
2022-04-12 17:45:00,LSTM-FRO,43.51507837350641,33
2022-04-12 18:00:00,LSTM-FRO,24.982803203181685,33
2022-04-12 18:15:00,LSTM-FRO,48.98939891832179,33
2022-04-12 18:30:00,LSTM-FRO,27.59940908018354,33
2022-04-12 18:45:00,LSTM-FRO,21.195830017112964,33
2022-04-12 19:00:00,LSTM-FRO,29.72353882643087,33
2022-04-12 19:15:00,LSTM-FRO,22.291514230836356,33
2022-04-12 19:30:00,LSTM-FRO,24.183386407892076,33
2022-04-12 19:45:00,LSTM-FRO,32.26741550051566,33
2022-04-12 20:00:00,LSTM-FRO,33.57762763179477,33
2022-04-12 20:15:00,LSTM-FRO,24.983052472716498,33
2022-04-12 20:30:00,LSTM-FRO,37.422228058231134,33
2022-04-12 20:45:00,LSTM-FRO,39.054863771758384,33
2022-04-12 21:00:00,LSTM-FRO,41.88617693191334,33
2022-04-12 21:15:00,LSTM-FRO,33.35776620926507,33
2022-04-12 21:30:00,LSTM-FRO,41.12687567861216,33
2022-04-12 21:45:00,LSTM-FRO,18.214737806993323,33
2022-04-12 22:00:00,LSTM-FRO,26.966070116822156,33
2022-04-12 22:15:00,LSTM-FRO,23.49373227378588,33
2022-04-12 22:30:00,LSTM-FRO,30.09373870126968,33
2022-04-12 22:45:00,LSTM-FRO,25.303179540700736,33
2022-04-12 23:00:00,LSTM-FRO,28.013160251193685,33
2022-04-12 23:15:00,LSTM-FRO,46.84704135718994,33
2022-04-12 23:30:00,LSTM-FRO,27.988122274040723,33
2022-04-12 23:45:00,LSTM-FRO,32.403456418030956,33
2022-04-12 00:00:00,Transformer-FRO,29.8471253661877,33
2022-04-12 00:15:00,Transformer-FRO,29.31261448522393,33
2022-04-12 00:30:00,Transformer-FRO,32.87449579567624,33
2022-04-12 00:45:00,Transformer-FRO,39.5906495554372,33
2022-04-12 01:00:00,Transformer-FRO,44.861765561721924,33
2022-04-12 01:15:00,Transformer-FRO,31.71325373154743,33
2022-04-12 01:30:00,Transformer-FRO,34.100521771321404,33
2022-04-12 01:45:00,Transformer-FRO,21.71639926190958,33
2022-04-12 02:00:00,Transformer-FRO,28.607637980070326,33
2022-04-12 02:15:00,Transformer-FRO,37.34695682883357,33
2022-04-12 02:30:00,Transformer-FRO,36.63418813847883,33
2022-04-12 02:45:00,Transformer-FRO,30.91752172143159,33
2022-04-12 03:00:00,Transformer-FRO,36.828709098513514,33
2022-04-12 03:15:00,Transformer-FRO,33.238254787742925,33
2022-04-12 03:30:00,Transformer-FRO,39.95154154159697,33
2022-04-12 03:45:00,Transformer-FRO,31.547096085172907,33
2022-04-12 04:00:00,Transformer-FRO,26.688541975957218,33
2022-04-12 04:15:00,Transformer-FRO,31.92959059610153,33
2022-04-12 04:30:00,Transformer-FRO,13.689490545436932,33
2022-04-12 04:45:00,Transformer-FRO,32.32143515621833,33
2022-04-12 05:00:00,Transformer-FRO,11.364746150817032,33
2022-04-12 05:15:00,Transformer-FRO,18.720275382874014,33
2022-04-12 05:30:00,Transformer-FRO,32.9038685120914,33
2022-04-12 05:45:00,Transformer-FRO,33.12437270934824,33
2022-04-12 06:00:00,Transformer-FRO,21.651383953022986,33
2022-04-12 06:15:00,Transformer-FRO,24.332862297756495,33
2022-04-12 06:30:00,Transformer-FRO,41.75440063984303,33
2022-04-12 06:45:00,Transformer-FRO,25.815139329438175,33
2022-04-12 07:00:00,Transformer-FRO,52.35204020429939,33
2022-04-12 07:15:00,Transformer-FRO,29.25235864753319,33
2022-04-12 07:30:00,Transformer-FRO,32.53288796649869,33
2022-04-12 07:45:00,Transformer-FRO,44.50817675410626,33
2022-04-12 08:00:00,Transformer-FRO,30.27826170743675,33
2022-04-12 08:15:00,Transformer-FRO,22.568956280553124,33
2022-04-12 08:30:00,Transformer-FRO,28.446024204209923,33
2022-04-12 08:45:00,Transformer-FRO,28.997946227925386,33
2022-04-12 09:00:00,Transformer-FRO,20.544940934991605,33
2022-04-12 09:15:00,Transformer-FRO,27.38860754579936,33
2022-04-12 09:30:00,Transformer-FRO,24.143765743983497,33
2022-04-12 09:45:00,Transformer-FRO,37.19300623839971,33
2022-04-12 10:00:00,Transformer-FRO,29.530746292015994,33
2022-04-12 10:15:00,Transformer-FRO,27.197801400387657,33
2022-04-12 10:30:00,Transformer-FRO,28.472185650301544,33
2022-04-12 10:45:00,Transformer-FRO,31.009943646811344,33
2022-04-12 11:00:00,Transformer-FRO,34.34245745259534,33
2022-04-12 11:15:00,Transformer-FRO,22.584361400629106,33
2022-04-12 11:30:00,Transformer-FRO,22.340483860044127,33
2022-04-12 11:45:00,Transformer-FRO,38.97317412963645,33
2022-04-12 12:00:00,Transformer-FRO,26.299485544012164,33
2022-04-12 12:15:00,Transformer-FRO,20.26927902272556,33
2022-04-12 12:30:00,Transformer-FRO,32.83606558567021,33
2022-04-12 12:45:00,Transformer-FRO,33.00298909693102,33
2022-04-12 13:00:00,Transformer-FRO,19.679587640813622,33
2022-04-12 13:15:00,Transformer-FRO,31.06111842632462,33
2022-04-12 13:30:00,Transformer-FRO,35.41644313531444,33
2022-04-12 13:45:00,Transformer-FRO,32.25028840846232,33
2022-04-12 14:00:00,Transformer-FRO,34.4777749226089,33
2022-04-12 14:15:00,Transformer-FRO,20.335461886944277,33
2022-04-12 14:30:00,Transformer-FRO,31.889869203314202,33
2022-04-12 14:45:00,Transformer-FRO,27.058366929702267,33
2022-04-12 15:00:00,Transformer-FRO,25.82344007173928,33
2022-04-12 15:15:00,Transformer-FRO,36.67778259934436,33
2022-04-12 15:30:00,Transformer-FRO,42.94828523436411,33
2022-04-12 15:45:00,Transformer-FRO,46.60431285538126,33
2022-04-12 16:00:00,Transformer-FRO,41.155379685834646,33
2022-04-12 16:15:00,Transformer-FRO,28.44597456868801,33
2022-04-12 16:30:00,Transformer-FRO,32.069629518132174,33
2022-04-12 16:45:00,Transformer-FRO,35.704470255729035,33
2022-04-12 17:00:00,Transformer-FRO,30.201040514591632,33
2022-04-12 17:15:00,Transformer-FRO,30.27619768740419,33
2022-04-12 17:30:00,Transformer-FRO,36.23539796794841,33
2022-04-12 17:45:00,Transformer-FRO,28.820515456483093,33
2022-04-12 18:00:00,Transformer-FRO,24.224685686364186,33
2022-04-12 18:15:00,Transformer-FRO,26.284923307704094,33
2022-04-12 18:30:00,Transformer-FRO,34.495022045509955,33
2022-04-12 18:45:00,Transformer-FRO,29.289645654887966,33
2022-04-12 19:00:00,Transformer-FRO,31.965777715159433,33
2022-04-12 19:15:00,Transformer-FRO,34.82002678817429,33
2022-04-12 19:30:00,Transformer-FRO,26.556405922945633,33
2022-04-12 19:45:00,Transformer-FRO,35.60671137410218,33
2022-04-12 20:00:00,Transformer-FRO,32.2875709021695,33
2022-04-12 20:15:00,Transformer-FRO,21.248832287954457,33
2022-04-12 20:30:00,Transformer-FRO,42.538578889211536,33
2022-04-12 20:45:00,Transformer-FRO,25.703506857855736,33
2022-04-12 21:00:00,Transformer-FRO,19.055071837398366,33
2022-04-12 21:15:00,Transformer-FRO,22.320474099840077,33
2022-04-12 21:30:00,Transformer-FRO,22.459790006435842,33
2022-04-12 21:45:00,Transformer-FRO,29.665513498264325,33
2022-04-12 22:00:00,Transformer-FRO,27.260953844223543,33
2022-04-12 22:15:00,Transformer-FRO,26.819410673736737,33
2022-04-12 22:30:00,Transformer-FRO,34.36818014351587,33
2022-04-12 22:45:00,Transformer-FRO,31.963004566268307,33
2022-04-12 23:00:00,Transformer-FRO,31.766149971948245,33
2022-04-12 23:15:00,Transformer-FRO,32.548009295563915,33
2022-04-12 23:30:00,Transformer-FRO,34.33640734227736,33
2022-04-12 23:45:00,Transformer-FRO,16.944081413889332,33
2022-04-12 00:00:00,DFL-FRO,17.09764976796272,33
2022-04-12 00:15:00,DFL-FRO,31.70638306845012,33
2022-04-12 00:30:00,DFL-FRO,31.348884910188612,33
2022-04-12 00:45:00,DFL-FRO,42.006046826588445,33
2022-04-12 01:00:00,DFL-FRO,43.70275714010576,33
2022-04-12 01:15:00,DFL-FRO,33.21409034144912,33
2022-04-12 01:30:00,DFL-FRO,27.304214559726358,33
2022-04-12 01:45:00,DFL-FRO,35.933240073415945,33
2022-04-12 02:00:00,DFL-FRO,27.09535383698854,33
2022-04-12 02:15:00,DFL-FRO,31.377203696701176,33
2022-04-12 02:30:00,DFL-FRO,41.31652487370312,33
2022-04-12 02:45:00,DFL-FRO,26.870884826977836,33
2022-04-12 03:00:00,DFL-FRO,39.290270458860796,33
2022-04-12 03:15:00,DFL-FRO,37.91063508251283,33
2022-04-12 03:30:00,DFL-FRO,24.05664366264669,33
2022-04-12 03:45:00,DFL-FRO,41.175819478120815,33
2022-04-12 04:00:00,DFL-FRO,38.13488310128085,33
2022-04-12 04:15:00,DFL-FRO,32.29369359977964,33
2022-04-12 04:30:00,DFL-FRO,25.382086562112367,33
2022-04-12 04:45:00,DFL-FRO,24.70601562835086,33
2022-04-12 05:00:00,DFL-FRO,27.021876585595216,33
2022-04-12 05:15:00,DFL-FRO,36.51294751666597,33
2022-04-12 05:30:00,DFL-FRO,24.051057923595582,33
2022-04-12 05:45:00,DFL-FRO,35.459284791787496,33
2022-04-12 06:00:00,DFL-FRO,22.20787670335401,33
2022-04-12 06:15:00,DFL-FRO,29.65422943671227,33
2022-04-12 06:30:00,DFL-FRO,32.36325620354699,33
2022-04-12 06:45:00,DFL-FRO,62.042520931595114,33
2022-04-12 07:00:00,DFL-FRO,21.384628834332023,33
2022-04-12 07:15:00,DFL-FRO,47.30686601684204,33
2022-04-12 07:30:00,DFL-FRO,32.727777948172665,33
2022-04-12 07:45:00,DFL-FRO,35.19997030341539,33
2022-04-12 08:00:00,DFL-FRO,32.44181130444252,33
2022-04-12 08:15:00,DFL-FRO,35.530643252204875,33
2022-04-12 08:30:00,DFL-FRO,30.07350108608087,33
2022-04-12 08:45:00,DFL-FRO,47.070645060432106,33
2022-04-12 09:00:00,DFL-FRO,27.640200820689238,33
2022-04-12 09:15:00,DFL-FRO,43.03327692145558,33
2022-04-12 09:30:00,DFL-FRO,26.23023930096797,33
2022-04-12 09:45:00,DFL-FRO,30.866768820860127,33
2022-04-12 10:00:00,DFL-FRO,23.28387055118718,33
2022-04-12 10:15:00,DFL-FRO,35.632737509835,33
2022-04-12 10:30:00,DFL-FRO,46.95373572215215,33
2022-04-12 10:45:00,DFL-FRO,30.720000876083663,33
2022-04-12 11:00:00,DFL-FRO,29.713643431948807,33
2022-04-12 11:15:00,DFL-FRO,23.008758801682053,33
2022-04-12 11:30:00,DFL-FRO,29.446525444765044,33
2022-04-12 11:45:00,DFL-FRO,20.138390569408188,33
2022-04-12 12:00:00,DFL-FRO,24.339261446959302,33
2022-04-12 12:15:00,DFL-FRO,33.43706459764813,33
2022-04-12 12:30:00,DFL-FRO,45.332340191939,33
2022-04-12 12:45:00,DFL-FRO,68.6673107418282,33
2022-04-12 13:00:00,DFL-FRO,26.655999034248826,33
2022-04-12 13:15:00,DFL-FRO,46.8253513630197,33
2022-04-12 13:30:00,DFL-FRO,33.595522611533546,33
2022-04-12 13:45:00,DFL-FRO,30.093934315538462,33
2022-04-12 14:00:00,DFL-FRO,35.41072559746114,33
2022-04-12 14:15:00,DFL-FRO,31.93565524314314,33
2022-04-12 14:30:00,DFL-FRO,32.37000227139717,33
2022-04-12 14:45:00,DFL-FRO,28.013462646511314,33
2022-04-12 15:00:00,DFL-FRO,21.261076580490506,33
2022-04-12 15:15:00,DFL-FRO,20.41621067902131,33
2022-04-12 15:30:00,DFL-FRO,37.656302275255655,33
2022-04-12 15:45:00,DFL-FRO,29.060084136234405,33
2022-04-12 16:00:00,DFL-FRO,26.585499470897176,33
2022-04-12 16:15:00,DFL-FRO,31.463868233338637,33
2022-04-12 16:30:00,DFL-FRO,39.17278994866825,33
2022-04-12 16:45:00,DFL-FRO,33.007315016416264,33
2022-04-12 17:00:00,DFL-FRO,26.144949508970857,33
2022-04-12 17:15:00,DFL-FRO,44.17608743292042,33
2022-04-12 17:30:00,DFL-FRO,48.74093697644481,33
2022-04-12 17:45:00,DFL-FRO,36.02744103742071,33
2022-04-12 18:00:00,DFL-FRO,41.173173490378794,33
2022-04-12 18:15:00,DFL-FRO,44.36936926464565,33
2022-04-12 18:30:00,DFL-FRO,43.00767965565877,33
2022-04-12 18:45:00,DFL-FRO,37.24777249049255,33
2022-04-12 19:00:00,DFL-FRO,37.08463444959909,33
2022-04-12 19:15:00,DFL-FRO,36.28034945473087,33
2022-04-12 19:30:00,DFL-FRO,23.11981261554782,33
2022-04-12 19:45:00,DFL-FRO,38.15780938025922,33
2022-04-12 20:00:00,DFL-FRO,21.513141033184137,33
2022-04-12 20:15:00,DFL-FRO,25.154826090857235,33
2022-04-12 20:30:00,DFL-FRO,45.137616819453335,33
2022-04-12 20:45:00,DFL-FRO,39.670273192521904,33
2022-04-12 21:00:00,DFL-FRO,47.5100948288225,33
2022-04-12 21:15:00,DFL-FRO,29.100809649851474,33
2022-04-12 21:30:00,DFL-FRO,22.76874155733552,33
2022-04-12 21:45:00,DFL-FRO,29.355221273644986,33
2022-04-12 22:00:00,DFL-FRO,32.29464217946416,33
2022-04-12 22:15:00,DFL-FRO,32.08794407073775,33
2022-04-12 22:30:00,DFL-FRO,43.05061897795659,33
2022-04-12 22:45:00,DFL-FRO,28.383259560877377,33
2022-04-12 23:00:00,DFL-FRO,34.62466303914643,33
2022-04-12 23:15:00,DFL-FRO,23.83089344060313,33
2022-04-12 23:30:00,DFL-FRO,35.58603656939879,33
2022-04-12 23:45:00,DFL-FRO,31.416584407379556,33
2022-04-12 00:00:00,CVaR-DFL-FRO,33.01567836655545,33
2022-04-12 00:15:00,CVaR-DFL-FRO,33.54900773535549,33
2022-04-12 00:30:00,CVaR-DFL-FRO,32.66595850840611,33
2022-04-12 00:45:00,CVaR-DFL-FRO,61.53931482538117,33
2022-04-12 01:00:00,CVaR-DFL-FRO,34.453259783167006,33
2022-04-12 01:15:00,CVaR-DFL-FRO,32.9331571592782,33
2022-04-12 01:30:00,CVaR-DFL-FRO,18.530966503264793,33
2022-04-12 01:45:00,CVaR-DFL-FRO,26.916270255405788,33
2022-04-12 02:00:00,CVaR-DFL-FRO,32.73780417218265,33
2022-04-12 02:15:00,CVaR-DFL-FRO,28.71356808809348,33
2022-04-12 02:30:00,CVaR-DFL-FRO,54.532585013761235,33
2022-04-12 02:45:00,CVaR-DFL-FRO,33.74983642872709,33
2022-04-12 03:00:00,CVaR-DFL-FRO,52.97737315757171,33
2022-04-12 03:15:00,CVaR-DFL-FRO,36.2082820464071,33
2022-04-12 03:30:00,CVaR-DFL-FRO,35.934373984037755,33
2022-04-12 03:45:00,CVaR-DFL-FRO,34.55655446914807,33
2022-04-12 04:00:00,CVaR-DFL-FRO,35.56360192685422,33
2022-04-12 04:15:00,CVaR-DFL-FRO,60.54425448472384,33
2022-04-12 04:30:00,CVaR-DFL-FRO,17.2968008075292,33
2022-04-12 04:45:00,CVaR-DFL-FRO,19.09060461771627,33
2022-04-12 05:00:00,CVaR-DFL-FRO,30.01311959487012,33
2022-04-12 05:15:00,CVaR-DFL-FRO,35.68220194937919,33
2022-04-12 05:30:00,CVaR-DFL-FRO,44.00218139358203,33
2022-04-12 05:45:00,CVaR-DFL-FRO,41.13720595533323,33
2022-04-12 06:00:00,CVaR-DFL-FRO,31.52997269781434,33
2022-04-12 06:15:00,CVaR-DFL-FRO,48.729643372576795,33
2022-04-12 06:30:00,CVaR-DFL-FRO,48.8985226411693,33
2022-04-12 06:45:00,CVaR-DFL-FRO,37.609100983490336,33
2022-04-12 07:00:00,CVaR-DFL-FRO,47.884631869519254,33
2022-04-12 07:15:00,CVaR-DFL-FRO,38.65704175811995,33
2022-04-12 07:30:00,CVaR-DFL-FRO,29.843096198219566,33
2022-04-12 07:45:00,CVaR-DFL-FRO,44.10758959203899,33
2022-04-12 08:00:00,CVaR-DFL-FRO,36.76186320251579,33
2022-04-12 08:15:00,CVaR-DFL-FRO,35.536510592629995,33
2022-04-12 08:30:00,CVaR-DFL-FRO,56.09833141699427,33
2022-04-12 08:45:00,CVaR-DFL-FRO,16.60659219998677,33
2022-04-12 09:00:00,CVaR-DFL-FRO,22.881537133075295,33
2022-04-12 09:15:00,CVaR-DFL-FRO,24.57856445651189,33
2022-04-12 09:30:00,CVaR-DFL-FRO,31.735913644632717,33
2022-04-12 09:45:00,CVaR-DFL-FRO,32.82389366501157,33
2022-04-12 10:00:00,CVaR-DFL-FRO,22.25397095232516,33
2022-04-12 10:15:00,CVaR-DFL-FRO,26.167414147468225,33
2022-04-12 10:30:00,CVaR-DFL-FRO,27.196332534777955,33
2022-04-12 10:45:00,CVaR-DFL-FRO,76.13612417307807,33
2022-04-12 11:00:00,CVaR-DFL-FRO,62.12245920370812,33
2022-04-12 11:15:00,CVaR-DFL-FRO,31.26208651816451,33
2022-04-12 11:30:00,CVaR-DFL-FRO,31.732737199641747,33
2022-04-12 11:45:00,CVaR-DFL-FRO,24.86900314660359,33
2022-04-12 12:00:00,CVaR-DFL-FRO,19.651957922796747,33
2022-04-12 12:15:00,CVaR-DFL-FRO,34.25678665638024,33
2022-04-12 12:30:00,CVaR-DFL-FRO,26.06456683926943,33
2022-04-12 12:45:00,CVaR-DFL-FRO,34.59888310756435,33
2022-04-12 13:00:00,CVaR-DFL-FRO,21.621881066227996,33
2022-04-12 13:15:00,CVaR-DFL-FRO,28.043423812575504,33
2022-04-12 13:30:00,CVaR-DFL-FRO,37.197971485266336,33
2022-04-12 13:45:00,CVaR-DFL-FRO,39.79557962083557,33
2022-04-12 14:00:00,CVaR-DFL-FRO,40.43352215472133,33
2022-04-12 14:15:00,CVaR-DFL-FRO,23.581998657299806,33
2022-04-12 14:30:00,CVaR-DFL-FRO,46.30722601479039,33
2022-04-12 14:45:00,CVaR-DFL-FRO,27.71272368604517,33
2022-04-12 15:00:00,CVaR-DFL-FRO,43.22760794966579,33
2022-04-12 15:15:00,CVaR-DFL-FRO,35.40469659323136,33
2022-04-12 15:30:00,CVaR-DFL-FRO,23.176573397064452,33
2022-04-12 15:45:00,CVaR-DFL-FRO,32.20267467275128,33
2022-04-12 16:00:00,CVaR-DFL-FRO,39.785138086578996,33
2022-04-12 16:15:00,CVaR-DFL-FRO,42.96165666849856,33
2022-04-12 16:30:00,CVaR-DFL-FRO,34.001534316432355,33
2022-04-12 16:45:00,CVaR-DFL-FRO,57.131504995176506,33
2022-04-12 17:00:00,CVaR-DFL-FRO,48.555604576970225,33
2022-04-12 17:15:00,CVaR-DFL-FRO,32.80306618381883,33
2022-04-12 17:30:00,CVaR-DFL-FRO,44.82915358597483,33
2022-04-12 17:45:00,CVaR-DFL-FRO,64.72027590558945,33
2022-04-12 18:00:00,CVaR-DFL-FRO,65.25841753540344,33
2022-04-12 18:15:00,CVaR-DFL-FRO,24.2684455216811,33
2022-04-12 18:30:00,CVaR-DFL-FRO,26.647687619849926,33
2022-04-12 18:45:00,CVaR-DFL-FRO,56.306956687400906,33
2022-04-12 19:00:00,CVaR-DFL-FRO,25.58048137848981,33
2022-04-12 19:15:00,CVaR-DFL-FRO,23.566990013043206,33
2022-04-12 19:30:00,CVaR-DFL-FRO,30.54835223030673,33
2022-04-12 19:45:00,CVaR-DFL-FRO,40.46809217597052,33
2022-04-12 20:00:00,CVaR-DFL-FRO,34.4110581848341,33
2022-04-12 20:15:00,CVaR-DFL-FRO,29.02964796457012,33
2022-04-12 20:30:00,CVaR-DFL-FRO,28.817445881576646,33
2022-04-12 20:45:00,CVaR-DFL-FRO,28.478613277387087,33
2022-04-12 21:00:00,CVaR-DFL-FRO,27.03928173240596,33
2022-04-12 21:15:00,CVaR-DFL-FRO,72.09511838862964,33
2022-04-12 21:30:00,CVaR-DFL-FRO,38.95640437252493,33
2022-04-12 21:45:00,CVaR-DFL-FRO,46.77029466081535,33
2022-04-12 22:00:00,CVaR-DFL-FRO,30.521038613935897,33
2022-04-12 22:15:00,CVaR-DFL-FRO,33.53047681894586,33
2022-04-12 22:30:00,CVaR-DFL-FRO,28.46786378447026,33
2022-04-12 22:45:00,CVaR-DFL-FRO,15.603471246272965,33
2022-04-12 23:00:00,CVaR-DFL-FRO,23.164915465684278,33
2022-04-12 23:15:00,CVaR-DFL-FRO,20.255542962808647,33
2022-04-12 23:30:00,CVaR-DFL-FRO,17.675584712807456,33
2022-04-12 23:45:00,CVaR-DFL-FRO,24.51544447124958,33
2022-04-12 04:30:00,CVaR-DFL-RTRO,31.50511221305684,33
2022-04-12 06:30:00,CVaR-DFL-RTRO,71.16946664118304,33
2022-04-12 09:45:00,CVaR-DFL-RTRO,36.33930043197385,33
2022-04-12 14:45:00,CVaR-DFL-RTRO,58.62736674380473,33
2022-04-12 15:30:00,CVaR-DFL-RTRO,43.58430469784761,33
2022-04-12 15:45:00,CVaR-DFL-RTRO,37.67385006164232,33
2022-04-12 17:00:00,CVaR-DFL-RTRO,24.66510890231407,33
2022-04-12 17:45:00,CVaR-DFL-RTRO,40.52781549311988,33
2022-04-12 22:45:00,CVaR-DFL-RTRO,26.595919485829846,33
2022-04-12 23:00:00,CVaR-DFL-RTRO,57.26310158362951,33
2022-04-13 00:00:00,LSTM-FRO,23.863129733966833,33
2022-04-13 00:15:00,LSTM-FRO,31.44367495989007,33
2022-04-13 00:30:00,LSTM-FRO,24.29544358270758,33
2022-04-13 00:45:00,LSTM-FRO,24.893738523086537,33
2022-04-13 01:00:00,LSTM-FRO,35.40383912165247,33
2022-04-13 01:15:00,LSTM-FRO,28.867502120845227,33
2022-04-13 01:30:00,LSTM-FRO,45.11037922293052,33
2022-04-13 01:45:00,LSTM-FRO,25.824701906483558,33
2022-04-13 02:00:00,LSTM-FRO,37.45965572372,33
2022-04-13 02:15:00,LSTM-FRO,29.869735488169162,33
2022-04-13 02:30:00,LSTM-FRO,35.59350669918556,33
2022-04-13 02:45:00,LSTM-FRO,26.053097192273313,33
2022-04-13 03:00:00,LSTM-FRO,28.78774751137026,33
2022-04-13 03:15:00,LSTM-FRO,28.315129551057996,33
2022-04-13 03:30:00,LSTM-FRO,23.62976947288447,33
2022-04-13 03:45:00,LSTM-FRO,34.4187014000041,33
2022-04-13 04:00:00,LSTM-FRO,34.31661447517481,33
2022-04-13 04:15:00,LSTM-FRO,33.83166114052763,33
2022-04-13 04:30:00,LSTM-FRO,42.872516144784605,33
2022-04-13 04:45:00,LSTM-FRO,41.939773817933954,33
2022-04-13 05:00:00,LSTM-FRO,26.52970367418145,33
2022-04-13 05:15:00,LSTM-FRO,32.00980197405269,33
2022-04-13 05:30:00,LSTM-FRO,24.924279196521812,33
2022-04-13 05:45:00,LSTM-FRO,29.319541295245006,33
2022-04-13 06:00:00,LSTM-FRO,25.073963872521126,33
2022-04-13 06:15:00,LSTM-FRO,43.77634329145709,33
2022-04-13 06:30:00,LSTM-FRO,31.934722492885175,33
2022-04-13 06:45:00,LSTM-FRO,27.59562046273805,33
2022-04-13 07:00:00,LSTM-FRO,39.33194819688837,33
2022-04-13 07:15:00,LSTM-FRO,16.902808999245178,33
2022-04-13 07:30:00,LSTM-FRO,17.580156566301326,33
2022-04-13 07:45:00,LSTM-FRO,35.59404859452412,33
2022-04-13 08:00:00,LSTM-FRO,29.59398445428627,33
2022-04-13 08:15:00,LSTM-FRO,31.039579642645407,33
2022-04-13 08:30:00,LSTM-FRO,20.892967848792143,33
2022-04-13 08:45:00,LSTM-FRO,28.978625971982403,33
2022-04-13 09:00:00,LSTM-FRO,48.19966717513184,33
2022-04-13 09:15:00,LSTM-FRO,35.84837313069013,33
2022-04-13 09:30:00,LSTM-FRO,30.41677436812122,33
2022-04-13 09:45:00,LSTM-FRO,26.106152642384053,33
2022-04-13 10:00:00,LSTM-FRO,26.39930132479068,33
2022-04-13 10:15:00,LSTM-FRO,17.079472015830742,33
2022-04-13 10:30:00,LSTM-FRO,31.095688148593457,33
2022-04-13 10:45:00,LSTM-FRO,36.04042384653187,33
2022-04-13 11:00:00,LSTM-FRO,19.625851233287616,33
2022-04-13 11:15:00,LSTM-FRO,24.68878314787067,33
2022-04-13 11:30:00,LSTM-FRO,21.798064736282868,33
2022-04-13 11:45:00,LSTM-FRO,22.875108392504888,33
2022-04-13 12:00:00,LSTM-FRO,29.54212294059667,33
2022-04-13 12:15:00,LSTM-FRO,17.272623588568344,33
2022-04-13 12:30:00,LSTM-FRO,34.00806030827556,33
2022-04-13 12:45:00,LSTM-FRO,35.22087301788461,33
2022-04-13 13:00:00,LSTM-FRO,27.36744914761831,33
2022-04-13 13:15:00,LSTM-FRO,15.63690849813265,33
2022-04-13 13:30:00,LSTM-FRO,22.697395488010645,33
2022-04-13 13:45:00,LSTM-FRO,39.72174676216746,33
2022-04-13 14:00:00,LSTM-FRO,14.512399607330465,33
2022-04-13 14:15:00,LSTM-FRO,26.71295987361614,33
2022-04-13 14:30:00,LSTM-FRO,21.675090937052506,33
2022-04-13 14:45:00,LSTM-FRO,35.67215605642304,33
2022-04-13 15:00:00,LSTM-FRO,24.60403630748758,33
2022-04-13 15:15:00,LSTM-FRO,32.25908570757602,33
2022-04-13 15:30:00,LSTM-FRO,33.59389309058109,33
2022-04-13 15:45:00,LSTM-FRO,46.21744149453641,33
2022-04-13 16:00:00,LSTM-FRO,27.700336690885724,33
2022-04-13 16:15:00,LSTM-FRO,32.033854353562155,33
2022-04-13 16:30:00,LSTM-FRO,20.07715870557226,33
2022-04-13 16:45:00,LSTM-FRO,39.300315015103195,33
2022-04-13 17:00:00,LSTM-FRO,24.082199854347795,33
2022-04-13 17:15:00,LSTM-FRO,25.3206277142992,33
2022-04-13 17:30:00,LSTM-FRO,28.985799195717842,33
2022-04-13 17:45:00,LSTM-FRO,19.688695282625655,33
2022-04-13 18:00:00,LSTM-FRO,30.8711330459087,33
2022-04-13 18:15:00,LSTM-FRO,37.161149479688525,33
2022-04-13 18:30:00,LSTM-FRO,31.372421807709603,33
2022-04-13 18:45:00,LSTM-FRO,19.560539950439935,33
2022-04-13 19:00:00,LSTM-FRO,28.256118785513642,33
2022-04-13 19:15:00,LSTM-FRO,35.11646291288469,33
2022-04-13 19:30:00,LSTM-FRO,18.19125190120091,33
2022-04-13 19:45:00,LSTM-FRO,22.25533718780772,33
2022-04-13 20:00:00,LSTM-FRO,36.322544893569045,33
2022-04-13 20:15:00,LSTM-FRO,31.193067398705512,33
2022-04-13 20:30:00,LSTM-FRO,32.324079878236844,33
2022-04-13 20:45:00,LSTM-FRO,46.488208048131106,33
2022-04-13 21:00:00,LSTM-FRO,32.78649205851288,33
2022-04-13 21:15:00,LSTM-FRO,34.38248644290484,33
2022-04-13 21:30:00,LSTM-FRO,57.56395961370299,33
2022-04-13 21:45:00,LSTM-FRO,27.624902137626172,33
2022-04-13 22:00:00,LSTM-FRO,23.857308932662107,33
2022-04-13 22:15:00,LSTM-FRO,32.45274792494455,33
2022-04-13 22:30:00,LSTM-FRO,32.544078161570226,33
2022-04-13 22:45:00,LSTM-FRO,25.53792191943739,33
2022-04-13 23:00:00,LSTM-FRO,22.493315265944037,33
2022-04-13 23:15:00,LSTM-FRO,52.05258498304165,33
2022-04-13 23:30:00,LSTM-FRO,31.640625069310403,33
2022-04-13 23:45:00,LSTM-FRO,24.253433413375383,33
2022-04-13 00:00:00,Transformer-FRO,30.291182110425666,33
2022-04-13 00:15:00,Transformer-FRO,29.18309017097122,33
2022-04-13 00:30:00,Transformer-FRO,36.05114011147005,33
2022-04-13 00:45:00,Transformer-FRO,22.291436862136024,33
2022-04-13 01:00:00,Transformer-FRO,34.14385506360179,33
2022-04-13 01:15:00,Transformer-FRO,51.16912935015694,33
2022-04-13 01:30:00,Transformer-FRO,35.164020449709135,33
2022-04-13 01:45:00,Transformer-FRO,28.264677900988556,33
2022-04-13 02:00:00,Transformer-FRO,27.321544849889428,33
2022-04-13 02:15:00,Transformer-FRO,28.015681151590726,33
2022-04-13 02:30:00,Transformer-FRO,29.174910239686426,33
2022-04-13 02:45:00,Transformer-FRO,28.252995827788162,33
2022-04-13 03:00:00,Transformer-FRO,39.51703332405739,33
2022-04-13 03:15:00,Transformer-FRO,19.881261166256404,33
2022-04-13 03:30:00,Transformer-FRO,38.96447065927844,33
2022-04-13 03:45:00,Transformer-FRO,28.239227689367482,33
2022-04-13 04:00:00,Transformer-FRO,34.359836771631976,33
2022-04-13 04:15:00,Transformer-FRO,23.265127720035277,33
2022-04-13 04:30:00,Transformer-FRO,43.97564379497944,33
2022-04-13 04:45:00,Transformer-FRO,43.03944942458995,33
2022-04-13 05:00:00,Transformer-FRO,39.96295829870085,33
2022-04-13 05:15:00,Transformer-FRO,21.039831120291836,33
2022-04-13 05:30:00,Transformer-FRO,38.63372223915935,33
2022-04-13 05:45:00,Transformer-FRO,34.60935458965918,33
2022-04-13 06:00:00,Transformer-FRO,20.551803785109655,33
2022-04-13 06:15:00,Transformer-FRO,30.96493845720309,33
2022-04-13 06:30:00,Transformer-FRO,34.24942890854693,33
2022-04-13 06:45:00,Transformer-FRO,35.99325671602919,33
2022-04-13 07:00:00,Transformer-FRO,32.626168172987555,33
2022-04-13 07:15:00,Transformer-FRO,33.60464306671325,33
2022-04-13 07:30:00,Transformer-FRO,45.66013918385677,33
2022-04-13 07:45:00,Transformer-FRO,42.821275205354596,33
2022-04-13 08:00:00,Transformer-FRO,14.817366024184958,33
2022-04-13 08:15:00,Transformer-FRO,28.69868779186222,33
2022-04-13 08:30:00,Transformer-FRO,29.85837501393519,33
2022-04-13 08:45:00,Transformer-FRO,19.78412944109068,33
2022-04-13 09:00:00,Transformer-FRO,31.930911437998475,33
2022-04-13 09:15:00,Transformer-FRO,43.07431114998928,33
2022-04-13 09:30:00,Transformer-FRO,23.510226095589942,33
2022-04-13 09:45:00,Transformer-FRO,34.0005114455854,33
2022-04-13 10:00:00,Transformer-FRO,24.57439903729547,33
2022-04-13 10:15:00,Transformer-FRO,26.178679719581027,33
2022-04-13 10:30:00,Transformer-FRO,45.70493732196335,33
2022-04-13 10:45:00,Transformer-FRO,27.07155717648003,33
2022-04-13 11:00:00,Transformer-FRO,35.12788795644508,33
2022-04-13 11:15:00,Transformer-FRO,19.182441696924037,33
2022-04-13 11:30:00,Transformer-FRO,50.50172231934524,33
2022-04-13 11:45:00,Transformer-FRO,36.4305569464298,33
2022-04-13 12:00:00,Transformer-FRO,29.7205171602328,33
2022-04-13 12:15:00,Transformer-FRO,36.17542461338582,33
2022-04-13 12:30:00,Transformer-FRO,21.620122157427065,33
2022-04-13 12:45:00,Transformer-FRO,42.34099577241755,33
2022-04-13 13:00:00,Transformer-FRO,28.650019663637554,33
2022-04-13 13:15:00,Transformer-FRO,29.554769824592295,33
2022-04-13 13:30:00,Transformer-FRO,27.43120653634993,33
2022-04-13 13:45:00,Transformer-FRO,26.805495336161176,33
2022-04-13 14:00:00,Transformer-FRO,37.310168345412414,33
2022-04-13 14:15:00,Transformer-FRO,33.298270894720446,33
2022-04-13 14:30:00,Transformer-FRO,36.89725582080851,33
2022-04-13 14:45:00,Transformer-FRO,31.089651242857162,33
2022-04-13 15:00:00,Transformer-FRO,35.595352312398774,33
2022-04-13 15:15:00,Transformer-FRO,27.953943585168076,33
2022-04-13 15:30:00,Transformer-FRO,55.54917921444238,33
2022-04-13 15:45:00,Transformer-FRO,20.751743194609542,33
2022-04-13 16:00:00,Transformer-FRO,43.21054843900037,33
2022-04-13 16:15:00,Transformer-FRO,44.425752425966024,33
2022-04-13 16:30:00,Transformer-FRO,24.983406451579526,33
2022-04-13 16:45:00,Transformer-FRO,55.54257993308678,33
2022-04-13 17:00:00,Transformer-FRO,40.336666272131176,33
2022-04-13 17:15:00,Transformer-FRO,40.08279595785258,33
2022-04-13 17:30:00,Transformer-FRO,31.387844438841764,33
2022-04-13 17:45:00,Transformer-FRO,29.45412472656015,33
2022-04-13 18:00:00,Transformer-FRO,29.513883998583918,33
2022-04-13 18:15:00,Transformer-FRO,34.481054503822314,33
2022-04-13 18:30:00,Transformer-FRO,44.81073246190794,33
2022-04-13 18:45:00,Transformer-FRO,32.66046985105106,33
2022-04-13 19:00:00,Transformer-FRO,24.60232123754991,33
2022-04-13 19:15:00,Transformer-FRO,38.58673210760549,33
2022-04-13 19:30:00,Transformer-FRO,39.56664687495327,33
2022-04-13 19:45:00,Transformer-FRO,36.9251182132783,33
2022-04-13 20:00:00,Transformer-FRO,37.805114593550265,33
2022-04-13 20:15:00,Transformer-FRO,29.046859934937984,33
2022-04-13 20:30:00,Transformer-FRO,24.490656528747486,33
2022-04-13 20:45:00,Transformer-FRO,24.8797566508406,33
2022-04-13 21:00:00,Transformer-FRO,20.39155173649858,33
2022-04-13 21:15:00,Transformer-FRO,33.134998332634076,33
2022-04-13 21:30:00,Transformer-FRO,30.493668562115765,33
2022-04-13 21:45:00,Transformer-FRO,27.801152651257038,33
2022-04-13 22:00:00,Transformer-FRO,14.481000567853783,33
2022-04-13 22:15:00,Transformer-FRO,22.55049779842296,33
2022-04-13 22:30:00,Transformer-FRO,41.66915188666942,33
2022-04-13 22:45:00,Transformer-FRO,26.228180159349638,33
2022-04-13 23:00:00,Transformer-FRO,34.21443456591448,33
2022-04-13 23:15:00,Transformer-FRO,21.72764532853158,33
2022-04-13 23:30:00,Transformer-FRO,45.24876890235385,33
2022-04-13 23:45:00,Transformer-FRO,30.018458984700764,33
2022-04-13 00:00:00,DFL-FRO,62.55595932436041,33
2022-04-13 00:15:00,DFL-FRO,49.925610968690606,33
2022-04-13 00:30:00,DFL-FRO,30.040382891437808,33
2022-04-13 00:45:00,DFL-FRO,27.73415119984724,33
2022-04-13 01:00:00,DFL-FRO,29.88192705312163,33
2022-04-13 01:15:00,DFL-FRO,37.714896784296265,33
2022-04-13 01:30:00,DFL-FRO,31.773976099320663,33
2022-04-13 01:45:00,DFL-FRO,29.307157432502144,33
2022-04-13 02:00:00,DFL-FRO,49.24500007867073,33
2022-04-13 02:15:00,DFL-FRO,31.69451563435251,33
2022-04-13 02:30:00,DFL-FRO,62.10107559024132,33
2022-04-13 02:45:00,DFL-FRO,33.55731578780229,33
2022-04-13 03:00:00,DFL-FRO,53.80996514947101,33
2022-04-13 03:15:00,DFL-FRO,36.14498263914628,33
2022-04-13 03:30:00,DFL-FRO,42.78996904741471,33
2022-04-13 03:45:00,DFL-FRO,26.737088697919233,33
2022-04-13 04:00:00,DFL-FRO,25.79198472787939,33
2022-04-13 04:15:00,DFL-FRO,37.19107343835858,33
2022-04-13 04:30:00,DFL-FRO,43.096218643307196,33
2022-04-13 04:45:00,DFL-FRO,33.08852846253854,33
2022-04-13 05:00:00,DFL-FRO,22.862720729295933,33
2022-04-13 05:15:00,DFL-FRO,22.396948718995496,33
2022-04-13 05:30:00,DFL-FRO,21.98342506893223,33
2022-04-13 05:45:00,DFL-FRO,19.993562879393366,33
2022-04-13 06:00:00,DFL-FRO,33.73303718433615,33
2022-04-13 06:15:00,DFL-FRO,44.76690819408928,33
2022-04-13 06:30:00,DFL-FRO,32.59733521062741,33
2022-04-13 06:45:00,DFL-FRO,17.428219832564526,33
2022-04-13 07:00:00,DFL-FRO,31.02559098919304,33
2022-04-13 07:15:00,DFL-FRO,31.268275157475923,33
2022-04-13 07:30:00,DFL-FRO,58.67604969892298,33
2022-04-13 07:45:00,DFL-FRO,21.800407482065793,33
2022-04-13 08:00:00,DFL-FRO,29.34447436968446,33
2022-04-13 08:15:00,DFL-FRO,52.63151449623179,33
2022-04-13 08:30:00,DFL-FRO,37.09039765902261,33
2022-04-13 08:45:00,DFL-FRO,38.28045757435887,33
2022-04-13 09:00:00,DFL-FRO,33.781002145190946,33
2022-04-13 09:15:00,DFL-FRO,35.87030128501627,33
2022-04-13 09:30:00,DFL-FRO,40.63600598731723,33
2022-04-13 09:45:00,DFL-FRO,26.112149025926428,33
2022-04-13 10:00:00,DFL-FRO,41.78950594490107,33
2022-04-13 10:15:00,DFL-FRO,22.3175498533684,33
2022-04-13 10:30:00,DFL-FRO,35.85455621141399,33
2022-04-13 10:45:00,DFL-FRO,34.39035616076969,33
2022-04-13 11:00:00,DFL-FRO,27.55640914471614,33
2022-04-13 11:15:00,DFL-FRO,32.5132449797443,33
2022-04-13 11:30:00,DFL-FRO,27.508481166117228,33
2022-04-13 11:45:00,DFL-FRO,24.27222983780431,33
2022-04-13 12:00:00,DFL-FRO,29.64910832402916,33
2022-04-13 12:15:00,DFL-FRO,24.054830733613194,33
2022-04-13 12:30:00,DFL-FRO,35.7989439394237,33
2022-04-13 12:45:00,DFL-FRO,23.74781842914648,33
2022-04-13 13:00:00,DFL-FRO,39.899573172164246,33
2022-04-13 13:15:00,DFL-FRO,23.54097834411078,33
2022-04-13 13:30:00,DFL-FRO,27.943020030842376,33
2022-04-13 13:45:00,DFL-FRO,27.492670023895023,33
2022-04-13 14:00:00,DFL-FRO,47.33401000443655,33
2022-04-13 14:15:00,DFL-FRO,35.87376395454594,33
2022-04-13 14:30:00,DFL-FRO,30.84479545813938,33
2022-04-13 14:45:00,DFL-FRO,37.59759608486546,33
2022-04-13 15:00:00,DFL-FRO,18.1884553429263,33
2022-04-13 15:15:00,DFL-FRO,32.32850982341473,33
2022-04-13 15:30:00,DFL-FRO,57.087678842675906,33
2022-04-13 15:45:00,DFL-FRO,33.9486159397012,33
2022-04-13 16:00:00,DFL-FRO,33.34451687719704,33
2022-04-13 16:15:00,DFL-FRO,38.11882342570588,33
2022-04-13 16:30:00,DFL-FRO,41.99433540894559,33
2022-04-13 16:45:00,DFL-FRO,18.753169660190803,33
2022-04-13 17:00:00,DFL-FRO,20.4744651642718,33
2022-04-13 17:15:00,DFL-FRO,34.69403846814274,33
2022-04-13 17:30:00,DFL-FRO,26.80971349228748,33
2022-04-13 17:45:00,DFL-FRO,47.16125509399665,33
2022-04-13 18:00:00,DFL-FRO,29.968405824984135,33
2022-04-13 18:15:00,DFL-FRO,19.08495390381062,33
2022-04-13 18:30:00,DFL-FRO,22.98011333038363,33
2022-04-13 18:45:00,DFL-FRO,15.206988912921405,33
2022-04-13 19:00:00,DFL-FRO,30.652935705139726,33
2022-04-13 19:15:00,DFL-FRO,31.046142304601542,33
2022-04-13 19:30:00,DFL-FRO,29.06950939609284,33
2022-04-13 19:45:00,DFL-FRO,44.19470948406827,33
2022-04-13 20:00:00,DFL-FRO,45.69293620340378,33
2022-04-13 20:15:00,DFL-FRO,31.202217647658333,33
2022-04-13 20:30:00,DFL-FRO,18.04960249685127,33
2022-04-13 20:45:00,DFL-FRO,38.86049453637161,33
2022-04-13 21:00:00,DFL-FRO,38.19571786747361,33
2022-04-13 21:15:00,DFL-FRO,35.665461690289,33
2022-04-13 21:30:00,DFL-FRO,43.011356574973235,33
2022-04-13 21:45:00,DFL-FRO,23.650459775163228,33
2022-04-13 22:00:00,DFL-FRO,57.266782399767564,33
2022-04-13 22:15:00,DFL-FRO,25.0436073805462,33
2022-04-13 22:30:00,DFL-FRO,40.315839133418386,33
2022-04-13 22:45:00,DFL-FRO,20.445837505360434,33
2022-04-13 23:00:00,DFL-FRO,25.24795253835642,33
2022-04-13 23:15:00,DFL-FRO,49.924616907232675,33
2022-04-13 23:30:00,DFL-FRO,30.425090795210533,33
2022-04-13 23:45:00,DFL-FRO,41.34776771409237,33
2022-04-13 00:00:00,CVaR-DFL-FRO,37.298638665530156,33
2022-04-13 00:15:00,CVaR-DFL-FRO,58.828826360324015,33
2022-04-13 00:30:00,CVaR-DFL-FRO,35.80540036982553,33
2022-04-13 00:45:00,CVaR-DFL-FRO,22.177360615645792,33
2022-04-13 01:00:00,CVaR-DFL-FRO,30.033866890842116,33
2022-04-13 01:15:00,CVaR-DFL-FRO,45.71914777058645,33
2022-04-13 01:30:00,CVaR-DFL-FRO,43.56347496183486,33
2022-04-13 01:45:00,CVaR-DFL-FRO,23.6973411135813,33
2022-04-13 02:00:00,CVaR-DFL-FRO,30.778069121476474,33
2022-04-13 02:15:00,CVaR-DFL-FRO,32.17045261259791,33
2022-04-13 02:30:00,CVaR-DFL-FRO,34.4027732277387,33
2022-04-13 02:45:00,CVaR-DFL-FRO,25.145087065852774,33
2022-04-13 03:00:00,CVaR-DFL-FRO,31.70822285212351,33
2022-04-13 03:15:00,CVaR-DFL-FRO,30.737343755696145,33
2022-04-13 03:30:00,CVaR-DFL-FRO,48.95369033728234,33
2022-04-13 03:45:00,CVaR-DFL-FRO,49.52788620025385,33
2022-04-13 04:00:00,CVaR-DFL-FRO,36.82890626619226,33
2022-04-13 04:15:00,CVaR-DFL-FRO,34.12035692412949,33
2022-04-13 04:30:00,CVaR-DFL-FRO,40.242668303535055,33
2022-04-13 04:45:00,CVaR-DFL-FRO,29.90987396000894,33
2022-04-13 05:00:00,CVaR-DFL-FRO,26.997156133586046,33
2022-04-13 05:15:00,CVaR-DFL-FRO,28.7842788552115,33
2022-04-13 05:30:00,CVaR-DFL-FRO,31.644915717915197,33
2022-04-13 05:45:00,CVaR-DFL-FRO,26.858133430874958,33
2022-04-13 06:00:00,CVaR-DFL-FRO,40.51997052251937,33
2022-04-13 06:15:00,CVaR-DFL-FRO,48.32270319974883,33
2022-04-13 06:30:00,CVaR-DFL-FRO,23.550469023062917,33
2022-04-13 06:45:00,CVaR-DFL-FRO,38.83470364992838,33
2022-04-13 07:00:00,CVaR-DFL-FRO,35.99164369683106,33
2022-04-13 07:15:00,CVaR-DFL-FRO,42.839744107240186,33
2022-04-13 07:30:00,CVaR-DFL-FRO,38.3787692743032,33
2022-04-13 07:45:00,CVaR-DFL-FRO,24.546315120593572,33
2022-04-13 08:00:00,CVaR-DFL-FRO,26.04645540470862,33
2022-04-13 08:15:00,CVaR-DFL-FRO,38.88648209269293,33
2022-04-13 08:30:00,CVaR-DFL-FRO,53.02067173096936,33
2022-04-13 08:45:00,CVaR-DFL-FRO,19.38696699184603,33
2022-04-13 09:00:00,CVaR-DFL-FRO,42.89583817131953,33
2022-04-13 09:15:00,CVaR-DFL-FRO,55.73344041238809,33
2022-04-13 09:30:00,CVaR-DFL-FRO,36.74655799040117,33
2022-04-13 09:45:00,CVaR-DFL-FRO,45.70511898383976,33
2022-04-13 10:00:00,CVaR-DFL-FRO,30.9818686352662,33
2022-04-13 10:15:00,CVaR-DFL-FRO,37.13229054438145,33
2022-04-13 10:30:00,CVaR-DFL-FRO,23.30470070592298,33
2022-04-13 10:45:00,CVaR-DFL-FRO,18.619737351995553,33
2022-04-13 11:00:00,CVaR-DFL-FRO,51.62453313707848,33
2022-04-13 11:15:00,CVaR-DFL-FRO,28.387219042392747,33
2022-04-13 11:30:00,CVaR-DFL-FRO,33.45489108136423,33
2022-04-13 11:45:00,CVaR-DFL-FRO,25.06308826067849,33
2022-04-13 12:00:00,CVaR-DFL-FRO,24.880818084607377,33
2022-04-13 12:15:00,CVaR-DFL-FRO,36.510066393273185,33
2022-04-13 12:30:00,CVaR-DFL-FRO,30.728126808662786,33
2022-04-13 12:45:00,CVaR-DFL-FRO,43.32709291362771,33
2022-04-13 13:00:00,CVaR-DFL-FRO,44.34107873598561,33
2022-04-13 13:15:00,CVaR-DFL-FRO,42.5660558424307,33
2022-04-13 13:30:00,CVaR-DFL-FRO,41.49366177003144,33
2022-04-13 13:45:00,CVaR-DFL-FRO,62.8654480975931,33
2022-04-13 14:00:00,CVaR-DFL-FRO,27.66903713736532,33
2022-04-13 14:15:00,CVaR-DFL-FRO,37.88198928121715,33
2022-04-13 14:30:00,CVaR-DFL-FRO,54.75770021897497,33
2022-04-13 14:45:00,CVaR-DFL-FRO,57.04397291604886,33
2022-04-13 15:00:00,CVaR-DFL-FRO,24.789948258162312,33
2022-04-13 15:15:00,CVaR-DFL-FRO,34.97435308309704,33
2022-04-13 15:30:00,CVaR-DFL-FRO,58.72435658925097,33
2022-04-13 15:45:00,CVaR-DFL-FRO,45.11172420238984,33
2022-04-13 16:00:00,CVaR-DFL-FRO,40.93951839522255,33
2022-04-13 16:15:00,CVaR-DFL-FRO,36.016787944956306,33
2022-04-13 16:30:00,CVaR-DFL-FRO,34.207679500513414,33
2022-04-13 16:45:00,CVaR-DFL-FRO,42.137327629062305,33
2022-04-13 17:00:00,CVaR-DFL-FRO,35.631258526507885,33
2022-04-13 17:15:00,CVaR-DFL-FRO,38.02748229191136,33
2022-04-13 17:30:00,CVaR-DFL-FRO,39.484275777653174,33
2022-04-13 17:45:00,CVaR-DFL-FRO,31.223070331258224,33
2022-04-13 18:00:00,CVaR-DFL-FRO,45.449571713863634,33
2022-04-13 18:15:00,CVaR-DFL-FRO,95.16553764370595,33
2022-04-13 18:30:00,CVaR-DFL-FRO,22.203186431727563,33
2022-04-13 18:45:00,CVaR-DFL-FRO,42.607843602812096,33
2022-04-13 19:00:00,CVaR-DFL-FRO,30.437677731584227,33
2022-04-13 19:15:00,CVaR-DFL-FRO,46.09242914208363,33
2022-04-13 19:30:00,CVaR-DFL-FRO,39.09373458586306,33
2022-04-13 19:45:00,CVaR-DFL-FRO,48.80692240348975,33
2022-04-13 20:00:00,CVaR-DFL-FRO,55.489912054473365,33
2022-04-13 20:15:00,CVaR-DFL-FRO,40.90343957277082,33
2022-04-13 20:30:00,CVaR-DFL-FRO,54.74687106606594,33
2022-04-13 20:45:00,CVaR-DFL-FRO,18.619999690818602,33
2022-04-13 21:00:00,CVaR-DFL-FRO,63.11331376204521,33
2022-04-13 21:15:00,CVaR-DFL-FRO,43.28801111662756,33
2022-04-13 21:30:00,CVaR-DFL-FRO,53.83386517283242,33
2022-04-13 21:45:00,CVaR-DFL-FRO,26.39226206695091,33
2022-04-13 22:00:00,CVaR-DFL-FRO,29.77844915508409,33
2022-04-13 22:15:00,CVaR-DFL-FRO,40.3178209499908,33
2022-04-13 22:30:00,CVaR-DFL-FRO,38.32999443290471,33
2022-04-13 22:45:00,CVaR-DFL-FRO,42.070052036892,33
2022-04-13 23:00:00,CVaR-DFL-FRO,53.9454072240764,33
2022-04-13 23:15:00,CVaR-DFL-FRO,22.28438328171193,33
2022-04-13 23:30:00,CVaR-DFL-FRO,52.12427679244724,33
2022-04-13 23:45:00,CVaR-DFL-FRO,38.63226510620581,33
2022-04-13 09:30:00,CVaR-DFL-RTRO,83.4409878936058,33
2022-04-13 12:30:00,CVaR-DFL-RTRO,28.954884065576657,33
2022-04-13 17:15:00,CVaR-DFL-RTRO,39.19276024498883,33
2022-04-13 18:15:00,CVaR-DFL-RTRO,69.78843601940098,33
2022-04-13 18:30:00,CVaR-DFL-RTRO,58.04755704395876,33
2022-04-13 19:00:00,CVaR-DFL-RTRO,32.73149479934759,33
2022-04-13 19:30:00,CVaR-DFL-RTRO,43.27740324787038,33
2022-04-13 21:15:00,CVaR-DFL-RTRO,40.457776901568025,33
2022-04-13 22:30:00,CVaR-DFL-RTRO,44.04585652035123,33
2022-04-14 00:00:00,LSTM-FRO,25.67656008708115,33
2022-04-14 00:15:00,LSTM-FRO,17.581134829168167,33
2022-04-14 00:30:00,LSTM-FRO,27.164824028455683,33
2022-04-14 00:45:00,LSTM-FRO,29.399412777883473,33
2022-04-14 01:00:00,LSTM-FRO,24.801648962845068,33
2022-04-14 01:15:00,LSTM-FRO,17.506270572469177,33
2022-04-14 01:30:00,LSTM-FRO,33.655030832555106,33
2022-04-14 01:45:00,LSTM-FRO,28.77514162162529,33
2022-04-14 02:00:00,LSTM-FRO,21.883713418193572,33
2022-04-14 02:15:00,LSTM-FRO,24.472733381158378,33
2022-04-14 02:30:00,LSTM-FRO,18.016238027457074,33
2022-04-14 02:45:00,LSTM-FRO,20.29922183923908,33
2022-04-14 03:00:00,LSTM-FRO,22.942460186708423,33
2022-04-14 03:15:00,LSTM-FRO,35.74406607556112,33
2022-04-14 03:30:00,LSTM-FRO,22.364180172605646,33
2022-04-14 03:45:00,LSTM-FRO,30.83716898990474,33
2022-04-14 04:00:00,LSTM-FRO,22.939552662441386,33
2022-04-14 04:15:00,LSTM-FRO,27.945222826006415,33
2022-04-14 04:30:00,LSTM-FRO,25.34307669074395,33
2022-04-14 04:45:00,LSTM-FRO,32.6934136320333,33
2022-04-14 05:00:00,LSTM-FRO,22.959745167231134,33
2022-04-14 05:15:00,LSTM-FRO,17.694148980677394,33
2022-04-14 05:30:00,LSTM-FRO,18.561267664495862,33
2022-04-14 05:45:00,LSTM-FRO,22.976661529983566,33
2022-04-14 06:00:00,LSTM-FRO,19.190924705657046,33
2022-04-14 06:15:00,LSTM-FRO,29.107071023670063,33
2022-04-14 06:30:00,LSTM-FRO,23.361165989349374,33
2022-04-14 06:45:00,LSTM-FRO,47.6614425659249,33
2022-04-14 07:00:00,LSTM-FRO,16.975406816520916,33
2022-04-14 07:15:00,LSTM-FRO,27.636063930563378,33
2022-04-14 07:30:00,LSTM-FRO,19.78334028400172,33
2022-04-14 07:45:00,LSTM-FRO,23.199669624748363,33
2022-04-14 08:00:00,LSTM-FRO,27.20779342759436,33
2022-04-14 08:15:00,LSTM-FRO,14.647069492319623,33
2022-04-14 08:30:00,LSTM-FRO,27.867310608230962,33
2022-04-14 08:45:00,LSTM-FRO,42.33894720233858,33
2022-04-14 09:00:00,LSTM-FRO,23.433587590527203,33
2022-04-14 09:15:00,LSTM-FRO,28.028551165168114,33
2022-04-14 09:30:00,LSTM-FRO,33.96388834193893,33
2022-04-14 09:45:00,LSTM-FRO,25.19996546553573,33
2022-04-14 10:00:00,LSTM-FRO,22.695286619474807,33
2022-04-14 10:15:00,LSTM-FRO,14.83071909162338,33
2022-04-14 10:30:00,LSTM-FRO,30.843185080644748,33
2022-04-14 10:45:00,LSTM-FRO,25.523298792953906,33
2022-04-14 11:00:00,LSTM-FRO,20.364177588200775,33
2022-04-14 11:15:00,LSTM-FRO,27.106738467010015,33
2022-04-14 11:30:00,LSTM-FRO,22.679793955762104,33
2022-04-14 11:45:00,LSTM-FRO,22.996577828480063,33
2022-04-14 12:00:00,LSTM-FRO,30.575677580213185,33
2022-04-14 12:15:00,LSTM-FRO,18.76538576774664,33
2022-04-14 12:30:00,LSTM-FRO,34.155360404782165,33
2022-04-14 12:45:00,LSTM-FRO,18.488083258799737,33
2022-04-14 13:00:00,LSTM-FRO,22.234317956989926,33
2022-04-14 13:15:00,LSTM-FRO,42.55247087735341,33
2022-04-14 13:30:00,LSTM-FRO,34.848589053272306,33
2022-04-14 13:45:00,LSTM-FRO,26.910162867487802,33
2022-04-14 14:00:00,LSTM-FRO,20.73640405067516,33
2022-04-14 14:15:00,LSTM-FRO,22.991693324112205,33
2022-04-14 14:30:00,LSTM-FRO,26.746310690587503,33
2022-04-14 14:45:00,LSTM-FRO,26.507331178953535,33
2022-04-14 15:00:00,LSTM-FRO,25.666567577844614,33
2022-04-14 15:15:00,LSTM-FRO,26.056345203596106,33
2022-04-14 15:30:00,LSTM-FRO,24.88299860226017,33
2022-04-14 15:45:00,LSTM-FRO,18.283649105677597,33
2022-04-14 16:00:00,LSTM-FRO,23.065469078277445,33
2022-04-14 16:15:00,LSTM-FRO,33.03635868411811,33
2022-04-14 16:30:00,LSTM-FRO,18.6248156958296,33
2022-04-14 16:45:00,LSTM-FRO,25.03852140409397,33
2022-04-14 17:00:00,LSTM-FRO,21.374753540115048,33
2022-04-14 17:15:00,LSTM-FRO,27.003187714734555,33
2022-04-14 17:30:00,LSTM-FRO,23.817939017117506,33
2022-04-14 17:45:00,LSTM-FRO,38.04944189032743,33
2022-04-14 18:00:00,LSTM-FRO,29.819846023017337,33
2022-04-14 18:15:00,LSTM-FRO,18.89101560088453,33
2022-04-14 18:30:00,LSTM-FRO,31.078199441185372,33
2022-04-14 18:45:00,LSTM-FRO,21.618142846982828,33
2022-04-14 19:00:00,LSTM-FRO,22.717881409353506,33
2022-04-14 19:15:00,LSTM-FRO,28.411177382796655,33
2022-04-14 19:30:00,LSTM-FRO,23.20930413314543,33
2022-04-14 19:45:00,LSTM-FRO,32.85631733212126,33
2022-04-14 20:00:00,LSTM-FRO,21.618912383414624,33
2022-04-14 20:15:00,LSTM-FRO,22.47989081850061,33
2022-04-14 20:30:00,LSTM-FRO,22.2696811039533,33
2022-04-14 20:45:00,LSTM-FRO,22.782747464238675,33
2022-04-14 21:00:00,LSTM-FRO,34.603075273557984,33
2022-04-14 21:15:00,LSTM-FRO,30.74890956416825,33
2022-04-14 21:30:00,LSTM-FRO,40.33686604409481,33
2022-04-14 21:45:00,LSTM-FRO,46.398675413172796,33
2022-04-14 22:00:00,LSTM-FRO,20.27219630431286,33
2022-04-14 22:15:00,LSTM-FRO,26.727139998145766,33
2022-04-14 22:30:00,LSTM-FRO,19.545169729768737,33
2022-04-14 22:45:00,LSTM-FRO,21.602116989182893,33
2022-04-14 23:00:00,LSTM-FRO,22.417134452673896,33
2022-04-14 23:15:00,LSTM-FRO,20.138096132010702,33
2022-04-14 23:30:00,LSTM-FRO,20.16474393504683,33
2022-04-14 23:45:00,LSTM-FRO,25.324703958292293,33
2022-04-14 00:00:00,Transformer-FRO,34.38861313019096,33
2022-04-14 00:15:00,Transformer-FRO,21.78959719030732,33
2022-04-14 00:30:00,Transformer-FRO,57.27325834084169,33
2022-04-14 00:45:00,Transformer-FRO,24.590260730766154,33
2022-04-14 01:00:00,Transformer-FRO,28.164307438695644,33
2022-04-14 01:15:00,Transformer-FRO,19.757509852917504,33
2022-04-14 01:30:00,Transformer-FRO,43.022785880116565,33
2022-04-14 01:45:00,Transformer-FRO,36.95280429487749,33
2022-04-14 02:00:00,Transformer-FRO,29.855406554881473,33
2022-04-14 02:15:00,Transformer-FRO,19.495643393621158,33
2022-04-14 02:30:00,Transformer-FRO,29.19518355262025,33
2022-04-14 02:45:00,Transformer-FRO,20.66877687232155,33
2022-04-14 03:00:00,Transformer-FRO,40.38809749799176,33
2022-04-14 03:15:00,Transformer-FRO,34.09623597094095,33
2022-04-14 03:30:00,Transformer-FRO,28.335857802915584,33
2022-04-14 03:45:00,Transformer-FRO,14.697715428863228,33
2022-04-14 04:00:00,Transformer-FRO,21.421777401196376,33
2022-04-14 04:15:00,Transformer-FRO,33.03945032983296,33
2022-04-14 04:30:00,Transformer-FRO,37.85841988957152,33
2022-04-14 04:45:00,Transformer-FRO,36.85395735428905,33
2022-04-14 05:00:00,Transformer-FRO,18.294749571503786,33
2022-04-14 05:15:00,Transformer-FRO,29.891317662174615,33
2022-04-14 05:30:00,Transformer-FRO,35.969836719908116,33
2022-04-14 05:45:00,Transformer-FRO,17.98284655367621,33
2022-04-14 06:00:00,Transformer-FRO,27.586697270410554,33
2022-04-14 06:15:00,Transformer-FRO,29.67733358208298,33
2022-04-14 06:30:00,Transformer-FRO,25.569555601072313,33
2022-04-14 06:45:00,Transformer-FRO,17.10146347383731,33
2022-04-14 07:00:00,Transformer-FRO,25.404790847604698,33
2022-04-14 07:15:00,Transformer-FRO,25.39420591736107,33
2022-04-14 07:30:00,Transformer-FRO,26.602139866334188,33
2022-04-14 07:45:00,Transformer-FRO,23.885918963898156,33
2022-04-14 08:00:00,Transformer-FRO,24.643697441671993,33
2022-04-14 08:15:00,Transformer-FRO,27.360169112390697,33
2022-04-14 08:30:00,Transformer-FRO,31.003511980771112,33
2022-04-14 08:45:00,Transformer-FRO,25.545288554011766,33
2022-04-14 09:00:00,Transformer-FRO,24.857796171719894,33
2022-04-14 09:15:00,Transformer-FRO,28.313202057372337,33
2022-04-14 09:30:00,Transformer-FRO,16.79931041127666,33
2022-04-14 09:45:00,Transformer-FRO,31.28273503673497,33
2022-04-14 10:00:00,Transformer-FRO,27.63925705041777,33
2022-04-14 10:15:00,Transformer-FRO,27.929253469332785,33
2022-04-14 10:30:00,Transformer-FRO,35.46255687316207,33
2022-04-14 10:45:00,Transformer-FRO,16.660940239021745,33
2022-04-14 11:00:00,Transformer-FRO,16.57039292493221,33
2022-04-14 11:15:00,Transformer-FRO,29.677036934246342,33
2022-04-14 11:30:00,Transformer-FRO,27.592331615603776,33
2022-04-14 11:45:00,Transformer-FRO,28.89029499118072,33
2022-04-14 12:00:00,Transformer-FRO,24.52186495052602,33
2022-04-14 12:15:00,Transformer-FRO,32.83954225778632,33
2022-04-14 12:30:00,Transformer-FRO,35.205170295725246,33
2022-04-14 12:45:00,Transformer-FRO,31.33913308786739,33
2022-04-14 13:00:00,Transformer-FRO,25.83568935810089,33
2022-04-14 13:15:00,Transformer-FRO,16.00517598059459,33
2022-04-14 13:30:00,Transformer-FRO,33.744814261337936,33
2022-04-14 13:45:00,Transformer-FRO,37.94533946820426,33
2022-04-14 14:00:00,Transformer-FRO,32.67142789804685,33
2022-04-14 14:15:00,Transformer-FRO,22.00597300862009,33
2022-04-14 14:30:00,Transformer-FRO,32.92002342822364,33
2022-04-14 14:45:00,Transformer-FRO,34.553086022993995,33
2022-04-14 15:00:00,Transformer-FRO,41.41093750472924,33
2022-04-14 15:15:00,Transformer-FRO,22.02613727841497,33
2022-04-14 15:30:00,Transformer-FRO,26.06697342586752,33
2022-04-14 15:45:00,Transformer-FRO,33.55319196731268,33
2022-04-14 16:00:00,Transformer-FRO,28.057840350359346,33
2022-04-14 16:15:00,Transformer-FRO,20.690778499497153,33
2022-04-14 16:30:00,Transformer-FRO,30.78054117395791,33
2022-04-14 16:45:00,Transformer-FRO,32.11796564665532,33
2022-04-14 17:00:00,Transformer-FRO,28.280985455524565,33
2022-04-14 17:15:00,Transformer-FRO,29.26276752985562,33
2022-04-14 17:30:00,Transformer-FRO,25.849911314229953,33
2022-04-14 17:45:00,Transformer-FRO,40.555188829341795,33
2022-04-14 18:00:00,Transformer-FRO,21.886198736992036,33
2022-04-14 18:15:00,Transformer-FRO,23.73867527317337,33
2022-04-14 18:30:00,Transformer-FRO,27.722140330998133,33
2022-04-14 18:45:00,Transformer-FRO,34.71853972532701,33
2022-04-14 19:00:00,Transformer-FRO,18.749214208902387,33
2022-04-14 19:15:00,Transformer-FRO,19.681046423734767,33
2022-04-14 19:30:00,Transformer-FRO,16.298144526182114,33
2022-04-14 19:45:00,Transformer-FRO,27.87862223850135,33
2022-04-14 20:00:00,Transformer-FRO,20.685531432440833,33
2022-04-14 20:15:00,Transformer-FRO,25.020085595285575,33
2022-04-14 20:30:00,Transformer-FRO,32.81421735874312,33
2022-04-14 20:45:00,Transformer-FRO,23.40728254036508,33
2022-04-14 21:00:00,Transformer-FRO,29.35164928601126,33
2022-04-14 21:15:00,Transformer-FRO,25.579015568990016,33
2022-04-14 21:30:00,Transformer-FRO,32.90568651650682,33
2022-04-14 21:45:00,Transformer-FRO,31.267271025729407,33
2022-04-14 22:00:00,Transformer-FRO,23.103452811167138,33
2022-04-14 22:15:00,Transformer-FRO,26.460576607511832,33
2022-04-14 22:30:00,Transformer-FRO,36.23406060372572,33
2022-04-14 22:45:00,Transformer-FRO,30.61150330128488,33
2022-04-14 23:00:00,Transformer-FRO,19.243742123968676,33
2022-04-14 23:15:00,Transformer-FRO,32.76524731989133,33
2022-04-14 23:30:00,Transformer-FRO,20.867038513040498,33
2022-04-14 23:45:00,Transformer-FRO,39.86952691450067,33
2022-04-14 00:00:00,DFL-FRO,37.089396927850856,33
2022-04-14 00:15:00,DFL-FRO,35.74343712016469,33
2022-04-14 00:30:00,DFL-FRO,32.2753795095416,33
2022-04-14 00:45:00,DFL-FRO,41.33161021992233,33
2022-04-14 01:00:00,DFL-FRO,30.85297624954754,33
2022-04-14 01:15:00,DFL-FRO,36.53226199754843,33
2022-04-14 01:30:00,DFL-FRO,43.620296889350314,33
2022-04-14 01:45:00,DFL-FRO,29.253581525495107,33
2022-04-14 02:00:00,DFL-FRO,28.813584780496132,33
2022-04-14 02:15:00,DFL-FRO,24.526045803843083,33
2022-04-14 02:30:00,DFL-FRO,25.430037171362944,33
2022-04-14 02:45:00,DFL-FRO,20.554078922304296,33
2022-04-14 03:00:00,DFL-FRO,41.92674758348143,33
2022-04-14 03:15:00,DFL-FRO,56.63446637932299,33
2022-04-14 03:30:00,DFL-FRO,50.89319926819077,33
2022-04-14 03:45:00,DFL-FRO,21.74610237733177,33
2022-04-14 04:00:00,DFL-FRO,41.86867452279395,33
2022-04-14 04:15:00,DFL-FRO,50.847517936651094,33
2022-04-14 04:30:00,DFL-FRO,30.12212456856612,33
2022-04-14 04:45:00,DFL-FRO,35.19210379230334,33
2022-04-14 05:00:00,DFL-FRO,19.551290232850032,33
2022-04-14 05:15:00,DFL-FRO,36.85091458046534,33
2022-04-14 05:30:00,DFL-FRO,25.436507843735217,33
2022-04-14 05:45:00,DFL-FRO,36.1682729609873,33
2022-04-14 06:00:00,DFL-FRO,22.14283970628663,33
2022-04-14 06:15:00,DFL-FRO,39.79827280346012,33
2022-04-14 06:30:00,DFL-FRO,45.514885824253305,33
2022-04-14 06:45:00,DFL-FRO,27.503547618404678,33
2022-04-14 07:00:00,DFL-FRO,24.921788409980604,33
2022-04-14 07:15:00,DFL-FRO,18.76069453153014,33
2022-04-14 07:30:00,DFL-FRO,31.763411828179706,33
2022-04-14 07:45:00,DFL-FRO,29.092724789024317,33
2022-04-14 08:00:00,DFL-FRO,22.205763601426018,33
2022-04-14 08:15:00,DFL-FRO,38.814318209396376,33
2022-04-14 08:30:00,DFL-FRO,30.179588933228043,33
2022-04-14 08:45:00,DFL-FRO,25.350348539043747,33
2022-04-14 09:00:00,DFL-FRO,29.31261143059028,33
2022-04-14 09:15:00,DFL-FRO,46.11223280650448,33
2022-04-14 09:30:00,DFL-FRO,40.47015593905575,33
2022-04-14 09:45:00,DFL-FRO,32.99381923781835,33
2022-04-14 10:00:00,DFL-FRO,40.65289875976638,33
2022-04-14 10:15:00,DFL-FRO,24.755747228492385,33
2022-04-14 10:30:00,DFL-FRO,34.52117550744314,33
2022-04-14 10:45:00,DFL-FRO,35.64486335259053,33
2022-04-14 11:00:00,DFL-FRO,30.012981858806466,33
2022-04-14 11:15:00,DFL-FRO,38.624851381524074,33
2022-04-14 11:30:00,DFL-FRO,27.52460421951207,33
2022-04-14 11:45:00,DFL-FRO,39.433567124921936,33
2022-04-14 12:00:00,DFL-FRO,39.898214407189805,33
2022-04-14 12:15:00,DFL-FRO,15.17529220307315,33
2022-04-14 12:30:00,DFL-FRO,47.666967895830744,33
2022-04-14 12:45:00,DFL-FRO,14.633473229778728,33
2022-04-14 13:00:00,DFL-FRO,28.81473869818664,33
2022-04-14 13:15:00,DFL-FRO,45.5254819114914,33
2022-04-14 13:30:00,DFL-FRO,31.316306434912352,33
2022-04-14 13:45:00,DFL-FRO,22.736947033663508,33
2022-04-14 14:00:00,DFL-FRO,25.223506643270053,33
2022-04-14 14:15:00,DFL-FRO,45.54524725861011,33
2022-04-14 14:30:00,DFL-FRO,20.027652893200646,33
2022-04-14 14:45:00,DFL-FRO,46.85946317603118,33
2022-04-14 15:00:00,DFL-FRO,33.68990583315914,33
2022-04-14 15:15:00,DFL-FRO,24.539514158985224,33
2022-04-14 15:30:00,DFL-FRO,29.080395744189932,33
2022-04-14 15:45:00,DFL-FRO,25.76706418161294,33
2022-04-14 16:00:00,DFL-FRO,43.550956815287634,33
2022-04-14 16:15:00,DFL-FRO,41.957123308055245,33
2022-04-14 16:30:00,DFL-FRO,21.189338868483734,33
2022-04-14 16:45:00,DFL-FRO,30.57214852778442,33
2022-04-14 17:00:00,DFL-FRO,26.897165291904944,33
2022-04-14 17:15:00,DFL-FRO,49.05769979627504,33
2022-04-14 17:30:00,DFL-FRO,23.484474169480624,33
2022-04-14 17:45:00,DFL-FRO,53.49461070497863,33
2022-04-14 18:00:00,DFL-FRO,33.89525434047137,33
2022-04-14 18:15:00,DFL-FRO,24.74869502718126,33
2022-04-14 18:30:00,DFL-FRO,28.32730716102402,33
2022-04-14 18:45:00,DFL-FRO,27.36259317051497,33
2022-04-14 19:00:00,DFL-FRO,23.983658105507068,33
2022-04-14 19:15:00,DFL-FRO,35.127239067747965,33
2022-04-14 19:30:00,DFL-FRO,24.297822018694877,33
2022-04-14 19:45:00,DFL-FRO,18.633864450450673,33
2022-04-14 20:00:00,DFL-FRO,30.776569045492522,33
2022-04-14 20:15:00,DFL-FRO,20.700876398136018,33
2022-04-14 20:30:00,DFL-FRO,27.742308494410253,33
2022-04-14 20:45:00,DFL-FRO,26.555205418169642,33
2022-04-14 21:00:00,DFL-FRO,26.837044202619268,33
2022-04-14 21:15:00,DFL-FRO,59.74785176256816,33
2022-04-14 21:30:00,DFL-FRO,34.75321960630703,33
2022-04-14 21:45:00,DFL-FRO,36.63217332535742,33
2022-04-14 22:00:00,DFL-FRO,20.85406078074338,33
2022-04-14 22:15:00,DFL-FRO,28.511913617863637,33
2022-04-14 22:30:00,DFL-FRO,36.32652430763823,33
2022-04-14 22:45:00,DFL-FRO,25.71466961729095,33
2022-04-14 23:00:00,DFL-FRO,44.061658614892615,33
2022-04-14 23:15:00,DFL-FRO,24.46917431587844,33
2022-04-14 23:30:00,DFL-FRO,31.587300062379448,33
2022-04-14 23:45:00,DFL-FRO,29.0566092137439,33
2022-04-14 00:00:00,CVaR-DFL-FRO,31.407513384300476,33
2022-04-14 00:15:00,CVaR-DFL-FRO,35.22333305011499,33
2022-04-14 00:30:00,CVaR-DFL-FRO,35.60526726343213,33
2022-04-14 00:45:00,CVaR-DFL-FRO,30.505800231989454,33
2022-04-14 01:00:00,CVaR-DFL-FRO,44.533520724438056,33
2022-04-14 01:15:00,CVaR-DFL-FRO,41.252248093004845,33
2022-04-14 01:30:00,CVaR-DFL-FRO,37.27258948954493,33
2022-04-14 01:45:00,CVaR-DFL-FRO,33.52214440887494,33
2022-04-14 02:00:00,CVaR-DFL-FRO,49.051206530186974,33
2022-04-14 02:15:00,CVaR-DFL-FRO,35.60853534538488,33
2022-04-14 02:30:00,CVaR-DFL-FRO,34.83425357726668,33
2022-04-14 02:45:00,CVaR-DFL-FRO,39.576193512850715,33
2022-04-14 03:00:00,CVaR-DFL-FRO,64.85079165503097,33
2022-04-14 03:15:00,CVaR-DFL-FRO,25.27774798935553,33
2022-04-14 03:30:00,CVaR-DFL-FRO,48.64677474547856,33
2022-04-14 03:45:00,CVaR-DFL-FRO,21.29393264790248,33
2022-04-14 04:00:00,CVaR-DFL-FRO,40.98290139724083,33
2022-04-14 04:15:00,CVaR-DFL-FRO,62.45176028598089,33
2022-04-14 04:30:00,CVaR-DFL-FRO,44.58293498377394,33
2022-04-14 04:45:00,CVaR-DFL-FRO,40.394074129364235,33
2022-04-14 05:00:00,CVaR-DFL-FRO,32.19716821851574,33
2022-04-14 05:15:00,CVaR-DFL-FRO,38.68226448433934,33
2022-04-14 05:30:00,CVaR-DFL-FRO,35.42970888712475,33
2022-04-14 05:45:00,CVaR-DFL-FRO,30.021452001096907,33
2022-04-14 06:00:00,CVaR-DFL-FRO,35.01651701759632,33
2022-04-14 06:15:00,CVaR-DFL-FRO,40.74340516308298,33
2022-04-14 06:30:00,CVaR-DFL-FRO,30.196681983289082,33
2022-04-14 06:45:00,CVaR-DFL-FRO,29.83292991510991,33
2022-04-14 07:00:00,CVaR-DFL-FRO,25.122271833305845,33
2022-04-14 07:15:00,CVaR-DFL-FRO,43.248636384256564,33
2022-04-14 07:30:00,CVaR-DFL-FRO,45.37346303812762,33
2022-04-14 07:45:00,CVaR-DFL-FRO,41.166234688313594,33
2022-04-14 08:00:00,CVaR-DFL-FRO,51.68556521109232,33
2022-04-14 08:15:00,CVaR-DFL-FRO,39.37018783518,33
2022-04-14 08:30:00,CVaR-DFL-FRO,43.2658931827426,33
2022-04-14 08:45:00,CVaR-DFL-FRO,42.09841821400684,33
2022-04-14 09:00:00,CVaR-DFL-FRO,37.238769928631946,33
2022-04-14 09:15:00,CVaR-DFL-FRO,32.4944733195338,33
2022-04-14 09:30:00,CVaR-DFL-FRO,76.14625939426118,33
2022-04-14 09:45:00,CVaR-DFL-FRO,33.29937026761616,33
2022-04-14 10:00:00,CVaR-DFL-FRO,31.161115547867038,33
2022-04-14 10:15:00,CVaR-DFL-FRO,43.83331497691474,33
2022-04-14 10:30:00,CVaR-DFL-FRO,41.42494524932604,33
2022-04-14 10:45:00,CVaR-DFL-FRO,24.777461104637972,33
2022-04-14 11:00:00,CVaR-DFL-FRO,54.27386972213843,33
2022-04-14 11:15:00,CVaR-DFL-FRO,37.208115123125324,33
2022-04-14 11:30:00,CVaR-DFL-FRO,27.142481433446818,33
2022-04-14 11:45:00,CVaR-DFL-FRO,55.39842771332908,33
2022-04-14 12:00:00,CVaR-DFL-FRO,46.51875119608749,33
2022-04-14 12:15:00,CVaR-DFL-FRO,25.87933237692986,33
2022-04-14 12:30:00,CVaR-DFL-FRO,66.49274416460875,33
2022-04-14 12:45:00,CVaR-DFL-FRO,46.99922014064745,33
2022-04-14 13:00:00,CVaR-DFL-FRO,38.1904739313043,33
2022-04-14 13:15:00,CVaR-DFL-FRO,62.74570483025975,33
2022-04-14 13:30:00,CVaR-DFL-FRO,40.252373697403165,33
2022-04-14 13:45:00,CVaR-DFL-FRO,37.97913606490619,33
2022-04-14 14:00:00,CVaR-DFL-FRO,31.215082258995256,33
2022-04-14 14:15:00,CVaR-DFL-FRO,45.89055912188315,33
2022-04-14 14:30:00,CVaR-DFL-FRO,44.416366187115685,33
2022-04-14 14:45:00,CVaR-DFL-FRO,38.486348158418245,33
2022-04-14 15:00:00,CVaR-DFL-FRO,29.98412968145932,33
2022-04-14 15:15:00,CVaR-DFL-FRO,39.88730206636484,33
2022-04-14 15:30:00,CVaR-DFL-FRO,37.490790005565344,33
2022-04-14 15:45:00,CVaR-DFL-FRO,25.33177363016098,33
2022-04-14 16:00:00,CVaR-DFL-FRO,24.267602833471027,33
2022-04-14 16:15:00,CVaR-DFL-FRO,45.653460404198164,33
2022-04-14 16:30:00,CVaR-DFL-FRO,17.091027649440665,33
2022-04-14 16:45:00,CVaR-DFL-FRO,40.83235339174956,33
2022-04-14 17:00:00,CVaR-DFL-FRO,33.03050116418104,33
2022-04-14 17:15:00,CVaR-DFL-FRO,57.49009121713977,33
2022-04-14 17:30:00,CVaR-DFL-FRO,32.87322204133144,33
2022-04-14 17:45:00,CVaR-DFL-FRO,47.00923595803638,33
2022-04-14 18:00:00,CVaR-DFL-FRO,33.872819505914016,33
2022-04-14 18:15:00,CVaR-DFL-FRO,39.687564686040226,33
2022-04-14 18:30:00,CVaR-DFL-FRO,48.15097820993745,33
2022-04-14 18:45:00,CVaR-DFL-FRO,33.18999682906581,33
2022-04-14 19:00:00,CVaR-DFL-FRO,52.1912607640609,33
2022-04-14 19:15:00,CVaR-DFL-FRO,28.147819081739136,33
2022-04-14 19:30:00,CVaR-DFL-FRO,41.97785337947444,33
2022-04-14 19:45:00,CVaR-DFL-FRO,51.00807864759553,33
2022-04-14 20:00:00,CVaR-DFL-FRO,47.0173055890818,33
2022-04-14 20:15:00,CVaR-DFL-FRO,69.42845012962873,33
2022-04-14 20:30:00,CVaR-DFL-FRO,30.232092908362407,33
2022-04-14 20:45:00,CVaR-DFL-FRO,24.975355032762792,33
2022-04-14 21:00:00,CVaR-DFL-FRO,28.142255055655266,33
2022-04-14 21:15:00,CVaR-DFL-FRO,47.02321453998148,33
2022-04-14 21:30:00,CVaR-DFL-FRO,44.71111819380711,33
2022-04-14 21:45:00,CVaR-DFL-FRO,39.546328103657196,33
2022-04-14 22:00:00,CVaR-DFL-FRO,27.04140512734483,33
2022-04-14 22:15:00,CVaR-DFL-FRO,48.601676890339526,33
2022-04-14 22:30:00,CVaR-DFL-FRO,26.201156551973337,33
2022-04-14 22:45:00,CVaR-DFL-FRO,54.88804196156847,33
2022-04-14 23:00:00,CVaR-DFL-FRO,92.96522000077368,33
2022-04-14 23:15:00,CVaR-DFL-FRO,42.92417160381886,33
2022-04-14 23:30:00,CVaR-DFL-FRO,45.908468233903626,33
2022-04-14 23:45:00,CVaR-DFL-FRO,32.87942774992265,33
2022-04-14 01:30:00,CVaR-DFL-RTRO,20.93889056453627,33
2022-04-14 02:00:00,CVaR-DFL-RTRO,30.515694827136876,33
2022-04-14 05:30:00,CVaR-DFL-RTRO,45.58654054336266,33
2022-04-14 09:45:00,CVaR-DFL-RTRO,45.3078287636945,33
2022-04-14 12:15:00,CVaR-DFL-RTRO,28.384305289978794,33
2022-04-14 13:15:00,CVaR-DFL-RTRO,42.27060489270549,33
2022-04-14 13:30:00,CVaR-DFL-RTRO,54.94434772673276,33
2022-04-14 15:45:00,CVaR-DFL-RTRO,51.00159755872465,33
2022-04-14 21:30:00,CVaR-DFL-RTRO,39.137403865685954,33
2022-04-15 00:00:00,LSTM-FRO,22.678192683818946,33
2022-04-15 00:15:00,LSTM-FRO,29.869440642979033,33
2022-04-15 00:30:00,LSTM-FRO,27.892932150272177,33
2022-04-15 00:45:00,LSTM-FRO,31.10597767955177,33
2022-04-15 01:00:00,LSTM-FRO,27.45367474301775,33
2022-04-15 01:15:00,LSTM-FRO,32.62036966079756,33
2022-04-15 01:30:00,LSTM-FRO,27.19793188694492,33
2022-04-15 01:45:00,LSTM-FRO,32.34251707222372,33
2022-04-15 02:00:00,LSTM-FRO,33.04947812295601,33
2022-04-15 02:15:00,LSTM-FRO,21.70246963461869,33
2022-04-15 02:30:00,LSTM-FRO,16.86900553075128,33
2022-04-15 02:45:00,LSTM-FRO,39.129351923386565,33
2022-04-15 03:00:00,LSTM-FRO,28.32730088258838,33
2022-04-15 03:15:00,LSTM-FRO,17.2703280641295,33
2022-04-15 03:30:00,LSTM-FRO,22.202328722517112,33
2022-04-15 03:45:00,LSTM-FRO,32.23864053516233,33
2022-04-15 04:00:00,LSTM-FRO,24.75888354391805,33
2022-04-15 04:15:00,LSTM-FRO,23.35582759230084,33
2022-04-15 04:30:00,LSTM-FRO,37.7532592449346,33
2022-04-15 04:45:00,LSTM-FRO,20.419359830877635,33
2022-04-15 05:00:00,LSTM-FRO,21.737220213181462,33
2022-04-15 05:15:00,LSTM-FRO,28.007179501220758,33
2022-04-15 05:30:00,LSTM-FRO,29.294923262299314,33
2022-04-15 05:45:00,LSTM-FRO,30.084087657265123,33
2022-04-15 06:00:00,LSTM-FRO,33.386499980619156,33
2022-04-15 06:15:00,LSTM-FRO,27.917273086572877,33
2022-04-15 06:30:00,LSTM-FRO,30.031576298207586,33
2022-04-15 06:45:00,LSTM-FRO,24.886426513795683,33
2022-04-15 07:00:00,LSTM-FRO,26.981034935802263,33
2022-04-15 07:15:00,LSTM-FRO,27.286438156357637,33
2022-04-15 07:30:00,LSTM-FRO,28.033288061626973,33
2022-04-15 07:45:00,LSTM-FRO,32.24402712506917,33
2022-04-15 08:00:00,LSTM-FRO,30.531477462376223,33
2022-04-15 08:15:00,LSTM-FRO,26.856145132893136,33
2022-04-15 08:30:00,LSTM-FRO,21.67742594633053,33
2022-04-15 08:45:00,LSTM-FRO,27.014739379376984,33
2022-04-15 09:00:00,LSTM-FRO,26.373529657230605,33
2022-04-15 09:15:00,LSTM-FRO,27.87947433517617,33
2022-04-15 09:30:00,LSTM-FRO,46.21574498058051,33
2022-04-15 09:45:00,LSTM-FRO,23.287261842671853,33
2022-04-15 10:00:00,LSTM-FRO,29.52997540077461,33
2022-04-15 10:15:00,LSTM-FRO,34.730600069234086,33
2022-04-15 10:30:00,LSTM-FRO,27.221220317960743,33
2022-04-15 10:45:00,LSTM-FRO,47.764709224968705,33
2022-04-15 11:00:00,LSTM-FRO,24.155001100663927,33
2022-04-15 11:15:00,LSTM-FRO,28.810899941773137,33
2022-04-15 11:30:00,LSTM-FRO,21.733660485639337,33
2022-04-15 11:45:00,LSTM-FRO,24.31631824922199,33
2022-04-15 12:00:00,LSTM-FRO,28.272420709092827,33
2022-04-15 12:15:00,LSTM-FRO,32.84667752982895,33
2022-04-15 12:30:00,LSTM-FRO,28.774799723666472,33
2022-04-15 12:45:00,LSTM-FRO,36.43327914359804,33
2022-04-15 13:00:00,LSTM-FRO,25.933986687341427,33
2022-04-15 13:15:00,LSTM-FRO,24.434763199520862,33
2022-04-15 13:30:00,LSTM-FRO,52.36313685898886,33
2022-04-15 13:45:00,LSTM-FRO,29.32275532595216,33
2022-04-15 14:00:00,LSTM-FRO,22.170792734418047,33
2022-04-15 14:15:00,LSTM-FRO,22.31159397369824,33
2022-04-15 14:30:00,LSTM-FRO,20.96268728979141,33
2022-04-15 14:45:00,LSTM-FRO,33.599486982131054,33
2022-04-15 15:00:00,LSTM-FRO,24.237987934693468,33
2022-04-15 15:15:00,LSTM-FRO,27.422600337871643,33
2022-04-15 15:30:00,LSTM-FRO,26.13959487345494,33
2022-04-15 15:45:00,LSTM-FRO,31.913473310709104,33
2022-04-15 16:00:00,LSTM-FRO,21.473675514846096,33
2022-04-15 16:15:00,LSTM-FRO,20.2748816076163,33
2022-04-15 16:30:00,LSTM-FRO,28.098101825503356,33
2022-04-15 16:45:00,LSTM-FRO,30.88464843966892,33
2022-04-15 17:00:00,LSTM-FRO,28.872030948170213,33
2022-04-15 17:15:00,LSTM-FRO,21.67564246844606,33
2022-04-15 17:30:00,LSTM-FRO,31.483708517684512,33
2022-04-15 17:45:00,LSTM-FRO,22.035517430563793,33
2022-04-15 18:00:00,LSTM-FRO,23.300326328350344,33
2022-04-15 18:15:00,LSTM-FRO,20.955986021874157,33
2022-04-15 18:30:00,LSTM-FRO,36.81985431864531,33
2022-04-15 18:45:00,LSTM-FRO,31.137365811382015,33
2022-04-15 19:00:00,LSTM-FRO,30.91594172819156,33
2022-04-15 19:15:00,LSTM-FRO,36.32457038954818,33
2022-04-15 19:30:00,LSTM-FRO,53.811214567066386,33
2022-04-15 19:45:00,LSTM-FRO,17.293147179619325,33
2022-04-15 20:00:00,LSTM-FRO,22.06587661097671,33
2022-04-15 20:15:00,LSTM-FRO,22.753291909283256,33
2022-04-15 20:30:00,LSTM-FRO,21.451716583319424,33
2022-04-15 20:45:00,LSTM-FRO,20.264648786491165,33
2022-04-15 21:00:00,LSTM-FRO,24.63503267029267,33
2022-04-15 21:15:00,LSTM-FRO,19.56961739605408,33
2022-04-15 21:30:00,LSTM-FRO,28.890229642836715,33
2022-04-15 21:45:00,LSTM-FRO,26.9066313275693,33
2022-04-15 22:00:00,LSTM-FRO,29.96865084219851,33
2022-04-15 22:15:00,LSTM-FRO,30.17019685077024,33
2022-04-15 22:30:00,LSTM-FRO,30.900527898560693,33
2022-04-15 22:45:00,LSTM-FRO,24.18309530296064,33
2022-04-15 23:00:00,LSTM-FRO,45.23568502994987,33
2022-04-15 23:15:00,LSTM-FRO,28.16967415844477,33
2022-04-15 23:30:00,LSTM-FRO,16.64044628541586,33
2022-04-15 23:45:00,LSTM-FRO,20.65088178921391,33
2022-04-15 00:00:00,Transformer-FRO,26.900055257406102,33
2022-04-15 00:15:00,Transformer-FRO,25.94691888436276,33
2022-04-15 00:30:00,Transformer-FRO,23.716781610388697,33
2022-04-15 00:45:00,Transformer-FRO,45.10605820401669,33
2022-04-15 01:00:00,Transformer-FRO,30.875759206197895,33
2022-04-15 01:15:00,Transformer-FRO,32.326682859752076,33
2022-04-15 01:30:00,Transformer-FRO,21.035887855504207,33
2022-04-15 01:45:00,Transformer-FRO,20.667878227865632,33
2022-04-15 02:00:00,Transformer-FRO,27.036198372808087,33
2022-04-15 02:15:00,Transformer-FRO,28.008003672928588,33
2022-04-15 02:30:00,Transformer-FRO,16.549219120671815,33
2022-04-15 02:45:00,Transformer-FRO,25.556324543589852,33
2022-04-15 03:00:00,Transformer-FRO,26.877310220240872,33
2022-04-15 03:15:00,Transformer-FRO,25.326496215948527,33
2022-04-15 03:30:00,Transformer-FRO,21.687633034659783,33
2022-04-15 03:45:00,Transformer-FRO,23.283523821302893,33
2022-04-15 04:00:00,Transformer-FRO,25.57918046568011,33
2022-04-15 04:15:00,Transformer-FRO,27.417351333318727,33
2022-04-15 04:30:00,Transformer-FRO,31.32577313048075,33
2022-04-15 04:45:00,Transformer-FRO,35.44112209264642,33
2022-04-15 05:00:00,Transformer-FRO,24.81174007146683,33
2022-04-15 05:15:00,Transformer-FRO,23.792348947402104,33
2022-04-15 05:30:00,Transformer-FRO,29.997289751114184,33
2022-04-15 05:45:00,Transformer-FRO,31.374976828794008,33
2022-04-15 06:00:00,Transformer-FRO,23.928174986210013,33
2022-04-15 06:15:00,Transformer-FRO,32.87008893509673,33
2022-04-15 06:30:00,Transformer-FRO,34.52265565929172,33
2022-04-15 06:45:00,Transformer-FRO,37.432367860896996,33
2022-04-15 07:00:00,Transformer-FRO,42.466174935235316,33
2022-04-15 07:15:00,Transformer-FRO,21.39150653084735,33
2022-04-15 07:30:00,Transformer-FRO,26.876098590339172,33
2022-04-15 07:45:00,Transformer-FRO,26.85784427968694,33
2022-04-15 08:00:00,Transformer-FRO,26.107063040700822,33
2022-04-15 08:15:00,Transformer-FRO,22.63044968189748,33
2022-04-15 08:30:00,Transformer-FRO,18.2189993949458,33
2022-04-15 08:45:00,Transformer-FRO,27.43071470927713,33
2022-04-15 09:00:00,Transformer-FRO,21.942350291790543,33
2022-04-15 09:15:00,Transformer-FRO,27.38320467557248,33
2022-04-15 09:30:00,Transformer-FRO,21.796694933165483,33
2022-04-15 09:45:00,Transformer-FRO,20.13621838145238,33
2022-04-15 10:00:00,Transformer-FRO,28.456641833404685,33
2022-04-15 10:15:00,Transformer-FRO,27.848081296866876,33
2022-04-15 10:30:00,Transformer-FRO,31.11926807566698,33
2022-04-15 10:45:00,Transformer-FRO,47.19903784900466,33
2022-04-15 11:00:00,Transformer-FRO,28.775609070564766,33
2022-04-15 11:15:00,Transformer-FRO,30.368425428376117,33
2022-04-15 11:30:00,Transformer-FRO,20.251913944872964,33
2022-04-15 11:45:00,Transformer-FRO,19.181976486656154,33
2022-04-15 12:00:00,Transformer-FRO,40.36737249557748,33
2022-04-15 12:15:00,Transformer-FRO,21.07734532710885,33
2022-04-15 12:30:00,Transformer-FRO,20.429203388062795,33
2022-04-15 12:45:00,Transformer-FRO,26.50932446932659,33
2022-04-15 13:00:00,Transformer-FRO,26.160464380782592,33
2022-04-15 13:15:00,Transformer-FRO,21.192272824000348,33
2022-04-15 13:30:00,Transformer-FRO,24.74347967852443,33
2022-04-15 13:45:00,Transformer-FRO,36.832483817145324,33
2022-04-15 14:00:00,Transformer-FRO,21.729265604614888,33
2022-04-15 14:15:00,Transformer-FRO,18.658272582373392,33
2022-04-15 14:30:00,Transformer-FRO,34.19313079198651,33
2022-04-15 14:45:00,Transformer-FRO,30.425288993088735,33
2022-04-15 15:00:00,Transformer-FRO,22.79973710998614,33
2022-04-15 15:15:00,Transformer-FRO,17.768331040239975,33
2022-04-15 15:30:00,Transformer-FRO,22.077781992747635,33
2022-04-15 15:45:00,Transformer-FRO,26.402281303289673,33
2022-04-15 16:00:00,Transformer-FRO,36.22912729683706,33
2022-04-15 16:15:00,Transformer-FRO,20.4682360320948,33
2022-04-15 16:30:00,Transformer-FRO,26.198968063480912,33
2022-04-15 16:45:00,Transformer-FRO,31.902423166777144,33
2022-04-15 17:00:00,Transformer-FRO,14.443306136727744,33
2022-04-15 17:15:00,Transformer-FRO,35.011224428363256,33
2022-04-15 17:30:00,Transformer-FRO,19.70858164128587,33
2022-04-15 17:45:00,Transformer-FRO,29.18666724279495,33
2022-04-15 18:00:00,Transformer-FRO,28.548164822896027,33
2022-04-15 18:15:00,Transformer-FRO,35.47541533191893,33
2022-04-15 18:30:00,Transformer-FRO,30.891305481248416,33
2022-04-15 18:45:00,Transformer-FRO,14.458206266112189,33
2022-04-15 19:00:00,Transformer-FRO,21.849113502207633,33
2022-04-15 19:15:00,Transformer-FRO,27.756416180598325,33
2022-04-15 19:30:00,Transformer-FRO,25.45928518843659,33
2022-04-15 19:45:00,Transformer-FRO,30.30965713333869,33
2022-04-15 20:00:00,Transformer-FRO,32.861338277445256,33
2022-04-15 20:15:00,Transformer-FRO,31.35551496121843,33
2022-04-15 20:30:00,Transformer-FRO,25.332237474919307,33
2022-04-15 20:45:00,Transformer-FRO,16.592073306141295,33
2022-04-15 21:00:00,Transformer-FRO,23.79651289858674,33
2022-04-15 21:15:00,Transformer-FRO,29.832181144544123,33
2022-04-15 21:30:00,Transformer-FRO,20.184365273512984,33
2022-04-15 21:45:00,Transformer-FRO,31.54160906115146,33
2022-04-15 22:00:00,Transformer-FRO,33.89127086084634,33
2022-04-15 22:15:00,Transformer-FRO,27.674940502405562,33
2022-04-15 22:30:00,Transformer-FRO,12.100813717103453,33
2022-04-15 22:45:00,Transformer-FRO,19.22588751566892,33
2022-04-15 23:00:00,Transformer-FRO,43.67061302079744,33
2022-04-15 23:15:00,Transformer-FRO,23.24128857870698,33
2022-04-15 23:30:00,Transformer-FRO,16.00970944213805,33
2022-04-15 23:45:00,Transformer-FRO,36.88859943975975,33
2022-04-15 00:00:00,DFL-FRO,43.75180588818198,33
2022-04-15 00:15:00,DFL-FRO,34.73718618408383,33
2022-04-15 00:30:00,DFL-FRO,36.540265805886044,33
2022-04-15 00:45:00,DFL-FRO,35.580198896531634,33
2022-04-15 01:00:00,DFL-FRO,39.05589720946333,33
2022-04-15 01:15:00,DFL-FRO,60.65816742666748,33
2022-04-15 01:30:00,DFL-FRO,42.14901560163401,33
2022-04-15 01:45:00,DFL-FRO,20.702686381493766,33
2022-04-15 02:00:00,DFL-FRO,36.41932285447586,33
2022-04-15 02:15:00,DFL-FRO,44.19956991724573,33
2022-04-15 02:30:00,DFL-FRO,44.96005333031831,33
2022-04-15 02:45:00,DFL-FRO,28.552899869309027,33
2022-04-15 03:00:00,DFL-FRO,44.489506565686725,33
2022-04-15 03:15:00,DFL-FRO,41.64392803876622,33
2022-04-15 03:30:00,DFL-FRO,65.85675872102016,33
2022-04-15 03:45:00,DFL-FRO,26.092346817705696,33
2022-04-15 04:00:00,DFL-FRO,27.917237314870924,33
2022-04-15 04:15:00,DFL-FRO,29.527813073212837,33
2022-04-15 04:30:00,DFL-FRO,28.051193921663675,33
2022-04-15 04:45:00,DFL-FRO,25.093902867622347,33
2022-04-15 05:00:00,DFL-FRO,14.891615791089565,33
2022-04-15 05:15:00,DFL-FRO,28.488569136350442,33
2022-04-15 05:30:00,DFL-FRO,35.64320077640348,33
2022-04-15 05:45:00,DFL-FRO,28.02775619572519,33
2022-04-15 06:00:00,DFL-FRO,55.14357286089793,33
2022-04-15 06:15:00,DFL-FRO,32.2772228339565,33
2022-04-15 06:30:00,DFL-FRO,46.08039512903953,33
2022-04-15 06:45:00,DFL-FRO,34.587105199553044,33
2022-04-15 07:00:00,DFL-FRO,40.48444954103488,33
2022-04-15 07:15:00,DFL-FRO,34.75929085579875,33
2022-04-15 07:30:00,DFL-FRO,47.08971687506992,33
2022-04-15 07:45:00,DFL-FRO,32.66232890549634,33
2022-04-15 08:00:00,DFL-FRO,36.92473249892398,33
2022-04-15 08:15:00,DFL-FRO,35.61316730117708,33
2022-04-15 08:30:00,DFL-FRO,29.67491490023832,33
2022-04-15 08:45:00,DFL-FRO,35.998789824122454,33
2022-04-15 09:00:00,DFL-FRO,59.93494742889479,33
2022-04-15 09:15:00,DFL-FRO,29.82320601191526,33
2022-04-15 09:30:00,DFL-FRO,36.14436212057218,33
2022-04-15 09:45:00,DFL-FRO,45.655416327061864,33
2022-04-15 10:00:00,DFL-FRO,44.1844541853599,33
2022-04-15 10:15:00,DFL-FRO,32.262301282426655,33
2022-04-15 10:30:00,DFL-FRO,16.55170159784758,33
2022-04-15 10:45:00,DFL-FRO,37.13711646278513,33
2022-04-15 11:00:00,DFL-FRO,17.325244561181645,33
2022-04-15 11:15:00,DFL-FRO,48.435907728644224,33
2022-04-15 11:30:00,DFL-FRO,33.712189288579616,33
2022-04-15 11:45:00,DFL-FRO,42.48706822739288,33
2022-04-15 12:00:00,DFL-FRO,25.009502266327477,33
2022-04-15 12:15:00,DFL-FRO,20.863870526877847,33
2022-04-15 12:30:00,DFL-FRO,34.58068667455114,33
2022-04-15 12:45:00,DFL-FRO,31.85743375973948,33
2022-04-15 13:00:00,DFL-FRO,28.040888206068573,33
2022-04-15 13:15:00,DFL-FRO,32.924792053383825,33
2022-04-15 13:30:00,DFL-FRO,69.53270828448078,33
2022-04-15 13:45:00,DFL-FRO,40.576136963396394,33
2022-04-15 14:00:00,DFL-FRO,43.08106933887521,33
2022-04-15 14:15:00,DFL-FRO,40.68268866869513,33
2022-04-15 14:30:00,DFL-FRO,48.56463583546209,33
2022-04-15 14:45:00,DFL-FRO,30.498269265918605,33
2022-04-15 15:00:00,DFL-FRO,18.13897464742651,33
2022-04-15 15:15:00,DFL-FRO,30.510896779883986,33
2022-04-15 15:30:00,DFL-FRO,40.319273634901904,33
2022-04-15 15:45:00,DFL-FRO,24.54219358514691,33
2022-04-15 16:00:00,DFL-FRO,30.614970424131936,33
2022-04-15 16:15:00,DFL-FRO,26.5191931920901,33
2022-04-15 16:30:00,DFL-FRO,48.870994898453,33
2022-04-15 16:45:00,DFL-FRO,39.625596058397285,33
2022-04-15 17:00:00,DFL-FRO,38.55902870953447,33
2022-04-15 17:15:00,DFL-FRO,38.23867781689143,33
2022-04-15 17:30:00,DFL-FRO,31.82508534563824,33
2022-04-15 17:45:00,DFL-FRO,33.97703330299946,33
2022-04-15 18:00:00,DFL-FRO,23.112549087916268,33
2022-04-15 18:15:00,DFL-FRO,17.485453473127514,33
2022-04-15 18:30:00,DFL-FRO,33.53050319487989,33
2022-04-15 18:45:00,DFL-FRO,35.19543529039451,33
2022-04-15 19:00:00,DFL-FRO,45.04236194965903,33
2022-04-15 19:15:00,DFL-FRO,49.823998295675636,33
2022-04-15 19:30:00,DFL-FRO,49.8054345740265,33
2022-04-15 19:45:00,DFL-FRO,24.349936919966527,33
2022-04-15 20:00:00,DFL-FRO,29.150549915463426,33
2022-04-15 20:15:00,DFL-FRO,36.76265811782408,33
2022-04-15 20:30:00,DFL-FRO,65.11565982837182,33
2022-04-15 20:45:00,DFL-FRO,48.57325782277728,33
2022-04-15 21:00:00,DFL-FRO,43.92841286324845,33
2022-04-15 21:15:00,DFL-FRO,28.863421501930468,33
2022-04-15 21:30:00,DFL-FRO,25.14164535834731,33
2022-04-15 21:45:00,DFL-FRO,40.06361224209305,33
2022-04-15 22:00:00,DFL-FRO,23.663378749973813,33
2022-04-15 22:15:00,DFL-FRO,30.089998092624366,33
2022-04-15 22:30:00,DFL-FRO,31.144914924143105,33
2022-04-15 22:45:00,DFL-FRO,50.124460381617034,33
2022-04-15 23:00:00,DFL-FRO,29.130799353165195,33
2022-04-15 23:15:00,DFL-FRO,16.296052903897625,33
2022-04-15 23:30:00,DFL-FRO,37.01047941350958,33
2022-04-15 23:45:00,DFL-FRO,26.465656146572858,33
2022-04-15 00:00:00,CVaR-DFL-FRO,36.933160557764246,33
2022-04-15 00:15:00,CVaR-DFL-FRO,34.851499514831694,33
2022-04-15 00:30:00,CVaR-DFL-FRO,48.48233783295233,33
2022-04-15 00:45:00,CVaR-DFL-FRO,23.581463160156588,33
2022-04-15 01:00:00,CVaR-DFL-FRO,32.317630672496264,33
2022-04-15 01:15:00,CVaR-DFL-FRO,46.909527593031314,33
2022-04-15 01:30:00,CVaR-DFL-FRO,31.358905172043315,33
2022-04-15 01:45:00,CVaR-DFL-FRO,23.032382574387345,33
2022-04-15 02:00:00,CVaR-DFL-FRO,46.68475068595073,33
2022-04-15 02:15:00,CVaR-DFL-FRO,53.754714158902495,33
2022-04-15 02:30:00,CVaR-DFL-FRO,37.414170902189255,33
2022-04-15 02:45:00,CVaR-DFL-FRO,20.64940560083556,33
2022-04-15 03:00:00,CVaR-DFL-FRO,47.22978890993416,33
2022-04-15 03:15:00,CVaR-DFL-FRO,22.67026193852615,33
2022-04-15 03:30:00,CVaR-DFL-FRO,41.754565946872894,33
2022-04-15 03:45:00,CVaR-DFL-FRO,28.80896590105012,33
2022-04-15 04:00:00,CVaR-DFL-FRO,26.474615650507292,33
2022-04-15 04:15:00,CVaR-DFL-FRO,33.07946983592103,33
2022-04-15 04:30:00,CVaR-DFL-FRO,35.84282350136448,33
2022-04-15 04:45:00,CVaR-DFL-FRO,31.067210564182353,33
2022-04-15 05:00:00,CVaR-DFL-FRO,45.54244296018228,33
2022-04-15 05:15:00,CVaR-DFL-FRO,33.036812355777904,33
2022-04-15 05:30:00,CVaR-DFL-FRO,51.423624320543766,33
2022-04-15 05:45:00,CVaR-DFL-FRO,41.39823449668259,33
2022-04-15 06:00:00,CVaR-DFL-FRO,30.557258467764584,33
2022-04-15 06:15:00,CVaR-DFL-FRO,29.001980622940692,33
2022-04-15 06:30:00,CVaR-DFL-FRO,22.757580892774982,33
2022-04-15 06:45:00,CVaR-DFL-FRO,41.52119754639109,33
2022-04-15 07:00:00,CVaR-DFL-FRO,33.98785623085211,33
2022-04-15 07:15:00,CVaR-DFL-FRO,18.175446156394074,33
2022-04-15 07:30:00,CVaR-DFL-FRO,32.130679949568425,33
2022-04-15 07:45:00,CVaR-DFL-FRO,28.687936640889234,33
2022-04-15 08:00:00,CVaR-DFL-FRO,61.85780254244483,33
2022-04-15 08:15:00,CVaR-DFL-FRO,22.370605263228438,33
2022-04-15 08:30:00,CVaR-DFL-FRO,24.260554839809526,33
2022-04-15 08:45:00,CVaR-DFL-FRO,53.53627940479559,33
2022-04-15 09:00:00,CVaR-DFL-FRO,57.796222602837425,33
2022-04-15 09:15:00,CVaR-DFL-FRO,30.110957721277597,33
2022-04-15 09:30:00,CVaR-DFL-FRO,31.184267980778586,33
2022-04-15 09:45:00,CVaR-DFL-FRO,45.93310587765447,33
2022-04-15 10:00:00,CVaR-DFL-FRO,18.431512307243025,33
2022-04-15 10:15:00,CVaR-DFL-FRO,21.29776211165813,33
2022-04-15 10:30:00,CVaR-DFL-FRO,34.775579418678916,33
2022-04-15 10:45:00,CVaR-DFL-FRO,61.364912669833124,33
2022-04-15 11:00:00,CVaR-DFL-FRO,33.14295154066163,33
2022-04-15 11:15:00,CVaR-DFL-FRO,39.14695662378836,33
2022-04-15 11:30:00,CVaR-DFL-FRO,53.9333603032262,33
2022-04-15 11:45:00,CVaR-DFL-FRO,72.93999057712351,33
2022-04-15 12:00:00,CVaR-DFL-FRO,31.72326333922009,33
2022-04-15 12:15:00,CVaR-DFL-FRO,37.74244293845685,33
2022-04-15 12:30:00,CVaR-DFL-FRO,66.77128337007738,33
2022-04-15 12:45:00,CVaR-DFL-FRO,23.659619649960938,33
2022-04-15 13:00:00,CVaR-DFL-FRO,52.185243398396494,33
2022-04-15 13:15:00,CVaR-DFL-FRO,27.66289357499264,33
2022-04-15 13:30:00,CVaR-DFL-FRO,39.16561022834871,33
2022-04-15 13:45:00,CVaR-DFL-FRO,35.18922012316064,33
2022-04-15 14:00:00,CVaR-DFL-FRO,28.185292422962164,33
2022-04-15 14:15:00,CVaR-DFL-FRO,27.96675295256713,33
2022-04-15 14:30:00,CVaR-DFL-FRO,41.33716152830129,33
2022-04-15 14:45:00,CVaR-DFL-FRO,51.66906805302231,33
2022-04-15 15:00:00,CVaR-DFL-FRO,36.443384561948115,33
2022-04-15 15:15:00,CVaR-DFL-FRO,38.77439580837572,33
2022-04-15 15:30:00,CVaR-DFL-FRO,45.2954477448456,33
2022-04-15 15:45:00,CVaR-DFL-FRO,28.066561387074685,33
2022-04-15 16:00:00,CVaR-DFL-FRO,47.72649911140956,33
2022-04-15 16:15:00,CVaR-DFL-FRO,48.92053004688862,33
2022-04-15 16:30:00,CVaR-DFL-FRO,85.09288769326955,33
2022-04-15 16:45:00,CVaR-DFL-FRO,33.76173581773202,33
2022-04-15 17:00:00,CVaR-DFL-FRO,32.91392422165843,33
2022-04-15 17:15:00,CVaR-DFL-FRO,48.16190661746092,33
2022-04-15 17:30:00,CVaR-DFL-FRO,48.916904007245066,33
2022-04-15 17:45:00,CVaR-DFL-FRO,32.13693769545945,33
2022-04-15 18:00:00,CVaR-DFL-FRO,33.47950991084411,33
2022-04-15 18:15:00,CVaR-DFL-FRO,44.87523522478068,33
2022-04-15 18:30:00,CVaR-DFL-FRO,29.349143717654254,33
2022-04-15 18:45:00,CVaR-DFL-FRO,33.40303525698321,33
2022-04-15 19:00:00,CVaR-DFL-FRO,39.00942855485659,33
2022-04-15 19:15:00,CVaR-DFL-FRO,51.67546994934474,33
2022-04-15 19:30:00,CVaR-DFL-FRO,31.451328303593726,33
2022-04-15 19:45:00,CVaR-DFL-FRO,21.42240362629262,33
2022-04-15 20:00:00,CVaR-DFL-FRO,20.93482068009786,33
2022-04-15 20:15:00,CVaR-DFL-FRO,25.66928512940039,33
2022-04-15 20:30:00,CVaR-DFL-FRO,25.244759647322205,33
2022-04-15 20:45:00,CVaR-DFL-FRO,36.163235244279775,33
2022-04-15 21:00:00,CVaR-DFL-FRO,26.237164371754865,33
2022-04-15 21:15:00,CVaR-DFL-FRO,30.50802390221026,33
2022-04-15 21:30:00,CVaR-DFL-FRO,29.84031733213378,33
2022-04-15 21:45:00,CVaR-DFL-FRO,33.09386244675468,33
2022-04-15 22:00:00,CVaR-DFL-FRO,57.185201445554604,33
2022-04-15 22:15:00,CVaR-DFL-FRO,46.58914713868057,33
2022-04-15 22:30:00,CVaR-DFL-FRO,38.130424400332224,33
2022-04-15 22:45:00,CVaR-DFL-FRO,32.88387176755254,33
2022-04-15 23:00:00,CVaR-DFL-FRO,33.1686403042815,33
2022-04-15 23:15:00,CVaR-DFL-FRO,42.00072514084412,33
2022-04-15 23:30:00,CVaR-DFL-FRO,45.478424943246985,33
2022-04-15 23:45:00,CVaR-DFL-FRO,28.629403562084544,33
2022-04-15 07:45:00,CVaR-DFL-RTRO,33.08018067474409,33
2022-04-15 12:30:00,CVaR-DFL-RTRO,58.04688830512665,33
2022-04-15 15:00:00,CVaR-DFL-RTRO,81.54766682618875,33
2022-04-15 15:30:00,CVaR-DFL-RTRO,40.17155256659544,33
2022-04-15 16:15:00,CVaR-DFL-RTRO,21.42874401141008,33
2022-04-15 17:00:00,CVaR-DFL-RTRO,35.29929183849938,33
2022-04-15 17:15:00,CVaR-DFL-RTRO,60.588962526722554,33
2022-04-15 22:45:00,CVaR-DFL-RTRO,49.30787800785964,33
2022-04-16 00:00:00,LSTM-FRO,35.41751841238734,33
2022-04-16 00:15:00,LSTM-FRO,31.0502747026985,33
2022-04-16 00:30:00,LSTM-FRO,37.32592760092074,33
2022-04-16 00:45:00,LSTM-FRO,34.63284758372502,33
2022-04-16 01:00:00,LSTM-FRO,40.285763588672864,33
2022-04-16 01:15:00,LSTM-FRO,30.086080801701566,33
2022-04-16 01:30:00,LSTM-FRO,34.509918801530354,33
2022-04-16 01:45:00,LSTM-FRO,25.45441699242071,33
2022-04-16 02:00:00,LSTM-FRO,23.64140778943895,33
2022-04-16 02:15:00,LSTM-FRO,42.20156950913912,33
2022-04-16 02:30:00,LSTM-FRO,29.02816269041976,33
2022-04-16 02:45:00,LSTM-FRO,33.651165158913166,33
2022-04-16 03:00:00,LSTM-FRO,28.3621116398005,33
2022-04-16 03:15:00,LSTM-FRO,23.730273005838768,33
2022-04-16 03:30:00,LSTM-FRO,27.570534432466136,33
2022-04-16 03:45:00,LSTM-FRO,39.4282436057234,33
2022-04-16 04:00:00,LSTM-FRO,31.606978420577086,33
2022-04-16 04:15:00,LSTM-FRO,17.891795253531583,33
2022-04-16 04:30:00,LSTM-FRO,26.048377851388658,33
2022-04-16 04:45:00,LSTM-FRO,43.00934844576637,33
2022-04-16 05:00:00,LSTM-FRO,26.057845661000353,33
2022-04-16 05:15:00,LSTM-FRO,17.496455075336023,33
2022-04-16 05:30:00,LSTM-FRO,44.22195814149917,33
2022-04-16 05:45:00,LSTM-FRO,32.63215916973662,33
2022-04-16 06:00:00,LSTM-FRO,27.01559889371428,33
2022-04-16 06:15:00,LSTM-FRO,25.04689219076192,33
2022-04-16 06:30:00,LSTM-FRO,36.078751556896975,33
2022-04-16 06:45:00,LSTM-FRO,23.997051083228804,33
2022-04-16 07:00:00,LSTM-FRO,36.6806275811502,33
2022-04-16 07:15:00,LSTM-FRO,31.503642327374774,33
2022-04-16 07:30:00,LSTM-FRO,29.23642649833114,33
2022-04-16 07:45:00,LSTM-FRO,28.517573200832064,33
2022-04-16 08:00:00,LSTM-FRO,26.313088792978593,33
2022-04-16 08:15:00,LSTM-FRO,35.747772511800356,33
2022-04-16 08:30:00,LSTM-FRO,22.126031239183952,33
2022-04-16 08:45:00,LSTM-FRO,18.298560219457084,33
2022-04-16 09:00:00,LSTM-FRO,32.08021588346762,33
2022-04-16 09:15:00,LSTM-FRO,32.2157844881837,33
2022-04-16 09:30:00,LSTM-FRO,31.017457867436487,33
2022-04-16 09:45:00,LSTM-FRO,30.457936298337845,33
2022-04-16 10:00:00,LSTM-FRO,25.368849087393958,33
2022-04-16 10:15:00,LSTM-FRO,33.504512195647905,33
2022-04-16 10:30:00,LSTM-FRO,27.181960922794968,33
2022-04-16 10:45:00,LSTM-FRO,24.32988611048543,33
2022-04-16 11:00:00,LSTM-FRO,25.423991336425544,33
2022-04-16 11:15:00,LSTM-FRO,45.66133388224626,33
2022-04-16 11:30:00,LSTM-FRO,17.7865413686381,33
2022-04-16 11:45:00,LSTM-FRO,31.17003665539428,33
2022-04-16 12:00:00,LSTM-FRO,18.03774636162047,33
2022-04-16 12:15:00,LSTM-FRO,26.7576273373799,33
2022-04-16 12:30:00,LSTM-FRO,24.658770050289828,33
2022-04-16 12:45:00,LSTM-FRO,16.29022053301715,33
2022-04-16 13:00:00,LSTM-FRO,30.31535836295019,33
2022-04-16 13:15:00,LSTM-FRO,24.99274815344753,33
2022-04-16 13:30:00,LSTM-FRO,16.232342519902122,33
2022-04-16 13:45:00,LSTM-FRO,33.945477603183505,33
2022-04-16 14:00:00,LSTM-FRO,39.418467114397124,33
2022-04-16 14:15:00,LSTM-FRO,39.967686052842225,33
2022-04-16 14:30:00,LSTM-FRO,30.087291970064427,33
2022-04-16 14:45:00,LSTM-FRO,27.8143729357065,33
2022-04-16 15:00:00,LSTM-FRO,38.3751802194617,33
2022-04-16 15:15:00,LSTM-FRO,41.94402701416006,33
2022-04-16 15:30:00,LSTM-FRO,36.545627603521,33
2022-04-16 15:45:00,LSTM-FRO,21.706827977522888,33
2022-04-16 16:00:00,LSTM-FRO,28.92007746867981,33
2022-04-16 16:15:00,LSTM-FRO,30.701963092263192,33
2022-04-16 16:30:00,LSTM-FRO,17.4563629330674,33
2022-04-16 16:45:00,LSTM-FRO,30.932851176948446,33
2022-04-16 17:00:00,LSTM-FRO,48.64759302398255,33
2022-04-16 17:15:00,LSTM-FRO,32.28620467408334,33
2022-04-16 17:30:00,LSTM-FRO,39.80036503668788,33
2022-04-16 17:45:00,LSTM-FRO,28.786582060828334,33
2022-04-16 18:00:00,LSTM-FRO,26.993868186440924,33
2022-04-16 18:15:00,LSTM-FRO,30.25631230129341,33
2022-04-16 18:30:00,LSTM-FRO,22.402786363422337,33
2022-04-16 18:45:00,LSTM-FRO,21.585986717119322,33
2022-04-16 19:00:00,LSTM-FRO,37.783917914245336,33
2022-04-16 19:15:00,LSTM-FRO,38.80322205408675,33
2022-04-16 19:30:00,LSTM-FRO,21.438387738139454,33
2022-04-16 19:45:00,LSTM-FRO,35.057756388207466,33
2022-04-16 20:00:00,LSTM-FRO,26.900907760532878,33
2022-04-16 20:15:00,LSTM-FRO,29.943013002055576,33
2022-04-16 20:30:00,LSTM-FRO,30.861941289854695,33
2022-04-16 20:45:00,LSTM-FRO,35.290443523625896,33
2022-04-16 21:00:00,LSTM-FRO,28.071534097769362,33
2022-04-16 21:15:00,LSTM-FRO,39.173383794979216,33
2022-04-16 21:30:00,LSTM-FRO,29.715400992782765,33
2022-04-16 21:45:00,LSTM-FRO,32.15878564554514,33
2022-04-16 22:00:00,LSTM-FRO,22.30494099219012,33
2022-04-16 22:15:00,LSTM-FRO,47.27115232908564,33
2022-04-16 22:30:00,LSTM-FRO,30.936456571571824,33
2022-04-16 22:45:00,LSTM-FRO,32.883839540546404,33
2022-04-16 23:00:00,LSTM-FRO,18.361783077960652,33
2022-04-16 23:15:00,LSTM-FRO,22.364152635292616,33
2022-04-16 23:30:00,LSTM-FRO,37.51529757303745,33
2022-04-16 23:45:00,LSTM-FRO,29.54786853323162,33
2022-04-16 00:00:00,Transformer-FRO,34.67806604236483,33
2022-04-16 00:15:00,Transformer-FRO,23.00969481461969,33
2022-04-16 00:30:00,Transformer-FRO,38.19955766268153,33
2022-04-16 00:45:00,Transformer-FRO,25.897107540937103,33
2022-04-16 01:00:00,Transformer-FRO,27.937787851911892,33
2022-04-16 01:15:00,Transformer-FRO,35.96614923238208,33
2022-04-16 01:30:00,Transformer-FRO,20.993386804995513,33
2022-04-16 01:45:00,Transformer-FRO,20.48073356004598,33
2022-04-16 02:00:00,Transformer-FRO,25.177676869274972,33
2022-04-16 02:15:00,Transformer-FRO,32.83089565546232,33
2022-04-16 02:30:00,Transformer-FRO,18.762155006536897,33
2022-04-16 02:45:00,Transformer-FRO,17.19167703116322,33
2022-04-16 03:00:00,Transformer-FRO,32.80152567707551,33
2022-04-16 03:15:00,Transformer-FRO,22.659240357685775,33
2022-04-16 03:30:00,Transformer-FRO,23.93185728531076,33
2022-04-16 03:45:00,Transformer-FRO,16.3704936496527,33
2022-04-16 04:00:00,Transformer-FRO,22.217107043988452,33
2022-04-16 04:15:00,Transformer-FRO,26.441714582145426,33
2022-04-16 04:30:00,Transformer-FRO,33.721259813798866,33
2022-04-16 04:45:00,Transformer-FRO,21.692015632713392,33
2022-04-16 05:00:00,Transformer-FRO,40.71599010486828,33
2022-04-16 05:15:00,Transformer-FRO,22.18500652244231,33
2022-04-16 05:30:00,Transformer-FRO,22.19343035205055,33
2022-04-16 05:45:00,Transformer-FRO,39.46850810309217,33
2022-04-16 06:00:00,Transformer-FRO,27.98674989202633,33
2022-04-16 06:15:00,Transformer-FRO,22.96057734068962,33
2022-04-16 06:30:00,Transformer-FRO,25.449160201592186,33
2022-04-16 06:45:00,Transformer-FRO,37.62703779934269,33
2022-04-16 07:00:00,Transformer-FRO,38.74704345234418,33
2022-04-16 07:15:00,Transformer-FRO,21.437268031270758,33
2022-04-16 07:30:00,Transformer-FRO,26.20375835814652,33
2022-04-16 07:45:00,Transformer-FRO,27.120238929191054,33
2022-04-16 08:00:00,Transformer-FRO,20.51584611264296,33
2022-04-16 08:15:00,Transformer-FRO,26.113884203863034,33
2022-04-16 08:30:00,Transformer-FRO,26.53023311775097,33
2022-04-16 08:45:00,Transformer-FRO,35.606655239100036,33
2022-04-16 09:00:00,Transformer-FRO,36.23262187833921,33
2022-04-16 09:15:00,Transformer-FRO,24.326082737089997,33
2022-04-16 09:30:00,Transformer-FRO,25.063990930474613,33
2022-04-16 09:45:00,Transformer-FRO,31.473288081095447,33
2022-04-16 10:00:00,Transformer-FRO,22.763996718682723,33
2022-04-16 10:15:00,Transformer-FRO,30.861963940249446,33
2022-04-16 10:30:00,Transformer-FRO,25.89663210197879,33
2022-04-16 10:45:00,Transformer-FRO,20.605626206293472,33
2022-04-16 11:00:00,Transformer-FRO,20.672847650493498,33
2022-04-16 11:15:00,Transformer-FRO,38.55519551062987,33
2022-04-16 11:30:00,Transformer-FRO,25.440660678332396,33
2022-04-16 11:45:00,Transformer-FRO,40.53669075054898,33
2022-04-16 12:00:00,Transformer-FRO,23.190248864875752,33
2022-04-16 12:15:00,Transformer-FRO,28.571424336625594,33
2022-04-16 12:30:00,Transformer-FRO,49.267561367498246,33
2022-04-16 12:45:00,Transformer-FRO,20.140868962604255,33
2022-04-16 13:00:00,Transformer-FRO,16.19737534604707,33
2022-04-16 13:15:00,Transformer-FRO,36.98400026137957,33
2022-04-16 13:30:00,Transformer-FRO,21.381670278661293,33
2022-04-16 13:45:00,Transformer-FRO,26.35179069027442,33
2022-04-16 14:00:00,Transformer-FRO,22.759689976638487,33
2022-04-16 14:15:00,Transformer-FRO,28.401238352404988,33
2022-04-16 14:30:00,Transformer-FRO,20.706645646754705,33
2022-04-16 14:45:00,Transformer-FRO,25.28600102318814,33
2022-04-16 15:00:00,Transformer-FRO,29.770878765559587,33
2022-04-16 15:15:00,Transformer-FRO,20.39879211622651,33
2022-04-16 15:30:00,Transformer-FRO,22.095868753692113,33
2022-04-16 15:45:00,Transformer-FRO,24.211729911912492,33
2022-04-16 16:00:00,Transformer-FRO,18.291727299896607,33
2022-04-16 16:15:00,Transformer-FRO,23.744369198706842,33
2022-04-16 16:30:00,Transformer-FRO,27.322371392095413,33
2022-04-16 16:45:00,Transformer-FRO,23.886462135313003,33
2022-04-16 17:00:00,Transformer-FRO,24.69359155913222,33
2022-04-16 17:15:00,Transformer-FRO,26.35728921570835,33
2022-04-16 17:30:00,Transformer-FRO,22.35135739540403,33
2022-04-16 17:45:00,Transformer-FRO,31.692499562450106,33
2022-04-16 18:00:00,Transformer-FRO,38.44458870937003,33
2022-04-16 18:15:00,Transformer-FRO,23.48830629813036,33
2022-04-16 18:30:00,Transformer-FRO,30.045250405140642,33
2022-04-16 18:45:00,Transformer-FRO,24.897767924279467,33
2022-04-16 19:00:00,Transformer-FRO,29.12702870094425,33
2022-04-16 19:15:00,Transformer-FRO,39.7604299931147,33
2022-04-16 19:30:00,Transformer-FRO,30.228570529996535,33
2022-04-16 19:45:00,Transformer-FRO,16.728318475932294,33
2022-04-16 20:00:00,Transformer-FRO,29.803163369084736,33
2022-04-16 20:15:00,Transformer-FRO,36.47238832580066,33
2022-04-16 20:30:00,Transformer-FRO,25.014372182567502,33
2022-04-16 20:45:00,Transformer-FRO,34.29666029749347,33
2022-04-16 21:00:00,Transformer-FRO,22.15305113243035,33
2022-04-16 21:15:00,Transformer-FRO,18.02467873177621,33
2022-04-16 21:30:00,Transformer-FRO,27.48131869581276,33
2022-04-16 21:45:00,Transformer-FRO,16.80194328523926,33
2022-04-16 22:00:00,Transformer-FRO,24.896774737850063,33
2022-04-16 22:15:00,Transformer-FRO,36.98641803375584,33
2022-04-16 22:30:00,Transformer-FRO,16.147274789574706,33
2022-04-16 22:45:00,Transformer-FRO,19.013770351051857,33
2022-04-16 23:00:00,Transformer-FRO,20.27370685496578,33
2022-04-16 23:15:00,Transformer-FRO,26.062242539045375,33
2022-04-16 23:30:00,Transformer-FRO,24.096911754509946,33
2022-04-16 23:45:00,Transformer-FRO,38.07910898512462,33
2022-04-16 00:00:00,DFL-FRO,39.11130891705891,33
2022-04-16 00:15:00,DFL-FRO,35.4804424147749,33
2022-04-16 00:30:00,DFL-FRO,38.01484384731429,33
2022-04-16 00:45:00,DFL-FRO,26.79470455128414,33
2022-04-16 01:00:00,DFL-FRO,43.26169918772603,33
2022-04-16 01:15:00,DFL-FRO,24.991181424641958,33
2022-04-16 01:30:00,DFL-FRO,42.999294167219816,33
2022-04-16 01:45:00,DFL-FRO,47.41443063593715,33
2022-04-16 02:00:00,DFL-FRO,36.1313010469856,33
2022-04-16 02:15:00,DFL-FRO,32.436944283365214,33
2022-04-16 02:30:00,DFL-FRO,38.08991817650588,33
2022-04-16 02:45:00,DFL-FRO,15.348557585735586,33
2022-04-16 03:00:00,DFL-FRO,37.06328797834065,33
2022-04-16 03:15:00,DFL-FRO,33.010116844278976,33
2022-04-16 03:30:00,DFL-FRO,33.59217093035348,33
2022-04-16 03:45:00,DFL-FRO,41.48286327346352,33
2022-04-16 04:00:00,DFL-FRO,33.36695536259968,33
2022-04-16 04:15:00,DFL-FRO,24.79582619872599,33
2022-04-16 04:30:00,DFL-FRO,32.75311766911306,33
2022-04-16 04:45:00,DFL-FRO,34.71686542694033,33
2022-04-16 05:00:00,DFL-FRO,35.17824630737205,33
2022-04-16 05:15:00,DFL-FRO,35.641855718377016,33
2022-04-16 05:30:00,DFL-FRO,45.51433433674204,33
2022-04-16 05:45:00,DFL-FRO,25.17296949742796,33
2022-04-16 06:00:00,DFL-FRO,35.77899012920284,33
2022-04-16 06:15:00,DFL-FRO,48.80572173731118,33
2022-04-16 06:30:00,DFL-FRO,21.010890552208362,33
2022-04-16 06:45:00,DFL-FRO,35.81835575288402,33
2022-04-16 07:00:00,DFL-FRO,28.941646389338267,33
2022-04-16 07:15:00,DFL-FRO,30.72572266333515,33
2022-04-16 07:30:00,DFL-FRO,26.476850647950798,33
2022-04-16 07:45:00,DFL-FRO,32.4972194733388,33
2022-04-16 08:00:00,DFL-FRO,56.91038557383301,33
2022-04-16 08:15:00,DFL-FRO,23.952188833832285,33
2022-04-16 08:30:00,DFL-FRO,24.5934949875687,33
2022-04-16 08:45:00,DFL-FRO,23.70317338698505,33
2022-04-16 09:00:00,DFL-FRO,55.133437841770835,33
2022-04-16 09:15:00,DFL-FRO,29.951131765934782,33
2022-04-16 09:30:00,DFL-FRO,33.82690129084057,33
2022-04-16 09:45:00,DFL-FRO,30.452343825563766,33
2022-04-16 10:00:00,DFL-FRO,26.186178343693,33
2022-04-16 10:15:00,DFL-FRO,31.90857283009553,33
2022-04-16 10:30:00,DFL-FRO,67.58629827842428,33
2022-04-16 10:45:00,DFL-FRO,50.21480093645289,33
2022-04-16 11:00:00,DFL-FRO,26.862320817187374,33
2022-04-16 11:15:00,DFL-FRO,40.806904381969254,33
2022-04-16 11:30:00,DFL-FRO,27.02309911727569,33
2022-04-16 11:45:00,DFL-FRO,20.76783301782321,33
2022-04-16 12:00:00,DFL-FRO,45.2631723630749,33
2022-04-16 12:15:00,DFL-FRO,47.0715004777598,33
2022-04-16 12:30:00,DFL-FRO,45.59917537262998,33
2022-04-16 12:45:00,DFL-FRO,29.888388909782044,33
2022-04-16 13:00:00,DFL-FRO,32.52235816674749,33
2022-04-16 13:15:00,DFL-FRO,41.98563586005925,33
2022-04-16 13:30:00,DFL-FRO,37.99648266524386,33
2022-04-16 13:45:00,DFL-FRO,30.53004877831536,33
2022-04-16 14:00:00,DFL-FRO,21.698361029804634,33
2022-04-16 14:15:00,DFL-FRO,35.16786962214514,33
2022-04-16 14:30:00,DFL-FRO,46.019876799730675,33
2022-04-16 14:45:00,DFL-FRO,24.402501760370768,33
2022-04-16 15:00:00,DFL-FRO,40.70679438982627,33
2022-04-16 15:15:00,DFL-FRO,37.366962364454054,33
2022-04-16 15:30:00,DFL-FRO,41.990113628911516,33
2022-04-16 15:45:00,DFL-FRO,43.44006167146372,33
2022-04-16 16:00:00,DFL-FRO,28.075124384099933,33
2022-04-16 16:15:00,DFL-FRO,21.711137281852604,33
2022-04-16 16:30:00,DFL-FRO,29.362913309465092,33
2022-04-16 16:45:00,DFL-FRO,43.64817854774056,33
2022-04-16 17:00:00,DFL-FRO,29.293574830260653,33
2022-04-16 17:15:00,DFL-FRO,28.078425370949336,33
2022-04-16 17:30:00,DFL-FRO,20.509139139852294,33
2022-04-16 17:45:00,DFL-FRO,55.522407455737074,33
2022-04-16 18:00:00,DFL-FRO,42.883663506628075,33
2022-04-16 18:15:00,DFL-FRO,42.22181461885803,33
2022-04-16 18:30:00,DFL-FRO,44.61469901629291,33
2022-04-16 18:45:00,DFL-FRO,40.0089878721136,33
2022-04-16 19:00:00,DFL-FRO,31.827068908720225,33
2022-04-16 19:15:00,DFL-FRO,32.54966267263059,33
2022-04-16 19:30:00,DFL-FRO,30.24277977725342,33
2022-04-16 19:45:00,DFL-FRO,70.99342518656026,33
2022-04-16 20:00:00,DFL-FRO,39.77780537194819,33
2022-04-16 20:15:00,DFL-FRO,29.938942852686857,33
2022-04-16 20:30:00,DFL-FRO,38.7881328638895,33
2022-04-16 20:45:00,DFL-FRO,25.70578689628732,33
2022-04-16 21:00:00,DFL-FRO,51.81298202118066,33
2022-04-16 21:15:00,DFL-FRO,28.337612013408485,33
2022-04-16 21:30:00,DFL-FRO,39.174708225497575,33
2022-04-16 21:45:00,DFL-FRO,45.85306108120809,33
2022-04-16 22:00:00,DFL-FRO,37.92531903440431,33
2022-04-16 22:15:00,DFL-FRO,34.978216926747486,33
2022-04-16 22:30:00,DFL-FRO,34.17214802697395,33
2022-04-16 22:45:00,DFL-FRO,33.537801604860796,33
2022-04-16 23:00:00,DFL-FRO,29.011733376357345,33
2022-04-16 23:15:00,DFL-FRO,30.05862348928761,33
2022-04-16 23:30:00,DFL-FRO,51.45448580707391,33
2022-04-16 23:45:00,DFL-FRO,33.05445898014799,33
2022-04-16 00:00:00,CVaR-DFL-FRO,30.170826025822304,33
2022-04-16 00:15:00,CVaR-DFL-FRO,49.820263577469056,33
2022-04-16 00:30:00,CVaR-DFL-FRO,43.669298943333104,33
2022-04-16 00:45:00,CVaR-DFL-FRO,42.13514807760554,33
2022-04-16 01:00:00,CVaR-DFL-FRO,32.692863525998135,33
2022-04-16 01:15:00,CVaR-DFL-FRO,42.30586128643558,33
2022-04-16 01:30:00,CVaR-DFL-FRO,29.002843805924893,33
2022-04-16 01:45:00,CVaR-DFL-FRO,32.6716439543109,33
2022-04-16 02:00:00,CVaR-DFL-FRO,47.84256168525994,33
2022-04-16 02:15:00,CVaR-DFL-FRO,46.4455165221406,33
2022-04-16 02:30:00,CVaR-DFL-FRO,26.112821045995585,33
2022-04-16 02:45:00,CVaR-DFL-FRO,27.157002106807408,33
2022-04-16 03:00:00,CVaR-DFL-FRO,36.62649746628991,33
2022-04-16 03:15:00,CVaR-DFL-FRO,60.494636183265555,33
2022-04-16 03:30:00,CVaR-DFL-FRO,19.54607064953676,33
2022-04-16 03:45:00,CVaR-DFL-FRO,38.605597739372826,33
2022-04-16 04:00:00,CVaR-DFL-FRO,23.107392634881272,33
2022-04-16 04:15:00,CVaR-DFL-FRO,29.086012636115388,33
2022-04-16 04:30:00,CVaR-DFL-FRO,31.62634574693906,33
2022-04-16 04:45:00,CVaR-DFL-FRO,31.080871590006755,33
2022-04-16 05:00:00,CVaR-DFL-FRO,30.007484719609185,33
2022-04-16 05:15:00,CVaR-DFL-FRO,35.49119607396611,33
2022-04-16 05:30:00,CVaR-DFL-FRO,29.99389960456117,33
2022-04-16 05:45:00,CVaR-DFL-FRO,22.496145157218667,33
2022-04-16 06:00:00,CVaR-DFL-FRO,45.10491827310618,33
2022-04-16 06:15:00,CVaR-DFL-FRO,44.72871784201839,33
2022-04-16 06:30:00,CVaR-DFL-FRO,45.999503273648074,33
2022-04-16 06:45:00,CVaR-DFL-FRO,21.95642271056613,33
2022-04-16 07:00:00,CVaR-DFL-FRO,38.8529314502746,33
2022-04-16 07:15:00,CVaR-DFL-FRO,43.67434200474787,33
2022-04-16 07:30:00,CVaR-DFL-FRO,25.71653758301521,33
2022-04-16 07:45:00,CVaR-DFL-FRO,35.51285157666136,33
2022-04-16 08:00:00,CVaR-DFL-FRO,34.15738646289655,33
2022-04-16 08:15:00,CVaR-DFL-FRO,62.71167183656091,33
2022-04-16 08:30:00,CVaR-DFL-FRO,64.33436691186478,33
2022-04-16 08:45:00,CVaR-DFL-FRO,21.130297658226215,33
2022-04-16 09:00:00,CVaR-DFL-FRO,76.76517839390822,33
2022-04-16 09:15:00,CVaR-DFL-FRO,26.658662415122325,33
2022-04-16 09:30:00,CVaR-DFL-FRO,48.00415331965956,33
2022-04-16 09:45:00,CVaR-DFL-FRO,47.852855911189465,33
2022-04-16 10:00:00,CVaR-DFL-FRO,26.001423100454115,33
2022-04-16 10:15:00,CVaR-DFL-FRO,41.267592414190226,33
2022-04-16 10:30:00,CVaR-DFL-FRO,34.250052754754115,33
2022-04-16 10:45:00,CVaR-DFL-FRO,42.05680113623497,33
2022-04-16 11:00:00,CVaR-DFL-FRO,38.03897562397912,33
2022-04-16 11:15:00,CVaR-DFL-FRO,51.32585596510446,33
2022-04-16 11:30:00,CVaR-DFL-FRO,36.2500344832222,33
2022-04-16 11:45:00,CVaR-DFL-FRO,33.61486738785044,33
2022-04-16 12:00:00,CVaR-DFL-FRO,49.75374770570224,33
2022-04-16 12:15:00,CVaR-DFL-FRO,42.398274864807796,33
2022-04-16 12:30:00,CVaR-DFL-FRO,44.43745049681098,33
2022-04-16 12:45:00,CVaR-DFL-FRO,28.814278227489115,33
2022-04-16 13:00:00,CVaR-DFL-FRO,25.60460329683255,33
2022-04-16 13:15:00,CVaR-DFL-FRO,29.69330977760886,33
2022-04-16 13:30:00,CVaR-DFL-FRO,29.2081722126526,33
2022-04-16 13:45:00,CVaR-DFL-FRO,45.19357683200458,33
2022-04-16 14:00:00,CVaR-DFL-FRO,47.934369303142454,33
2022-04-16 14:15:00,CVaR-DFL-FRO,33.74802887155777,33
2022-04-16 14:30:00,CVaR-DFL-FRO,55.200351333644974,33
2022-04-16 14:45:00,CVaR-DFL-FRO,54.14119120068351,33
2022-04-16 15:00:00,CVaR-DFL-FRO,38.1894593340736,33
2022-04-16 15:15:00,CVaR-DFL-FRO,27.441859267460373,33
2022-04-16 15:30:00,CVaR-DFL-FRO,57.7304675061845,33
2022-04-16 15:45:00,CVaR-DFL-FRO,34.74789858086526,33
2022-04-16 16:00:00,CVaR-DFL-FRO,36.825465110895685,33
2022-04-16 16:15:00,CVaR-DFL-FRO,31.870842818518884,33
2022-04-16 16:30:00,CVaR-DFL-FRO,26.869856443919875,33
2022-04-16 16:45:00,CVaR-DFL-FRO,22.453041504298096,33
2022-04-16 17:00:00,CVaR-DFL-FRO,43.0941136384747,33
2022-04-16 17:15:00,CVaR-DFL-FRO,27.77151093963917,33
2022-04-16 17:30:00,CVaR-DFL-FRO,91.48921598347602,33
2022-04-16 17:45:00,CVaR-DFL-FRO,25.28246900193633,33
2022-04-16 18:00:00,CVaR-DFL-FRO,23.973889298620115,33
2022-04-16 18:15:00,CVaR-DFL-FRO,41.48415087193154,33
2022-04-16 18:30:00,CVaR-DFL-FRO,56.91134350405605,33
2022-04-16 18:45:00,CVaR-DFL-FRO,36.12866997561331,33
2022-04-16 19:00:00,CVaR-DFL-FRO,42.29116347511934,33
2022-04-16 19:15:00,CVaR-DFL-FRO,19.987691724834082,33
2022-04-16 19:30:00,CVaR-DFL-FRO,28.698971723617113,33
2022-04-16 19:45:00,CVaR-DFL-FRO,25.380371187905542,33
2022-04-16 20:00:00,CVaR-DFL-FRO,19.670893913770534,33
2022-04-16 20:15:00,CVaR-DFL-FRO,36.720680577225224,33
2022-04-16 20:30:00,CVaR-DFL-FRO,17.659010317342325,33
2022-04-16 20:45:00,CVaR-DFL-FRO,23.496651166599765,33
2022-04-16 21:00:00,CVaR-DFL-FRO,29.975869540623812,33
2022-04-16 21:15:00,CVaR-DFL-FRO,27.362000142421337,33
2022-04-16 21:30:00,CVaR-DFL-FRO,40.04598445133339,33
2022-04-16 21:45:00,CVaR-DFL-FRO,38.93331552795794,33
2022-04-16 22:00:00,CVaR-DFL-FRO,46.72764911117993,33
2022-04-16 22:15:00,CVaR-DFL-FRO,44.72194064681767,33
2022-04-16 22:30:00,CVaR-DFL-FRO,50.4492731883942,33
2022-04-16 22:45:00,CVaR-DFL-FRO,35.390861413044654,33
2022-04-16 23:00:00,CVaR-DFL-FRO,38.90779859181468,33
2022-04-16 23:15:00,CVaR-DFL-FRO,41.501850469129195,33
2022-04-16 23:30:00,CVaR-DFL-FRO,37.002874230228024,33
2022-04-16 23:45:00,CVaR-DFL-FRO,31.306488845807205,33
2022-04-16 05:00:00,CVaR-DFL-RTRO,49.18471358081968,33
2022-04-16 12:45:00,CVaR-DFL-RTRO,32.46183332277752,33
2022-04-16 17:45:00,CVaR-DFL-RTRO,25.110131054576087,33
2022-04-16 19:45:00,CVaR-DFL-RTRO,52.464347932255556,33
2022-04-16 21:15:00,CVaR-DFL-RTRO,32.69273181070308,33
2022-04-16 22:45:00,CVaR-DFL-RTRO,33.98989963165202,33
2022-04-17 00:00:00,LSTM-FRO,36.26756123732866,33
2022-04-17 00:15:00,LSTM-FRO,27.360989962230473,33
2022-04-17 00:30:00,LSTM-FRO,20.14712805775051,33
2022-04-17 00:45:00,LSTM-FRO,31.206393588908515,33
2022-04-17 01:00:00,LSTM-FRO,24.102999493230403,33
2022-04-17 01:15:00,LSTM-FRO,43.72992049100302,33
2022-04-17 01:30:00,LSTM-FRO,27.216053963037247,33
2022-04-17 01:45:00,LSTM-FRO,15.533590405522085,33
2022-04-17 02:00:00,LSTM-FRO,29.778927605321964,33
2022-04-17 02:15:00,LSTM-FRO,44.35653032833169,33
2022-04-17 02:30:00,LSTM-FRO,40.43546080471355,33
2022-04-17 02:45:00,LSTM-FRO,43.10896060116531,33
2022-04-17 03:00:00,LSTM-FRO,21.07500026564336,33
2022-04-17 03:15:00,LSTM-FRO,34.22905520940373,33
2022-04-17 03:30:00,LSTM-FRO,22.710755075944466,33
2022-04-17 03:45:00,LSTM-FRO,28.80052811385406,33
2022-04-17 04:00:00,LSTM-FRO,19.77712834088545,33
2022-04-17 04:15:00,LSTM-FRO,23.15715810678121,33
2022-04-17 04:30:00,LSTM-FRO,22.973081076788997,33
2022-04-17 04:45:00,LSTM-FRO,34.11241625129868,33
2022-04-17 05:00:00,LSTM-FRO,33.28479352320187,33
2022-04-17 05:15:00,LSTM-FRO,29.182842129968606,33
2022-04-17 05:30:00,LSTM-FRO,19.396222306569346,33
2022-04-17 05:45:00,LSTM-FRO,25.17506825775946,33
2022-04-17 06:00:00,LSTM-FRO,22.573644011264285,33
2022-04-17 06:15:00,LSTM-FRO,33.86599844718248,33
2022-04-17 06:30:00,LSTM-FRO,36.59309783507222,33
2022-04-17 06:45:00,LSTM-FRO,35.49114223881663,33
2022-04-17 07:00:00,LSTM-FRO,22.52211759004429,33
2022-04-17 07:15:00,LSTM-FRO,13.685757840428296,33
2022-04-17 07:30:00,LSTM-FRO,17.470434560792107,33
2022-04-17 07:45:00,LSTM-FRO,38.89918697453811,33
2022-04-17 08:00:00,LSTM-FRO,24.615026098159557,33
2022-04-17 08:15:00,LSTM-FRO,22.547545325114587,33
2022-04-17 08:30:00,LSTM-FRO,41.11864028063419,33
2022-04-17 08:45:00,LSTM-FRO,37.40086625857138,33
2022-04-17 09:00:00,LSTM-FRO,27.391307556034537,33
2022-04-17 09:15:00,LSTM-FRO,25.29058523679854,33
2022-04-17 09:30:00,LSTM-FRO,26.33569978372813,33
2022-04-17 09:45:00,LSTM-FRO,28.821310526108064,33
2022-04-17 10:00:00,LSTM-FRO,40.681115125390214,33
2022-04-17 10:15:00,LSTM-FRO,30.269612927199844,33
2022-04-17 10:30:00,LSTM-FRO,32.66651156186102,33
2022-04-17 10:45:00,LSTM-FRO,36.5112956148099,33
2022-04-17 11:00:00,LSTM-FRO,20.296585098205114,33
2022-04-17 11:15:00,LSTM-FRO,32.90381613260997,33
2022-04-17 11:30:00,LSTM-FRO,25.283185581354704,33
2022-04-17 11:45:00,LSTM-FRO,14.475355394923168,33
2022-04-17 12:00:00,LSTM-FRO,15.955960071236522,33
2022-04-17 12:15:00,LSTM-FRO,21.083692370705506,33
2022-04-17 12:30:00,LSTM-FRO,31.10742052258486,33
2022-04-17 12:45:00,LSTM-FRO,28.012654550619654,33
2022-04-17 13:00:00,LSTM-FRO,28.513325277447425,33
2022-04-17 13:15:00,LSTM-FRO,44.427247574631785,33
2022-04-17 13:30:00,LSTM-FRO,19.79631593533206,33
2022-04-17 13:45:00,LSTM-FRO,27.036863353246837,33
2022-04-17 14:00:00,LSTM-FRO,29.385860023771382,33
2022-04-17 14:15:00,LSTM-FRO,22.62949423894517,33
2022-04-17 14:30:00,LSTM-FRO,27.417987045071044,33
2022-04-17 14:45:00,LSTM-FRO,18.21848672368339,33
2022-04-17 15:00:00,LSTM-FRO,38.7848990145657,33
2022-04-17 15:15:00,LSTM-FRO,22.94214463380821,33
2022-04-17 15:30:00,LSTM-FRO,45.333705690568245,33
2022-04-17 15:45:00,LSTM-FRO,27.002670247087305,33
2022-04-17 16:00:00,LSTM-FRO,35.23960811296028,33
2022-04-17 16:15:00,LSTM-FRO,26.861847228512936,33
2022-04-17 16:30:00,LSTM-FRO,27.014403366374754,33
2022-04-17 16:45:00,LSTM-FRO,23.51111738789141,33
2022-04-17 17:00:00,LSTM-FRO,28.050122093224534,33
2022-04-17 17:15:00,LSTM-FRO,29.486086430929483,33
2022-04-17 17:30:00,LSTM-FRO,22.358528963101897,33
2022-04-17 17:45:00,LSTM-FRO,26.38239583444934,33
2022-04-17 18:00:00,LSTM-FRO,23.357751384362953,33
2022-04-17 18:15:00,LSTM-FRO,48.4918518854138,33
2022-04-17 18:30:00,LSTM-FRO,26.617319181162838,33
2022-04-17 18:45:00,LSTM-FRO,40.125144905378384,33
2022-04-17 19:00:00,LSTM-FRO,25.91907239217558,33
2022-04-17 19:15:00,LSTM-FRO,29.054683227689214,33
2022-04-17 19:30:00,LSTM-FRO,19.53822643997535,33
2022-04-17 19:45:00,LSTM-FRO,24.333524532958172,33
2022-04-17 20:00:00,LSTM-FRO,28.701251761154268,33
2022-04-17 20:15:00,LSTM-FRO,40.53794767922386,33
2022-04-17 20:30:00,LSTM-FRO,28.78385587111334,33
2022-04-17 20:45:00,LSTM-FRO,38.53077501048543,33
2022-04-17 21:00:00,LSTM-FRO,31.97443730222434,33
2022-04-17 21:15:00,LSTM-FRO,40.961432189746894,33
2022-04-17 21:30:00,LSTM-FRO,26.823172385998703,33
2022-04-17 21:45:00,LSTM-FRO,49.60688441123121,33
2022-04-17 22:00:00,LSTM-FRO,24.100540090777073,33
2022-04-17 22:15:00,LSTM-FRO,22.45864312600552,33
2022-04-17 22:30:00,LSTM-FRO,20.091893917674803,33
2022-04-17 22:45:00,LSTM-FRO,48.8751235890568,33
2022-04-17 23:00:00,LSTM-FRO,33.441653443027505,33
2022-04-17 23:15:00,LSTM-FRO,25.03338776639764,33
2022-04-17 23:30:00,LSTM-FRO,37.24965828602164,33
2022-04-17 23:45:00,LSTM-FRO,32.353634359004005,33
2022-04-17 00:00:00,Transformer-FRO,22.019673314889733,33
2022-04-17 00:15:00,Transformer-FRO,30.705729870056157,33
2022-04-17 00:30:00,Transformer-FRO,29.175528960494937,33
2022-04-17 00:45:00,Transformer-FRO,19.71784614434388,33
2022-04-17 01:00:00,Transformer-FRO,43.300609816755056,33
2022-04-17 01:15:00,Transformer-FRO,30.665659746734498,33
2022-04-17 01:30:00,Transformer-FRO,39.84585147756145,33
2022-04-17 01:45:00,Transformer-FRO,60.647603187410404,33
2022-04-17 02:00:00,Transformer-FRO,30.013979933442158,33
2022-04-17 02:15:00,Transformer-FRO,29.490143726942733,33
2022-04-17 02:30:00,Transformer-FRO,33.92041795844669,33
2022-04-17 02:45:00,Transformer-FRO,42.48788376683151,33
2022-04-17 03:00:00,Transformer-FRO,28.39792365095484,33
2022-04-17 03:15:00,Transformer-FRO,27.92878813976984,33
2022-04-17 03:30:00,Transformer-FRO,43.26539530228169,33
2022-04-17 03:45:00,Transformer-FRO,36.28564337910667,33
2022-04-17 04:00:00,Transformer-FRO,19.35796154538276,33
2022-04-17 04:15:00,Transformer-FRO,23.93967587042693,33
2022-04-17 04:30:00,Transformer-FRO,48.54461467258512,33
2022-04-17 04:45:00,Transformer-FRO,36.50540772022255,33
2022-04-17 05:00:00,Transformer-FRO,26.99447516411314,33
2022-04-17 05:15:00,Transformer-FRO,31.47103333979571,33
2022-04-17 05:30:00,Transformer-FRO,33.00577114675685,33
2022-04-17 05:45:00,Transformer-FRO,39.805603072046324,33
2022-04-17 06:00:00,Transformer-FRO,23.12899191111364,33
2022-04-17 06:15:00,Transformer-FRO,26.448871494441853,33
2022-04-17 06:30:00,Transformer-FRO,35.30487539102439,33
2022-04-17 06:45:00,Transformer-FRO,32.052202185608856,33
2022-04-17 07:00:00,Transformer-FRO,38.149750688735345,33
2022-04-17 07:15:00,Transformer-FRO,23.914144155886785,33
2022-04-17 07:30:00,Transformer-FRO,36.08383542601566,33
2022-04-17 07:45:00,Transformer-FRO,43.652943846664606,33
2022-04-17 08:00:00,Transformer-FRO,37.31779612358346,33
2022-04-17 08:15:00,Transformer-FRO,34.10072599830415,33
2022-04-17 08:30:00,Transformer-FRO,32.0850529446519,33
2022-04-17 08:45:00,Transformer-FRO,26.490721680999656,33
2022-04-17 09:00:00,Transformer-FRO,32.284365243813305,33
2022-04-17 09:15:00,Transformer-FRO,45.597851388392776,33
2022-04-17 09:30:00,Transformer-FRO,31.89309053708201,33
2022-04-17 09:45:00,Transformer-FRO,26.115960881215432,33
2022-04-17 10:00:00,Transformer-FRO,28.95153368320536,33
2022-04-17 10:15:00,Transformer-FRO,34.65097737915897,33
2022-04-17 10:30:00,Transformer-FRO,29.856652806137365,33
2022-04-17 10:45:00,Transformer-FRO,37.303137962871816,33
2022-04-17 11:00:00,Transformer-FRO,37.66799346878077,33
2022-04-17 11:15:00,Transformer-FRO,41.41907461834795,33
2022-04-17 11:30:00,Transformer-FRO,47.576727656401154,33
2022-04-17 11:45:00,Transformer-FRO,42.582852972768585,33
2022-04-17 12:00:00,Transformer-FRO,25.816808086492866,33
2022-04-17 12:15:00,Transformer-FRO,26.023154322052253,33
2022-04-17 12:30:00,Transformer-FRO,32.25279966357425,33
2022-04-17 12:45:00,Transformer-FRO,29.261482141996755,33
2022-04-17 13:00:00,Transformer-FRO,24.486230727267912,33
2022-04-17 13:15:00,Transformer-FRO,29.333520261550472,33
2022-04-17 13:30:00,Transformer-FRO,29.08495996323893,33
2022-04-17 13:45:00,Transformer-FRO,27.634285759095675,33
2022-04-17 14:00:00,Transformer-FRO,30.306863535574703,33
2022-04-17 14:15:00,Transformer-FRO,44.64727228330047,33
2022-04-17 14:30:00,Transformer-FRO,34.636495690747054,33
2022-04-17 14:45:00,Transformer-FRO,62.4351572477854,33
2022-04-17 15:00:00,Transformer-FRO,34.37944939931111,33
2022-04-17 15:15:00,Transformer-FRO,30.509671112424442,33
2022-04-17 15:30:00,Transformer-FRO,32.92795671663217,33
2022-04-17 15:45:00,Transformer-FRO,35.15449264278859,33
2022-04-17 16:00:00,Transformer-FRO,36.82219973742733,33
2022-04-17 16:15:00,Transformer-FRO,56.35605036946336,33
2022-04-17 16:30:00,Transformer-FRO,26.418911980983175,33
2022-04-17 16:45:00,Transformer-FRO,41.09882655157732,33
2022-04-17 17:00:00,Transformer-FRO,34.71302605283443,33
2022-04-17 17:15:00,Transformer-FRO,21.88725027936837,33
2022-04-17 17:30:00,Transformer-FRO,40.16810766913242,33
2022-04-17 17:45:00,Transformer-FRO,45.6915536719039,33
2022-04-17 18:00:00,Transformer-FRO,26.33782632813628,33
2022-04-17 18:15:00,Transformer-FRO,32.81658949365436,33
2022-04-17 18:30:00,Transformer-FRO,21.029147366053397,33
2022-04-17 18:45:00,Transformer-FRO,23.73316835119792,33
2022-04-17 19:00:00,Transformer-FRO,43.16276716438023,33
2022-04-17 19:15:00,Transformer-FRO,29.146079252041588,33
2022-04-17 19:30:00,Transformer-FRO,24.67438636145104,33
2022-04-17 19:45:00,Transformer-FRO,34.90896959460637,33
2022-04-17 20:00:00,Transformer-FRO,28.725983553910876,33
2022-04-17 20:15:00,Transformer-FRO,29.112809198789364,33
2022-04-17 20:30:00,Transformer-FRO,39.84269878597083,33
2022-04-17 20:45:00,Transformer-FRO,24.338079863832704,33
2022-04-17 21:00:00,Transformer-FRO,26.01080479857427,33
2022-04-17 21:15:00,Transformer-FRO,34.23332436946603,33
2022-04-17 21:30:00,Transformer-FRO,42.29183812674831,33
2022-04-17 21:45:00,Transformer-FRO,45.34384186875598,33
2022-04-17 22:00:00,Transformer-FRO,27.68294954857747,33
2022-04-17 22:15:00,Transformer-FRO,41.94204600054736,33
2022-04-17 22:30:00,Transformer-FRO,26.841308980301214,33
2022-04-17 22:45:00,Transformer-FRO,52.81212113752511,33
2022-04-17 23:00:00,Transformer-FRO,24.515170438003818,33
2022-04-17 23:15:00,Transformer-FRO,46.41820346074545,33
2022-04-17 23:30:00,Transformer-FRO,27.744569440948606,33
2022-04-17 23:45:00,Transformer-FRO,55.43630799757417,33
2022-04-17 00:00:00,DFL-FRO,25.113097151110754,33
2022-04-17 00:15:00,DFL-FRO,28.817525946340115,33
2022-04-17 00:30:00,DFL-FRO,41.437633995586786,33
2022-04-17 00:45:00,DFL-FRO,44.69378096825565,33
2022-04-17 01:00:00,DFL-FRO,32.68130882644028,33
2022-04-17 01:15:00,DFL-FRO,33.749072812812024,33
2022-04-17 01:30:00,DFL-FRO,41.17487719681841,33
2022-04-17 01:45:00,DFL-FRO,34.578602718107845,33
2022-04-17 02:00:00,DFL-FRO,23.244434137693464,33
2022-04-17 02:15:00,DFL-FRO,26.57493631959034,33
2022-04-17 02:30:00,DFL-FRO,35.588631113430715,33
2022-04-17 02:45:00,DFL-FRO,46.76851193787137,33
2022-04-17 03:00:00,DFL-FRO,52.290352964845724,33
2022-04-17 03:15:00,DFL-FRO,41.418565482429955,33
2022-04-17 03:30:00,DFL-FRO,36.10978745759466,33
2022-04-17 03:45:00,DFL-FRO,41.06557391296294,33
2022-04-17 04:00:00,DFL-FRO,27.680120880578098,33
2022-04-17 04:15:00,DFL-FRO,31.938427659550158,33
2022-04-17 04:30:00,DFL-FRO,26.492446301162264,33
2022-04-17 04:45:00,DFL-FRO,23.53618401120645,33
2022-04-17 05:00:00,DFL-FRO,36.57826055196506,33
2022-04-17 05:15:00,DFL-FRO,35.1000672881556,33
2022-04-17 05:30:00,DFL-FRO,40.3716238913925,33
2022-04-17 05:45:00,DFL-FRO,38.810312682392706,33
2022-04-17 06:00:00,DFL-FRO,35.66332805771276,33
2022-04-17 06:15:00,DFL-FRO,38.924086050699245,33
2022-04-17 06:30:00,DFL-FRO,32.93759606796467,33
2022-04-17 06:45:00,DFL-FRO,37.39598418298209,33
2022-04-17 07:00:00,DFL-FRO,27.225774758984947,33
2022-04-17 07:15:00,DFL-FRO,36.94866187265991,33
2022-04-17 07:30:00,DFL-FRO,40.15581518506333,33
2022-04-17 07:45:00,DFL-FRO,27.657525878613612,33
2022-04-17 08:00:00,DFL-FRO,33.816605621006794,33
2022-04-17 08:15:00,DFL-FRO,28.014942912403363,33
2022-04-17 08:30:00,DFL-FRO,28.78327178087943,33
2022-04-17 08:45:00,DFL-FRO,24.362383742997398,33
2022-04-17 09:00:00,DFL-FRO,47.42855462806577,33
2022-04-17 09:15:00,DFL-FRO,44.85648850893434,33
2022-04-17 09:30:00,DFL-FRO,38.71657610806493,33
2022-04-17 09:45:00,DFL-FRO,57.74708934402596,33
2022-04-17 10:00:00,DFL-FRO,31.619505412463074,33
2022-04-17 10:15:00,DFL-FRO,77.5813866265404,33
2022-04-17 10:30:00,DFL-FRO,31.28398173252047,33
2022-04-17 10:45:00,DFL-FRO,35.78825663129772,33
2022-04-17 11:00:00,DFL-FRO,29.834499625414008,33
2022-04-17 11:15:00,DFL-FRO,36.975643390456625,33
2022-04-17 11:30:00,DFL-FRO,42.07096296306991,33
2022-04-17 11:45:00,DFL-FRO,32.29024444372416,33
2022-04-17 12:00:00,DFL-FRO,54.6857055667079,33
2022-04-17 12:15:00,DFL-FRO,35.62861248104465,33
2022-04-17 12:30:00,DFL-FRO,35.94108356499859,33
2022-04-17 12:45:00,DFL-FRO,25.873284580262336,33
2022-04-17 13:00:00,DFL-FRO,37.454465339288795,33
2022-04-17 13:15:00,DFL-FRO,32.10979589027386,33
2022-04-17 13:30:00,DFL-FRO,28.135130034741504,33
2022-04-17 13:45:00,DFL-FRO,26.846604908263757,33
2022-04-17 14:00:00,DFL-FRO,70.17636910926373,33
2022-04-17 14:15:00,DFL-FRO,30.972171870809852,33
2022-04-17 14:30:00,DFL-FRO,22.209294370251765,33
2022-04-17 14:45:00,DFL-FRO,27.43844199342657,33
2022-04-17 15:00:00,DFL-FRO,32.85615044804455,33
2022-04-17 15:15:00,DFL-FRO,38.816317502405944,33
2022-04-17 15:30:00,DFL-FRO,38.904348989795686,33
2022-04-17 15:45:00,DFL-FRO,40.24764016483581,33
2022-04-17 16:00:00,DFL-FRO,27.849483762947692,33
2022-04-17 16:15:00,DFL-FRO,36.64857070290799,33
2022-04-17 16:30:00,DFL-FRO,26.111854056166425,33
2022-04-17 16:45:00,DFL-FRO,28.045870145695794,33
2022-04-17 17:00:00,DFL-FRO,25.81055462444798,33
2022-04-17 17:15:00,DFL-FRO,23.93536136318082,33
2022-04-17 17:30:00,DFL-FRO,44.83804691942291,33
2022-04-17 17:45:00,DFL-FRO,40.382416323864966,33
2022-04-17 18:00:00,DFL-FRO,43.75747011199325,33
2022-04-17 18:15:00,DFL-FRO,33.69884178376141,33
2022-04-17 18:30:00,DFL-FRO,41.38716454785114,33
2022-04-17 18:45:00,DFL-FRO,20.40366875007176,33
2022-04-17 19:00:00,DFL-FRO,42.39426908003727,33
2022-04-17 19:15:00,DFL-FRO,35.0180679214571,33
2022-04-17 19:30:00,DFL-FRO,39.69624183973838,33
2022-04-17 19:45:00,DFL-FRO,37.055042062877334,33
2022-04-17 20:00:00,DFL-FRO,25.316586422556643,33
2022-04-17 20:15:00,DFL-FRO,21.9566668637918,33
2022-04-17 20:30:00,DFL-FRO,27.332882251444605,33
2022-04-17 20:45:00,DFL-FRO,39.01422231180438,33
2022-04-17 21:00:00,DFL-FRO,40.3990706909706,33
2022-04-17 21:15:00,DFL-FRO,22.7672540054978,33
2022-04-17 21:30:00,DFL-FRO,25.358637118873123,33
2022-04-17 21:45:00,DFL-FRO,27.24785105182805,33
2022-04-17 22:00:00,DFL-FRO,30.17287778650351,33
2022-04-17 22:15:00,DFL-FRO,22.804661410457385,33
2022-04-17 22:30:00,DFL-FRO,22.426545859956406,33
2022-04-17 22:45:00,DFL-FRO,26.509397191362314,33
2022-04-17 23:00:00,DFL-FRO,34.14252917858486,33
2022-04-17 23:15:00,DFL-FRO,23.987405193855167,33
2022-04-17 23:30:00,DFL-FRO,32.27326887203162,33
2022-04-17 23:45:00,DFL-FRO,44.7674259046615,33
2022-04-17 00:00:00,CVaR-DFL-FRO,31.7380471980548,33
2022-04-17 00:15:00,CVaR-DFL-FRO,46.50118281997107,33
2022-04-17 00:30:00,CVaR-DFL-FRO,29.71944328422121,33
2022-04-17 00:45:00,CVaR-DFL-FRO,28.320633385218027,33
2022-04-17 01:00:00,CVaR-DFL-FRO,48.546369171531985,33
2022-04-17 01:15:00,CVaR-DFL-FRO,30.770865907688638,33
2022-04-17 01:30:00,CVaR-DFL-FRO,47.66585544764705,33
2022-04-17 01:45:00,CVaR-DFL-FRO,38.65370711344562,33
2022-04-17 02:00:00,CVaR-DFL-FRO,30.423049778319445,33
2022-04-17 02:15:00,CVaR-DFL-FRO,39.26679994092271,33
2022-04-17 02:30:00,CVaR-DFL-FRO,37.374076043918635,33
2022-04-17 02:45:00,CVaR-DFL-FRO,46.445330262726685,33
2022-04-17 03:00:00,CVaR-DFL-FRO,28.544008702682067,33
2022-04-17 03:15:00,CVaR-DFL-FRO,34.27260485553651,33
2022-04-17 03:30:00,CVaR-DFL-FRO,33.197630642913246,33
2022-04-17 03:45:00,CVaR-DFL-FRO,42.09857467369537,33
2022-04-17 04:00:00,CVaR-DFL-FRO,24.618957656173887,33
2022-04-17 04:15:00,CVaR-DFL-FRO,46.38908627435578,33
2022-04-17 04:30:00,CVaR-DFL-FRO,39.10436499279044,33
2022-04-17 04:45:00,CVaR-DFL-FRO,22.488568843139333,33
2022-04-17 05:00:00,CVaR-DFL-FRO,49.22529810736658,33
2022-04-17 05:15:00,CVaR-DFL-FRO,67.67086118423809,33
2022-04-17 05:30:00,CVaR-DFL-FRO,46.17166580295755,33
2022-04-17 05:45:00,CVaR-DFL-FRO,52.68141756290161,33
2022-04-17 06:00:00,CVaR-DFL-FRO,34.745426426140725,33
2022-04-17 06:15:00,CVaR-DFL-FRO,20.208565565592284,33
2022-04-17 06:30:00,CVaR-DFL-FRO,19.09550379134665,33
2022-04-17 06:45:00,CVaR-DFL-FRO,36.6237911999826,33
2022-04-17 07:00:00,CVaR-DFL-FRO,28.16022476844738,33
2022-04-17 07:15:00,CVaR-DFL-FRO,25.47836420274937,33
2022-04-17 07:30:00,CVaR-DFL-FRO,33.184954885213735,33
2022-04-17 07:45:00,CVaR-DFL-FRO,40.95765084147434,33
2022-04-17 08:00:00,CVaR-DFL-FRO,21.560591946205694,33
2022-04-17 08:15:00,CVaR-DFL-FRO,29.438561975723715,33
2022-04-17 08:30:00,CVaR-DFL-FRO,54.05363859827327,33
2022-04-17 08:45:00,CVaR-DFL-FRO,24.239200584679907,33
2022-04-17 09:00:00,CVaR-DFL-FRO,44.318082400506746,33
2022-04-17 09:15:00,CVaR-DFL-FRO,29.112934597216828,33
2022-04-17 09:30:00,CVaR-DFL-FRO,40.08037779425184,33
2022-04-17 09:45:00,CVaR-DFL-FRO,47.55998284338997,33
2022-04-17 10:00:00,CVaR-DFL-FRO,42.58636017118825,33
2022-04-17 10:15:00,CVaR-DFL-FRO,44.86309522939455,33
2022-04-17 10:30:00,CVaR-DFL-FRO,23.67213660925931,33
2022-04-17 10:45:00,CVaR-DFL-FRO,47.80157189512145,33
2022-04-17 11:00:00,CVaR-DFL-FRO,25.972230909520686,33
2022-04-17 11:15:00,CVaR-DFL-FRO,36.6744974743998,33
2022-04-17 11:30:00,CVaR-DFL-FRO,36.659759736561725,33
2022-04-17 11:45:00,CVaR-DFL-FRO,39.33302825407084,33
2022-04-17 12:00:00,CVaR-DFL-FRO,37.56596304840921,33
2022-04-17 12:15:00,CVaR-DFL-FRO,26.043905349691574,33
2022-04-17 12:30:00,CVaR-DFL-FRO,22.259909423565404,33
2022-04-17 12:45:00,CVaR-DFL-FRO,44.35367212335021,33
2022-04-17 13:00:00,CVaR-DFL-FRO,35.84539492774309,33
2022-04-17 13:15:00,CVaR-DFL-FRO,48.33419171134014,33
2022-04-17 13:30:00,CVaR-DFL-FRO,33.37092776704177,33
2022-04-17 13:45:00,CVaR-DFL-FRO,21.881296973721742,33
2022-04-17 14:00:00,CVaR-DFL-FRO,45.66305796899538,33
2022-04-17 14:15:00,CVaR-DFL-FRO,30.164358173561265,33
2022-04-17 14:30:00,CVaR-DFL-FRO,37.62482561839166,33
2022-04-17 14:45:00,CVaR-DFL-FRO,27.679678262974587,33
2022-04-17 15:00:00,CVaR-DFL-FRO,56.355622361269766,33
2022-04-17 15:15:00,CVaR-DFL-FRO,25.780595487354194,33
2022-04-17 15:30:00,CVaR-DFL-FRO,30.47420006836072,33
2022-04-17 15:45:00,CVaR-DFL-FRO,34.98421982456018,33
2022-04-17 16:00:00,CVaR-DFL-FRO,24.11249317872672,33
2022-04-17 16:15:00,CVaR-DFL-FRO,37.49101771724973,33
2022-04-17 16:30:00,CVaR-DFL-FRO,55.79214737499037,33
2022-04-17 16:45:00,CVaR-DFL-FRO,29.061215520253153,33
2022-04-17 17:00:00,CVaR-DFL-FRO,38.25023693737677,33
2022-04-17 17:15:00,CVaR-DFL-FRO,14.419665361680607,33
2022-04-17 17:30:00,CVaR-DFL-FRO,33.4310668730822,33
2022-04-17 17:45:00,CVaR-DFL-FRO,30.70563725423866,33
2022-04-17 18:00:00,CVaR-DFL-FRO,26.249227366265433,33
2022-04-17 18:15:00,CVaR-DFL-FRO,47.32629711350372,33
2022-04-17 18:30:00,CVaR-DFL-FRO,30.580138588639635,33
2022-04-17 18:45:00,CVaR-DFL-FRO,32.02456123875067,33
2022-04-17 19:00:00,CVaR-DFL-FRO,30.10058275111358,33
2022-04-17 19:15:00,CVaR-DFL-FRO,18.66966981487203,33
2022-04-17 19:30:00,CVaR-DFL-FRO,23.81656826185884,33
2022-04-17 19:45:00,CVaR-DFL-FRO,45.59176963488169,33
2022-04-17 20:00:00,CVaR-DFL-FRO,17.583890853050725,33
2022-04-17 20:15:00,CVaR-DFL-FRO,26.677627507088065,33
2022-04-17 20:30:00,CVaR-DFL-FRO,29.890951879456125,33
2022-04-17 20:45:00,CVaR-DFL-FRO,58.119111790513166,33
2022-04-17 21:00:00,CVaR-DFL-FRO,42.94886604619582,33
2022-04-17 21:15:00,CVaR-DFL-FRO,28.46596732148567,33
2022-04-17 21:30:00,CVaR-DFL-FRO,50.717348276340495,33
2022-04-17 21:45:00,CVaR-DFL-FRO,26.892009519145137,33
2022-04-17 22:00:00,CVaR-DFL-FRO,46.275859336346954,33
2022-04-17 22:15:00,CVaR-DFL-FRO,22.197776252697423,33
2022-04-17 22:30:00,CVaR-DFL-FRO,47.20616346596344,33
2022-04-17 22:45:00,CVaR-DFL-FRO,29.831536473728395,33
2022-04-17 23:00:00,CVaR-DFL-FRO,24.593575203794938,33
2022-04-17 23:15:00,CVaR-DFL-FRO,31.632888163495267,33
2022-04-17 23:30:00,CVaR-DFL-FRO,36.877608306385916,33
2022-04-17 23:45:00,CVaR-DFL-FRO,29.02259707930112,33
2022-04-17 13:45:00,CVaR-DFL-RTRO,50.93355602306445,33
2022-04-17 16:30:00,CVaR-DFL-RTRO,30.283346815039387,33
2022-04-17 20:30:00,CVaR-DFL-RTRO,35.949180206422774,33
2022-04-17 21:15:00,CVaR-DFL-RTRO,35.27613979994116,33
2022-04-17 21:30:00,CVaR-DFL-RTRO,50.06905232912427,33
2022-04-17 22:15:00,CVaR-DFL-RTRO,39.01607894287323,33
2022-04-18 00:00:00,LSTM-FRO,35.93532671780849,33
2022-04-18 00:15:00,LSTM-FRO,33.967751743436125,33
2022-04-18 00:30:00,LSTM-FRO,26.26212518881911,33
2022-04-18 00:45:00,LSTM-FRO,23.116130545015004,33
2022-04-18 01:00:00,LSTM-FRO,36.36932150881079,33
2022-04-18 01:15:00,LSTM-FRO,33.21507625794244,33
2022-04-18 01:30:00,LSTM-FRO,18.274223651488125,33
2022-04-18 01:45:00,LSTM-FRO,25.282490224015365,33
2022-04-18 02:00:00,LSTM-FRO,28.51063673826702,33
2022-04-18 02:15:00,LSTM-FRO,33.25628085420381,33
2022-04-18 02:30:00,LSTM-FRO,34.370481986797934,33
2022-04-18 02:45:00,LSTM-FRO,29.370712297871798,33
2022-04-18 03:00:00,LSTM-FRO,31.678771101947657,33
2022-04-18 03:15:00,LSTM-FRO,27.794193662380895,33
2022-04-18 03:30:00,LSTM-FRO,23.093761292807514,33
2022-04-18 03:45:00,LSTM-FRO,25.613983228387532,33
2022-04-18 04:00:00,LSTM-FRO,27.480970475743877,33
2022-04-18 04:15:00,LSTM-FRO,27.113190831775803,33
2022-04-18 04:30:00,LSTM-FRO,17.036737009574175,33
2022-04-18 04:45:00,LSTM-FRO,24.752884273971482,33
2022-04-18 05:00:00,LSTM-FRO,27.738909484709087,33
2022-04-18 05:15:00,LSTM-FRO,25.485027227873097,33
2022-04-18 05:30:00,LSTM-FRO,25.707006708687622,33
2022-04-18 05:45:00,LSTM-FRO,30.91469349981841,33
2022-04-18 06:00:00,LSTM-FRO,20.86065445393142,33
2022-04-18 06:15:00,LSTM-FRO,18.17455461141075,33
2022-04-18 06:30:00,LSTM-FRO,25.061221483941164,33
2022-04-18 06:45:00,LSTM-FRO,33.13365440717307,33
2022-04-18 07:00:00,LSTM-FRO,41.77798599567816,33
2022-04-18 07:15:00,LSTM-FRO,33.28383048674358,33
2022-04-18 07:30:00,LSTM-FRO,18.91836797531104,33
2022-04-18 07:45:00,LSTM-FRO,25.800471402477022,33
2022-04-18 08:00:00,LSTM-FRO,29.170319299330266,33
2022-04-18 08:15:00,LSTM-FRO,28.597197083227346,33
2022-04-18 08:30:00,LSTM-FRO,31.315502106888943,33
2022-04-18 08:45:00,LSTM-FRO,21.72601232769581,33
2022-04-18 09:00:00,LSTM-FRO,27.79982004978634,33
2022-04-18 09:15:00,LSTM-FRO,30.393965278619998,33
2022-04-18 09:30:00,LSTM-FRO,33.649650545697995,33
2022-04-18 09:45:00,LSTM-FRO,22.341786216066232,33
2022-04-18 10:00:00,LSTM-FRO,25.08018406857031,33
2022-04-18 10:15:00,LSTM-FRO,13.873212805730923,33
2022-04-18 10:30:00,LSTM-FRO,23.399494571150736,33
2022-04-18 10:45:00,LSTM-FRO,23.976570400663825,33
2022-04-18 11:00:00,LSTM-FRO,21.173909504552025,33
2022-04-18 11:15:00,LSTM-FRO,28.511328774224072,33
2022-04-18 11:30:00,LSTM-FRO,26.968828355208775,33
2022-04-18 11:45:00,LSTM-FRO,15.511368134344814,33
2022-04-18 12:00:00,LSTM-FRO,28.870703336224853,33
2022-04-18 12:15:00,LSTM-FRO,21.664603316668874,33
2022-04-18 12:30:00,LSTM-FRO,30.896830050006407,33
2022-04-18 12:45:00,LSTM-FRO,19.82473296295238,33
2022-04-18 13:00:00,LSTM-FRO,27.557068605184806,33
2022-04-18 13:15:00,LSTM-FRO,25.473556468313294,33
2022-04-18 13:30:00,LSTM-FRO,29.51258941515817,33
2022-04-18 13:45:00,LSTM-FRO,28.21998005141775,33
2022-04-18 14:00:00,LSTM-FRO,25.653238487001797,33
2022-04-18 14:15:00,LSTM-FRO,18.59811875184446,33
2022-04-18 14:30:00,LSTM-FRO,18.875937217324793,33
2022-04-18 14:45:00,LSTM-FRO,23.621262451610082,33
2022-04-18 15:00:00,LSTM-FRO,27.29347473393574,33
2022-04-18 15:15:00,LSTM-FRO,23.477245378176757,33
2022-04-18 15:30:00,LSTM-FRO,31.998193177429872,33
2022-04-18 15:45:00,LSTM-FRO,25.49878019139709,33
2022-04-18 16:00:00,LSTM-FRO,21.465981806706626,33
2022-04-18 16:15:00,LSTM-FRO,25.50598018060207,33
2022-04-18 16:30:00,LSTM-FRO,28.945828149298645,33
2022-04-18 16:45:00,LSTM-FRO,29.674417018559026,33
2022-04-18 17:00:00,LSTM-FRO,43.8280723031131,33
2022-04-18 17:15:00,LSTM-FRO,23.122432130634653,33
2022-04-18 17:30:00,LSTM-FRO,26.85038478439093,33
2022-04-18 17:45:00,LSTM-FRO,30.43826063393525,33
2022-04-18 18:00:00,LSTM-FRO,27.189915075579492,33
2022-04-18 18:15:00,LSTM-FRO,24.120233572449077,33
2022-04-18 18:30:00,LSTM-FRO,18.537592797736114,33
2022-04-18 18:45:00,LSTM-FRO,24.05845098758197,33
2022-04-18 19:00:00,LSTM-FRO,20.88819112319454,33
2022-04-18 19:15:00,LSTM-FRO,17.730368320324647,33
2022-04-18 19:30:00,LSTM-FRO,22.398164611887076,33
2022-04-18 19:45:00,LSTM-FRO,21.02819864003133,33
2022-04-18 20:00:00,LSTM-FRO,31.66715453803373,33
2022-04-18 20:15:00,LSTM-FRO,31.80502606997606,33
2022-04-18 20:30:00,LSTM-FRO,21.797959796331895,33
2022-04-18 20:45:00,LSTM-FRO,25.620644173358954,33
2022-04-18 21:00:00,LSTM-FRO,17.154027694858136,33
2022-04-18 21:15:00,LSTM-FRO,24.15827892192255,33
2022-04-18 21:30:00,LSTM-FRO,30.231567239658975,33
2022-04-18 21:45:00,LSTM-FRO,33.64345862718383,33
2022-04-18 22:00:00,LSTM-FRO,22.86764193927517,33
2022-04-18 22:15:00,LSTM-FRO,35.615604808528474,33
2022-04-18 22:30:00,LSTM-FRO,18.69445461015473,33
2022-04-18 22:45:00,LSTM-FRO,19.995790017092805,33
2022-04-18 23:00:00,LSTM-FRO,32.68380677847977,33
2022-04-18 23:15:00,LSTM-FRO,41.606005014769856,33
2022-04-18 23:30:00,LSTM-FRO,30.956946025266333,33
2022-04-18 23:45:00,LSTM-FRO,27.07467210600359,33
2022-04-18 00:00:00,Transformer-FRO,15.407616193799226,33
2022-04-18 00:15:00,Transformer-FRO,26.91770746315945,33
2022-04-18 00:30:00,Transformer-FRO,23.721813704593085,33
2022-04-18 00:45:00,Transformer-FRO,19.541030705127596,33
2022-04-18 01:00:00,Transformer-FRO,26.47557603358759,33
2022-04-18 01:15:00,Transformer-FRO,26.81824311445434,33
2022-04-18 01:30:00,Transformer-FRO,33.251338506158596,33
2022-04-18 01:45:00,Transformer-FRO,26.967953092450962,33
2022-04-18 02:00:00,Transformer-FRO,35.7919682680751,33
2022-04-18 02:15:00,Transformer-FRO,26.083536946583806,33
2022-04-18 02:30:00,Transformer-FRO,25.262680482467704,33
2022-04-18 02:45:00,Transformer-FRO,34.30122704532472,33
2022-04-18 03:00:00,Transformer-FRO,20.19725164869382,33
2022-04-18 03:15:00,Transformer-FRO,53.99801395082097,33
2022-04-18 03:30:00,Transformer-FRO,28.689366231072867,33
2022-04-18 03:45:00,Transformer-FRO,28.730841451383927,33
2022-04-18 04:00:00,Transformer-FRO,29.825862908762772,33
2022-04-18 04:15:00,Transformer-FRO,42.348206073307374,33
2022-04-18 04:30:00,Transformer-FRO,31.967155105186226,33
2022-04-18 04:45:00,Transformer-FRO,17.16858007368403,33
2022-04-18 05:00:00,Transformer-FRO,37.45410565181669,33
2022-04-18 05:15:00,Transformer-FRO,23.827628542729393,33
2022-04-18 05:30:00,Transformer-FRO,26.762838876260247,33
2022-04-18 05:45:00,Transformer-FRO,18.681864770007177,33
2022-04-18 06:00:00,Transformer-FRO,29.834417282544003,33
2022-04-18 06:15:00,Transformer-FRO,21.984698625077304,33
2022-04-18 06:30:00,Transformer-FRO,26.714411284973423,33
2022-04-18 06:45:00,Transformer-FRO,24.18111497704164,33
2022-04-18 07:00:00,Transformer-FRO,42.87715601205568,33
2022-04-18 07:15:00,Transformer-FRO,43.518321330167794,33
2022-04-18 07:30:00,Transformer-FRO,26.34533957655093,33
2022-04-18 07:45:00,Transformer-FRO,26.464904857575224,33
2022-04-18 08:00:00,Transformer-FRO,23.62740599964772,33
2022-04-18 08:15:00,Transformer-FRO,34.67404284662592,33
2022-04-18 08:30:00,Transformer-FRO,23.90173452445004,33
2022-04-18 08:45:00,Transformer-FRO,23.335819965091993,33
2022-04-18 09:00:00,Transformer-FRO,33.54729583011678,33
2022-04-18 09:15:00,Transformer-FRO,22.638777481675735,33
2022-04-18 09:30:00,Transformer-FRO,25.77597259304258,33
2022-04-18 09:45:00,Transformer-FRO,17.27460505233203,33
2022-04-18 10:00:00,Transformer-FRO,31.24347562732631,33
2022-04-18 10:15:00,Transformer-FRO,43.05376872685558,33
2022-04-18 10:30:00,Transformer-FRO,31.38177559927999,33
2022-04-18 10:45:00,Transformer-FRO,38.02483592756146,33
2022-04-18 11:00:00,Transformer-FRO,20.902288534578123,33
2022-04-18 11:15:00,Transformer-FRO,27.67431286330946,33
2022-04-18 11:30:00,Transformer-FRO,20.38285292035972,33
2022-04-18 11:45:00,Transformer-FRO,24.536892655315157,33
2022-04-18 12:00:00,Transformer-FRO,31.799378528293836,33
2022-04-18 12:15:00,Transformer-FRO,26.725849007524307,33
2022-04-18 12:30:00,Transformer-FRO,18.04681727990857,33
2022-04-18 12:45:00,Transformer-FRO,18.509380560827626,33
2022-04-18 13:00:00,Transformer-FRO,18.194703964584637,33
2022-04-18 13:15:00,Transformer-FRO,29.566826753204815,33
2022-04-18 13:30:00,Transformer-FRO,44.449234373498584,33
2022-04-18 13:45:00,Transformer-FRO,37.05795044512561,33
2022-04-18 14:00:00,Transformer-FRO,15.921180505610703,33
2022-04-18 14:15:00,Transformer-FRO,37.62546238071376,33
2022-04-18 14:30:00,Transformer-FRO,33.18230715167311,33
2022-04-18 14:45:00,Transformer-FRO,17.436648254558335,33
2022-04-18 15:00:00,Transformer-FRO,24.061646182366626,33
2022-04-18 15:15:00,Transformer-FRO,34.579919605252655,33
2022-04-18 15:30:00,Transformer-FRO,30.022445559564954,33
2022-04-18 15:45:00,Transformer-FRO,18.537880105449837,33
2022-04-18 16:00:00,Transformer-FRO,30.49558151835571,33
2022-04-18 16:15:00,Transformer-FRO,14.954787019414876,33
2022-04-18 16:30:00,Transformer-FRO,24.568361549333204,33
2022-04-18 16:45:00,Transformer-FRO,34.96247414787168,33
2022-04-18 17:00:00,Transformer-FRO,26.153966304462823,33
2022-04-18 17:15:00,Transformer-FRO,22.870999584252004,33
2022-04-18 17:30:00,Transformer-FRO,32.77994362322364,33
2022-04-18 17:45:00,Transformer-FRO,33.51390312894014,33
2022-04-18 18:00:00,Transformer-FRO,36.557709757479664,33
2022-04-18 18:15:00,Transformer-FRO,32.65267357257419,33
2022-04-18 18:30:00,Transformer-FRO,34.45330859310312,33
2022-04-18 18:45:00,Transformer-FRO,31.476980030097252,33
2022-04-18 19:00:00,Transformer-FRO,27.88465698604645,33
2022-04-18 19:15:00,Transformer-FRO,26.640673647598003,33
2022-04-18 19:30:00,Transformer-FRO,24.476566898848628,33
2022-04-18 19:45:00,Transformer-FRO,19.008666987946413,33
2022-04-18 20:00:00,Transformer-FRO,20.318735744544114,33
2022-04-18 20:15:00,Transformer-FRO,24.194187545863116,33
2022-04-18 20:30:00,Transformer-FRO,27.71113116053203,33
2022-04-18 20:45:00,Transformer-FRO,37.8184936370155,33
2022-04-18 21:00:00,Transformer-FRO,25.74897251229439,33
2022-04-18 21:15:00,Transformer-FRO,33.76443086067961,33
2022-04-18 21:30:00,Transformer-FRO,34.434919478215726,33
2022-04-18 21:45:00,Transformer-FRO,24.513484437401377,33
2022-04-18 22:00:00,Transformer-FRO,30.368926730569203,33
2022-04-18 22:15:00,Transformer-FRO,24.43681943255393,33
2022-04-18 22:30:00,Transformer-FRO,36.67254353625923,33
2022-04-18 22:45:00,Transformer-FRO,30.694697240410285,33
2022-04-18 23:00:00,Transformer-FRO,19.116830859021903,33
2022-04-18 23:15:00,Transformer-FRO,27.14277734622957,33
2022-04-18 23:30:00,Transformer-FRO,39.906762890562305,33
2022-04-18 23:45:00,Transformer-FRO,24.83472904077528,33
2022-04-18 00:00:00,DFL-FRO,38.46800879100208,33
2022-04-18 00:15:00,DFL-FRO,24.750688278461382,33
2022-04-18 00:30:00,DFL-FRO,38.092841413713614,33
2022-04-18 00:45:00,DFL-FRO,22.405667679037283,33
2022-04-18 01:00:00,DFL-FRO,27.754017135497897,33
2022-04-18 01:15:00,DFL-FRO,44.588287798228635,33
2022-04-18 01:30:00,DFL-FRO,36.49323191486902,33
2022-04-18 01:45:00,DFL-FRO,30.352228612779864,33
2022-04-18 02:00:00,DFL-FRO,37.41694141782291,33
2022-04-18 02:15:00,DFL-FRO,32.49120560941237,33
2022-04-18 02:30:00,DFL-FRO,33.15586417190376,33
2022-04-18 02:45:00,DFL-FRO,39.67578171192984,33
2022-04-18 03:00:00,DFL-FRO,26.978199495462924,33
2022-04-18 03:15:00,DFL-FRO,33.41331610468337,33
2022-04-18 03:30:00,DFL-FRO,30.286410298590727,33
2022-04-18 03:45:00,DFL-FRO,21.2397956627409,33
2022-04-18 04:00:00,DFL-FRO,25.56499347151344,33
2022-04-18 04:15:00,DFL-FRO,51.14704463119383,33
2022-04-18 04:30:00,DFL-FRO,36.778741310316335,33
2022-04-18 04:45:00,DFL-FRO,22.848572826434683,33
2022-04-18 05:00:00,DFL-FRO,21.50930177901,33
2022-04-18 05:15:00,DFL-FRO,32.02315951790808,33
2022-04-18 05:30:00,DFL-FRO,51.04709157469322,33
2022-04-18 05:45:00,DFL-FRO,31.36439217822875,33
2022-04-18 06:00:00,DFL-FRO,47.556469440294734,33
2022-04-18 06:15:00,DFL-FRO,36.44419389830727,33
2022-04-18 06:30:00,DFL-FRO,37.676302165211666,33
2022-04-18 06:45:00,DFL-FRO,22.77145878438206,33
2022-04-18 07:00:00,DFL-FRO,42.90382327092646,33
2022-04-18 07:15:00,DFL-FRO,30.095741712496107,33
2022-04-18 07:30:00,DFL-FRO,42.02314102976274,33
2022-04-18 07:45:00,DFL-FRO,26.33348031778756,33
2022-04-18 08:00:00,DFL-FRO,34.71078315671551,33
2022-04-18 08:15:00,DFL-FRO,36.4449269537311,33
2022-04-18 08:30:00,DFL-FRO,31.651711103607155,33
2022-04-18 08:45:00,DFL-FRO,36.98245024855869,33
2022-04-18 09:00:00,DFL-FRO,30.676023964410113,33
2022-04-18 09:15:00,DFL-FRO,27.573360490884173,33
2022-04-18 09:30:00,DFL-FRO,51.68110058105523,33
2022-04-18 09:45:00,DFL-FRO,44.25691227733101,33
2022-04-18 10:00:00,DFL-FRO,26.727552746049508,33
2022-04-18 10:15:00,DFL-FRO,38.71065786509336,33
2022-04-18 10:30:00,DFL-FRO,26.863341279124825,33
2022-04-18 10:45:00,DFL-FRO,23.75029613812426,33
2022-04-18 11:00:00,DFL-FRO,44.07055014331487,33
2022-04-18 11:15:00,DFL-FRO,20.5499165599276,33
2022-04-18 11:30:00,DFL-FRO,42.77648416976945,33
2022-04-18 11:45:00,DFL-FRO,30.793139640590873,33
2022-04-18 12:00:00,DFL-FRO,31.148490535332595,33
2022-04-18 12:15:00,DFL-FRO,37.03613927912209,33
2022-04-18 12:30:00,DFL-FRO,38.848484976851616,33
2022-04-18 12:45:00,DFL-FRO,26.244304951672383,33
2022-04-18 13:00:00,DFL-FRO,40.354910905791606,33
2022-04-18 13:15:00,DFL-FRO,34.10029065926643,33
2022-04-18 13:30:00,DFL-FRO,23.28262272824989,33
2022-04-18 13:45:00,DFL-FRO,31.512300877916406,33
2022-04-18 14:00:00,DFL-FRO,48.55107106581158,33
2022-04-18 14:15:00,DFL-FRO,52.715407766906644,33
2022-04-18 14:30:00,DFL-FRO,40.35067001147822,33
2022-04-18 14:45:00,DFL-FRO,23.712874493269197,33
2022-04-18 15:00:00,DFL-FRO,37.880069274719354,33
2022-04-18 15:15:00,DFL-FRO,41.880153377690405,33
2022-04-18 15:30:00,DFL-FRO,40.4447737262442,33
2022-04-18 15:45:00,DFL-FRO,41.11803250343309,33
2022-04-18 16:00:00,DFL-FRO,36.55945985988122,33
2022-04-18 16:15:00,DFL-FRO,32.37985235140555,33
2022-04-18 16:30:00,DFL-FRO,27.88779812551593,33
2022-04-18 16:45:00,DFL-FRO,19.46938709581949,33
2022-04-18 17:00:00,DFL-FRO,36.31960765190685,33
2022-04-18 17:15:00,DFL-FRO,34.7979776296148,33
2022-04-18 17:30:00,DFL-FRO,38.59359756117384,33
2022-04-18 17:45:00,DFL-FRO,22.759892882926408,33
2022-04-18 18:00:00,DFL-FRO,39.5455161418644,33
2022-04-18 18:15:00,DFL-FRO,58.57019274113125,33
2022-04-18 18:30:00,DFL-FRO,33.77007738083217,33
2022-04-18 18:45:00,DFL-FRO,32.47696634531031,33
2022-04-18 19:00:00,DFL-FRO,36.010836047907176,33
2022-04-18 19:15:00,DFL-FRO,58.208855423080514,33
2022-04-18 19:30:00,DFL-FRO,24.840338848171648,33
2022-04-18 19:45:00,DFL-FRO,34.96471330410551,33
2022-04-18 20:00:00,DFL-FRO,26.440188856606603,33
2022-04-18 20:15:00,DFL-FRO,28.368754830998146,33
2022-04-18 20:30:00,DFL-FRO,32.58642807584159,33
2022-04-18 20:45:00,DFL-FRO,48.093848267640986,33
2022-04-18 21:00:00,DFL-FRO,54.57475543940712,33
2022-04-18 21:15:00,DFL-FRO,37.43447368383971,33
2022-04-18 21:30:00,DFL-FRO,29.748363784291893,33
2022-04-18 21:45:00,DFL-FRO,66.17688610177967,33
2022-04-18 22:00:00,DFL-FRO,29.328914942304475,33
2022-04-18 22:15:00,DFL-FRO,28.178634666111535,33
2022-04-18 22:30:00,DFL-FRO,20.148219746665532,33
2022-04-18 22:45:00,DFL-FRO,48.75188498438088,33
2022-04-18 23:00:00,DFL-FRO,43.27270211432142,33
2022-04-18 23:15:00,DFL-FRO,64.80939806761225,33
2022-04-18 23:30:00,DFL-FRO,22.432604470358417,33
2022-04-18 23:45:00,DFL-FRO,49.6025685340896,33
2022-04-18 00:00:00,CVaR-DFL-FRO,48.82774365536945,33
2022-04-18 00:15:00,CVaR-DFL-FRO,22.805941890663572,33
2022-04-18 00:30:00,CVaR-DFL-FRO,59.95943437174558,33
2022-04-18 00:45:00,CVaR-DFL-FRO,48.53199159903249,33
2022-04-18 01:00:00,CVaR-DFL-FRO,37.56779948896239,33
2022-04-18 01:15:00,CVaR-DFL-FRO,46.448992446851506,33
2022-04-18 01:30:00,CVaR-DFL-FRO,29.986144589429323,33
2022-04-18 01:45:00,CVaR-DFL-FRO,31.767894901082997,33
2022-04-18 02:00:00,CVaR-DFL-FRO,32.93190647446747,33
2022-04-18 02:15:00,CVaR-DFL-FRO,21.40101423423778,33
2022-04-18 02:30:00,CVaR-DFL-FRO,49.67817937602767,33
2022-04-18 02:45:00,CVaR-DFL-FRO,55.03074574585523,33
2022-04-18 03:00:00,CVaR-DFL-FRO,30.58890409801631,33
2022-04-18 03:15:00,CVaR-DFL-FRO,42.36163565188992,33
2022-04-18 03:30:00,CVaR-DFL-FRO,35.01717630099489,33
2022-04-18 03:45:00,CVaR-DFL-FRO,42.10053514512998,33
2022-04-18 04:00:00,CVaR-DFL-FRO,31.297004068240987,33
2022-04-18 04:15:00,CVaR-DFL-FRO,28.908900153613683,33
2022-04-18 04:30:00,CVaR-DFL-FRO,52.699634057145246,33
2022-04-18 04:45:00,CVaR-DFL-FRO,37.2780119772969,33
2022-04-18 05:00:00,CVaR-DFL-FRO,71.20382942386954,33
2022-04-18 05:15:00,CVaR-DFL-FRO,38.5742700739665,33
2022-04-18 05:30:00,CVaR-DFL-FRO,28.528885856116535,33
2022-04-18 05:45:00,CVaR-DFL-FRO,55.63753063092547,33
2022-04-18 06:00:00,CVaR-DFL-FRO,46.243205011016926,33
2022-04-18 06:15:00,CVaR-DFL-FRO,47.642232533264405,33
2022-04-18 06:30:00,CVaR-DFL-FRO,55.01379652885749,33
2022-04-18 06:45:00,CVaR-DFL-FRO,31.053097276081328,33
2022-04-18 07:00:00,CVaR-DFL-FRO,36.552155200904224,33
2022-04-18 07:15:00,CVaR-DFL-FRO,36.05439829352892,33
2022-04-18 07:30:00,CVaR-DFL-FRO,25.477210404537804,33
2022-04-18 07:45:00,CVaR-DFL-FRO,35.038370136517635,33
2022-04-18 08:00:00,CVaR-DFL-FRO,57.55894855027679,33
2022-04-18 08:15:00,CVaR-DFL-FRO,40.92941534302778,33
2022-04-18 08:30:00,CVaR-DFL-FRO,25.043737173168676,33
2022-04-18 08:45:00,CVaR-DFL-FRO,23.46578428051913,33
2022-04-18 09:00:00,CVaR-DFL-FRO,63.732178318167314,33
2022-04-18 09:15:00,CVaR-DFL-FRO,36.97338931269204,33
2022-04-18 09:30:00,CVaR-DFL-FRO,31.10502884539585,33
2022-04-18 09:45:00,CVaR-DFL-FRO,34.925485639805885,33
2022-04-18 10:00:00,CVaR-DFL-FRO,24.044507837204982,33
2022-04-18 10:15:00,CVaR-DFL-FRO,59.12842771088945,33
2022-04-18 10:30:00,CVaR-DFL-FRO,33.65898116813752,33
2022-04-18 10:45:00,CVaR-DFL-FRO,58.11557690282672,33
2022-04-18 11:00:00,CVaR-DFL-FRO,38.638248172145175,33
2022-04-18 11:15:00,CVaR-DFL-FRO,59.24662075256879,33
2022-04-18 11:30:00,CVaR-DFL-FRO,41.175936855132086,33
2022-04-18 11:45:00,CVaR-DFL-FRO,49.5469538409727,33
2022-04-18 12:00:00,CVaR-DFL-FRO,47.527383406024086,33
2022-04-18 12:15:00,CVaR-DFL-FRO,46.13560307084463,33
2022-04-18 12:30:00,CVaR-DFL-FRO,42.35810665084938,33
2022-04-18 12:45:00,CVaR-DFL-FRO,35.374109600826294,33
2022-04-18 13:00:00,CVaR-DFL-FRO,68.88597210073884,33
2022-04-18 13:15:00,CVaR-DFL-FRO,28.698800561764006,33
2022-04-18 13:30:00,CVaR-DFL-FRO,38.07488596900473,33
2022-04-18 13:45:00,CVaR-DFL-FRO,38.20004284732155,33
2022-04-18 14:00:00,CVaR-DFL-FRO,43.080461015035056,33
2022-04-18 14:15:00,CVaR-DFL-FRO,33.28082042582829,33
2022-04-18 14:30:00,CVaR-DFL-FRO,41.92422010378002,33
2022-04-18 14:45:00,CVaR-DFL-FRO,36.08357297587259,33
2022-04-18 15:00:00,CVaR-DFL-FRO,23.276451500210808,33
2022-04-18 15:15:00,CVaR-DFL-FRO,38.13688689182905,33
2022-04-18 15:30:00,CVaR-DFL-FRO,27.025615127080503,33
2022-04-18 15:45:00,CVaR-DFL-FRO,22.201328376841843,33
2022-04-18 16:00:00,CVaR-DFL-FRO,39.673416685327446,33
2022-04-18 16:15:00,CVaR-DFL-FRO,44.23767481211488,33
2022-04-18 16:30:00,CVaR-DFL-FRO,44.77359008948907,33
2022-04-18 16:45:00,CVaR-DFL-FRO,45.339312328688365,33
2022-04-18 17:00:00,CVaR-DFL-FRO,20.877303742793345,33
2022-04-18 17:15:00,CVaR-DFL-FRO,24.927809789152622,33
2022-04-18 17:30:00,CVaR-DFL-FRO,70.13858531562425,33
2022-04-18 17:45:00,CVaR-DFL-FRO,27.476694633710448,33
2022-04-18 18:00:00,CVaR-DFL-FRO,45.95775117227389,33
2022-04-18 18:15:00,CVaR-DFL-FRO,30.725924204946615,33
2022-04-18 18:30:00,CVaR-DFL-FRO,38.97559813300976,33
2022-04-18 18:45:00,CVaR-DFL-FRO,31.241932622960906,33
2022-04-18 19:00:00,CVaR-DFL-FRO,45.26019715609212,33
2022-04-18 19:15:00,CVaR-DFL-FRO,39.672195702567784,33
2022-04-18 19:30:00,CVaR-DFL-FRO,33.08710219149308,33
2022-04-18 19:45:00,CVaR-DFL-FRO,27.451445911684786,33
2022-04-18 20:00:00,CVaR-DFL-FRO,41.317714650435335,33
2022-04-18 20:15:00,CVaR-DFL-FRO,26.10145979781044,33
2022-04-18 20:30:00,CVaR-DFL-FRO,43.41642894186657,33
2022-04-18 20:45:00,CVaR-DFL-FRO,85.88806762634336,33
2022-04-18 21:00:00,CVaR-DFL-FRO,57.805731604825326,33
2022-04-18 21:15:00,CVaR-DFL-FRO,47.516397574227675,33
2022-04-18 21:30:00,CVaR-DFL-FRO,37.02747416797829,33
2022-04-18 21:45:00,CVaR-DFL-FRO,20.8374210657054,33
2022-04-18 22:00:00,CVaR-DFL-FRO,25.22913780664043,33
2022-04-18 22:15:00,CVaR-DFL-FRO,56.609974585795776,33
2022-04-18 22:30:00,CVaR-DFL-FRO,29.761300121314108,33
2022-04-18 22:45:00,CVaR-DFL-FRO,30.60876355756764,33
2022-04-18 23:00:00,CVaR-DFL-FRO,36.11932433451535,33
2022-04-18 23:15:00,CVaR-DFL-FRO,27.35050717660657,33
2022-04-18 23:30:00,CVaR-DFL-FRO,25.98793698343444,33
2022-04-18 23:45:00,CVaR-DFL-FRO,37.433264067351075,33
2022-04-18 00:30:00,CVaR-DFL-RTRO,29.75728827647646,33
2022-04-18 13:30:00,CVaR-DFL-RTRO,48.80146110706554,33
2022-04-18 16:00:00,CVaR-DFL-RTRO,44.22797105171607,33
2022-04-18 17:30:00,CVaR-DFL-RTRO,44.36721453749926,33
2022-04-18 18:15:00,CVaR-DFL-RTRO,42.079198250168346,33
2022-04-18 19:30:00,CVaR-DFL-RTRO,39.186496938813406,33
2022-04-19 00:00:00,LSTM-FRO,35.507514016124176,33
2022-04-19 00:15:00,LSTM-FRO,35.29528238649043,33
2022-04-19 00:30:00,LSTM-FRO,27.376783730634333,33
2022-04-19 00:45:00,LSTM-FRO,39.77288059926999,33
2022-04-19 01:00:00,LSTM-FRO,29.73567200451209,33
2022-04-19 01:15:00,LSTM-FRO,32.909005789746196,33
2022-04-19 01:30:00,LSTM-FRO,30.138697499705508,33
2022-04-19 01:45:00,LSTM-FRO,29.874437959086624,33
2022-04-19 02:00:00,LSTM-FRO,23.342866950124478,33
2022-04-19 02:15:00,LSTM-FRO,33.48380026194568,33
2022-04-19 02:30:00,LSTM-FRO,57.35599307069206,33
2022-04-19 02:45:00,LSTM-FRO,25.556867764304247,33
2022-04-19 03:00:00,LSTM-FRO,28.583143229795635,33
2022-04-19 03:15:00,LSTM-FRO,25.10279673362985,33
2022-04-19 03:30:00,LSTM-FRO,24.840667211100442,33
2022-04-19 03:45:00,LSTM-FRO,41.376505929803784,33
2022-04-19 04:00:00,LSTM-FRO,23.71367744001973,33
2022-04-19 04:15:00,LSTM-FRO,24.927745771111187,33
2022-04-19 04:30:00,LSTM-FRO,18.84919928369847,33
2022-04-19 04:45:00,LSTM-FRO,23.215119890507758,33
2022-04-19 05:00:00,LSTM-FRO,18.285674224530293,33
2022-04-19 05:15:00,LSTM-FRO,32.904284749320645,33
2022-04-19 05:30:00,LSTM-FRO,56.7031987061466,33
2022-04-19 05:45:00,LSTM-FRO,25.608993254154537,33
2022-04-19 06:00:00,LSTM-FRO,18.477831599601714,33
2022-04-19 06:15:00,LSTM-FRO,35.195933448581414,33
2022-04-19 06:30:00,LSTM-FRO,23.39465064822956,33
2022-04-19 06:45:00,LSTM-FRO,38.907330849701964,33
2022-04-19 07:00:00,LSTM-FRO,26.159019918178178,33
2022-04-19 07:15:00,LSTM-FRO,23.95994846948283,33
2022-04-19 07:30:00,LSTM-FRO,26.851459267172608,33
2022-04-19 07:45:00,LSTM-FRO,33.96147898223017,33
2022-04-19 08:00:00,LSTM-FRO,26.520100582073642,33
2022-04-19 08:15:00,LSTM-FRO,24.78644332910944,33
2022-04-19 08:30:00,LSTM-FRO,26.711119717599807,33
2022-04-19 08:45:00,LSTM-FRO,20.40353372424671,33
2022-04-19 09:00:00,LSTM-FRO,31.02103263683066,33
2022-04-19 09:15:00,LSTM-FRO,17.929632463995315,33
2022-04-19 09:30:00,LSTM-FRO,25.115931935409005,33
2022-04-19 09:45:00,LSTM-FRO,33.975194878800195,33
2022-04-19 10:00:00,LSTM-FRO,30.29770218285558,33
2022-04-19 10:15:00,LSTM-FRO,32.56339190794123,33
2022-04-19 10:30:00,LSTM-FRO,27.623464303345934,33
2022-04-19 10:45:00,LSTM-FRO,37.66185258572439,33
2022-04-19 11:00:00,LSTM-FRO,35.414846309660206,33
2022-04-19 11:15:00,LSTM-FRO,31.405840250222305,33
2022-04-19 11:30:00,LSTM-FRO,35.44016300108454,33
2022-04-19 11:45:00,LSTM-FRO,33.898845651904125,33
2022-04-19 12:00:00,LSTM-FRO,25.145317913472855,33
2022-04-19 12:15:00,LSTM-FRO,20.03783527859559,33
2022-04-19 12:30:00,LSTM-FRO,31.203252657185022,33
2022-04-19 12:45:00,LSTM-FRO,32.20381338522338,33
2022-04-19 13:00:00,LSTM-FRO,36.91975308590899,33
2022-04-19 13:15:00,LSTM-FRO,22.196631436170172,33
2022-04-19 13:30:00,LSTM-FRO,22.363813414741163,33
2022-04-19 13:45:00,LSTM-FRO,31.51450751994334,33
2022-04-19 14:00:00,LSTM-FRO,27.581048057046736,33
2022-04-19 14:15:00,LSTM-FRO,17.489365988403733,33
2022-04-19 14:30:00,LSTM-FRO,30.85077237706701,33
2022-04-19 14:45:00,LSTM-FRO,17.63635478818684,33
2022-04-19 15:00:00,LSTM-FRO,22.14689770818007,33
2022-04-19 15:15:00,LSTM-FRO,39.421869469281944,33
2022-04-19 15:30:00,LSTM-FRO,44.39435233889592,33
2022-04-19 15:45:00,LSTM-FRO,20.693429996151355,33
2022-04-19 16:00:00,LSTM-FRO,25.849834059983344,33
2022-04-19 16:15:00,LSTM-FRO,28.380281519777512,33
2022-04-19 16:30:00,LSTM-FRO,43.91051622960426,33
2022-04-19 16:45:00,LSTM-FRO,24.810446950652285,33
2022-04-19 17:00:00,LSTM-FRO,24.910207718544406,33
2022-04-19 17:15:00,LSTM-FRO,41.42094610043295,33
2022-04-19 17:30:00,LSTM-FRO,25.55690575913771,33
2022-04-19 17:45:00,LSTM-FRO,33.6595274640137,33
2022-04-19 18:00:00,LSTM-FRO,19.378663925261147,33
2022-04-19 18:15:00,LSTM-FRO,26.89682809754658,33
2022-04-19 18:30:00,LSTM-FRO,18.51107946552239,33
2022-04-19 18:45:00,LSTM-FRO,21.542732846385743,33
2022-04-19 19:00:00,LSTM-FRO,34.662823416444745,33
2022-04-19 19:15:00,LSTM-FRO,27.728655796894927,33
2022-04-19 19:30:00,LSTM-FRO,25.91666836792122,33
2022-04-19 19:45:00,LSTM-FRO,23.266825030341984,33
2022-04-19 20:00:00,LSTM-FRO,26.565174602051815,33
2022-04-19 20:15:00,LSTM-FRO,30.28298739176734,33
2022-04-19 20:30:00,LSTM-FRO,35.93622780107583,33
2022-04-19 20:45:00,LSTM-FRO,14.526547094081822,33
2022-04-19 21:00:00,LSTM-FRO,22.78697972062742,33
2022-04-19 21:15:00,LSTM-FRO,29.222359536028215,33
2022-04-19 21:30:00,LSTM-FRO,27.389946678206588,33
2022-04-19 21:45:00,LSTM-FRO,31.070481018957647,33
2022-04-19 22:00:00,LSTM-FRO,30.028830792005774,33
2022-04-19 22:15:00,LSTM-FRO,26.009467459974047,33
2022-04-19 22:30:00,LSTM-FRO,24.59967931363603,33
2022-04-19 22:45:00,LSTM-FRO,26.399998125796536,33
2022-04-19 23:00:00,LSTM-FRO,37.46379172925552,33
2022-04-19 23:15:00,LSTM-FRO,23.364817415245042,33
2022-04-19 23:30:00,LSTM-FRO,27.638994874899304,33
2022-04-19 23:45:00,LSTM-FRO,29.400769943174627,33
2022-04-19 00:00:00,Transformer-FRO,29.809649555209326,33
2022-04-19 00:15:00,Transformer-FRO,41.317619877876055,33
2022-04-19 00:30:00,Transformer-FRO,44.3501404723644,33
2022-04-19 00:45:00,Transformer-FRO,31.695181422376653,33
2022-04-19 01:00:00,Transformer-FRO,30.510180131653705,33
2022-04-19 01:15:00,Transformer-FRO,29.588305165241472,33
2022-04-19 01:30:00,Transformer-FRO,30.15546079236536,33
2022-04-19 01:45:00,Transformer-FRO,40.212484028017634,33
2022-04-19 02:00:00,Transformer-FRO,34.21245065469418,33
2022-04-19 02:15:00,Transformer-FRO,34.25043478553117,33
2022-04-19 02:30:00,Transformer-FRO,24.069665031633317,33
2022-04-19 02:45:00,Transformer-FRO,25.07443132799823,33
2022-04-19 03:00:00,Transformer-FRO,56.17301588746556,33
2022-04-19 03:15:00,Transformer-FRO,30.771495715589175,33
2022-04-19 03:30:00,Transformer-FRO,26.35915400975784,33
2022-04-19 03:45:00,Transformer-FRO,46.699928415925115,33
2022-04-19 04:00:00,Transformer-FRO,34.66603629062117,33
2022-04-19 04:15:00,Transformer-FRO,37.434607105274395,33
2022-04-19 04:30:00,Transformer-FRO,31.09050300843953,33
2022-04-19 04:45:00,Transformer-FRO,29.66804710688132,33
2022-04-19 05:00:00,Transformer-FRO,30.83730181352892,33
2022-04-19 05:15:00,Transformer-FRO,22.515078685330177,33
2022-04-19 05:30:00,Transformer-FRO,31.497153422622972,33
2022-04-19 05:45:00,Transformer-FRO,34.79412287089454,33
2022-04-19 06:00:00,Transformer-FRO,52.063972722026215,33
2022-04-19 06:15:00,Transformer-FRO,32.950022467715094,33
2022-04-19 06:30:00,Transformer-FRO,17.59299891097335,33
2022-04-19 06:45:00,Transformer-FRO,31.447719884904455,33
2022-04-19 07:00:00,Transformer-FRO,65.56088114107907,33
2022-04-19 07:15:00,Transformer-FRO,40.33911363166094,33
2022-04-19 07:30:00,Transformer-FRO,26.113473244594562,33
2022-04-19 07:45:00,Transformer-FRO,37.56052471753449,33
2022-04-19 08:00:00,Transformer-FRO,26.583988286328907,33
2022-04-19 08:15:00,Transformer-FRO,22.684599089247858,33
2022-04-19 08:30:00,Transformer-FRO,29.440495179125804,33
2022-04-19 08:45:00,Transformer-FRO,32.99727730660232,33
2022-04-19 09:00:00,Transformer-FRO,19.83189738565523,33
2022-04-19 09:15:00,Transformer-FRO,23.920752517648527,33
2022-04-19 09:30:00,Transformer-FRO,32.30991975501824,33
2022-04-19 09:45:00,Transformer-FRO,28.987522718507037,33
2022-04-19 10:00:00,Transformer-FRO,35.69673383998424,33
2022-04-19 10:15:00,Transformer-FRO,23.517893093138888,33
2022-04-19 10:30:00,Transformer-FRO,38.77773773411392,33
2022-04-19 10:45:00,Transformer-FRO,23.70712242157662,33
2022-04-19 11:00:00,Transformer-FRO,49.33404002577615,33
2022-04-19 11:15:00,Transformer-FRO,20.652605649519582,33
2022-04-19 11:30:00,Transformer-FRO,24.2744085445282,33
2022-04-19 11:45:00,Transformer-FRO,35.90614015447061,33
2022-04-19 12:00:00,Transformer-FRO,49.60980262420794,33
2022-04-19 12:15:00,Transformer-FRO,34.96603964756981,33
2022-04-19 12:30:00,Transformer-FRO,37.286430728203726,33
2022-04-19 12:45:00,Transformer-FRO,32.370302809470196,33
2022-04-19 13:00:00,Transformer-FRO,24.694367754063578,33
2022-04-19 13:15:00,Transformer-FRO,28.37799369159482,33
2022-04-19 13:30:00,Transformer-FRO,23.534719992121197,33
2022-04-19 13:45:00,Transformer-FRO,23.13061697123798,33
2022-04-19 14:00:00,Transformer-FRO,35.761001409495954,33
2022-04-19 14:15:00,Transformer-FRO,24.082433863727953,33
2022-04-19 14:30:00,Transformer-FRO,35.00695920314701,33
2022-04-19 14:45:00,Transformer-FRO,22.992419741930718,33
2022-04-19 15:00:00,Transformer-FRO,34.797279935481804,33
2022-04-19 15:15:00,Transformer-FRO,28.388706902478482,33
2022-04-19 15:30:00,Transformer-FRO,46.404416630004654,33
2022-04-19 15:45:00,Transformer-FRO,35.04478192523557,33
2022-04-19 16:00:00,Transformer-FRO,44.393897909134914,33
2022-04-19 16:15:00,Transformer-FRO,26.490185878105997,33
2022-04-19 16:30:00,Transformer-FRO,32.69594626808832,33
2022-04-19 16:45:00,Transformer-FRO,24.986190020237956,33
2022-04-19 17:00:00,Transformer-FRO,28.946725469842328,33
2022-04-19 17:15:00,Transformer-FRO,30.10639172896597,33
2022-04-19 17:30:00,Transformer-FRO,26.69557254354028,33
2022-04-19 17:45:00,Transformer-FRO,23.512805004711975,33
2022-04-19 18:00:00,Transformer-FRO,22.33611749149657,33
2022-04-19 18:15:00,Transformer-FRO,17.567605232603615,33
2022-04-19 18:30:00,Transformer-FRO,24.503364250098222,33
2022-04-19 18:45:00,Transformer-FRO,37.91656011907801,33
2022-04-19 19:00:00,Transformer-FRO,21.29013890158777,33
2022-04-19 19:15:00,Transformer-FRO,22.60055887983284,33
2022-04-19 19:30:00,Transformer-FRO,51.26609335391145,33
2022-04-19 19:45:00,Transformer-FRO,27.321313090468678,33
2022-04-19 20:00:00,Transformer-FRO,35.02050387210611,33
2022-04-19 20:15:00,Transformer-FRO,38.0625650946863,33
2022-04-19 20:30:00,Transformer-FRO,38.262524237214556,33
2022-04-19 20:45:00,Transformer-FRO,21.714856985548973,33
2022-04-19 21:00:00,Transformer-FRO,30.349698083666166,33
2022-04-19 21:15:00,Transformer-FRO,21.18151435224414,33
2022-04-19 21:30:00,Transformer-FRO,60.76192463154202,33
2022-04-19 21:45:00,Transformer-FRO,21.310148733068303,33
2022-04-19 22:00:00,Transformer-FRO,24.557464970765775,33
2022-04-19 22:15:00,Transformer-FRO,24.603602258888507,33
2022-04-19 22:30:00,Transformer-FRO,21.85977203676051,33
2022-04-19 22:45:00,Transformer-FRO,45.75898609285215,33
2022-04-19 23:00:00,Transformer-FRO,60.387037582690766,33
2022-04-19 23:15:00,Transformer-FRO,28.484063077971605,33
2022-04-19 23:30:00,Transformer-FRO,22.881803089898956,33
2022-04-19 23:45:00,Transformer-FRO,18.042244369120304,33
2022-04-19 00:00:00,DFL-FRO,28.964553060165297,33
2022-04-19 00:15:00,DFL-FRO,26.383592288905223,33
2022-04-19 00:30:00,DFL-FRO,33.64678329157225,33
2022-04-19 00:45:00,DFL-FRO,35.31639447324025,33
2022-04-19 01:00:00,DFL-FRO,34.614027099038765,33
2022-04-19 01:15:00,DFL-FRO,28.966494649392097,33
2022-04-19 01:30:00,DFL-FRO,23.272126068314996,33
2022-04-19 01:45:00,DFL-FRO,38.083012568633535,33
2022-04-19 02:00:00,DFL-FRO,31.744419392130734,33
2022-04-19 02:15:00,DFL-FRO,40.51920635260127,33
2022-04-19 02:30:00,DFL-FRO,39.42457004627983,33
2022-04-19 02:45:00,DFL-FRO,21.28595209226754,33
2022-04-19 03:00:00,DFL-FRO,21.212173449588988,33
2022-04-19 03:15:00,DFL-FRO,25.628215898706927,33
2022-04-19 03:30:00,DFL-FRO,23.568125360606725,33
2022-04-19 03:45:00,DFL-FRO,39.04384996437387,33
2022-04-19 04:00:00,DFL-FRO,34.88735592313024,33
2022-04-19 04:15:00,DFL-FRO,42.97094373916729,33
2022-04-19 04:30:00,DFL-FRO,35.32932487752828,33
2022-04-19 04:45:00,DFL-FRO,33.52768022703687,33
2022-04-19 05:00:00,DFL-FRO,44.191914849345665,33
2022-04-19 05:15:00,DFL-FRO,36.05776607418514,33
2022-04-19 05:30:00,DFL-FRO,32.239959212451566,33
2022-04-19 05:45:00,DFL-FRO,47.787642398066836,33
2022-04-19 06:00:00,DFL-FRO,32.66570517711041,33
2022-04-19 06:15:00,DFL-FRO,29.061769927196977,33
2022-04-19 06:30:00,DFL-FRO,25.04728408295818,33
2022-04-19 06:45:00,DFL-FRO,38.47975251432639,33
2022-04-19 07:00:00,DFL-FRO,44.65389358039709,33
2022-04-19 07:15:00,DFL-FRO,31.191119519013895,33
2022-04-19 07:30:00,DFL-FRO,45.544437078272516,33
2022-04-19 07:45:00,DFL-FRO,18.27023682420114,33
2022-04-19 08:00:00,DFL-FRO,31.14885511602548,33
2022-04-19 08:15:00,DFL-FRO,31.282449422614082,33
2022-04-19 08:30:00,DFL-FRO,25.83289138118309,33
2022-04-19 08:45:00,DFL-FRO,61.46741335058313,33
2022-04-19 09:00:00,DFL-FRO,31.055779665432276,33
2022-04-19 09:15:00,DFL-FRO,28.23643791352436,33
2022-04-19 09:30:00,DFL-FRO,31.863603672421494,33
2022-04-19 09:45:00,DFL-FRO,18.10401569535912,33
2022-04-19 10:00:00,DFL-FRO,25.597331962529495,33
2022-04-19 10:15:00,DFL-FRO,41.60480470538056,33
2022-04-19 10:30:00,DFL-FRO,26.54842675630257,33
2022-04-19 10:45:00,DFL-FRO,25.109815933748937,33
2022-04-19 11:00:00,DFL-FRO,45.56487470795373,33
2022-04-19 11:15:00,DFL-FRO,45.95671079924556,33
2022-04-19 11:30:00,DFL-FRO,36.535793453690246,33
2022-04-19 11:45:00,DFL-FRO,27.866039269543414,33
2022-04-19 12:00:00,DFL-FRO,29.591875607156275,33
2022-04-19 12:15:00,DFL-FRO,25.28341555812217,33
2022-04-19 12:30:00,DFL-FRO,23.975449666738594,33
2022-04-19 12:45:00,DFL-FRO,23.64607056958159,33
2022-04-19 13:00:00,DFL-FRO,26.62911905791757,33
2022-04-19 13:15:00,DFL-FRO,23.710041746051257,33
2022-04-19 13:30:00,DFL-FRO,20.46045587890765,33
2022-04-19 13:45:00,DFL-FRO,33.62829366231165,33
2022-04-19 14:00:00,DFL-FRO,33.77096407534087,33
2022-04-19 14:15:00,DFL-FRO,50.81370352101285,33
2022-04-19 14:30:00,DFL-FRO,26.258595660474665,33
2022-04-19 14:45:00,DFL-FRO,34.35474424781554,33
2022-04-19 15:00:00,DFL-FRO,34.51414207321351,33
2022-04-19 15:15:00,DFL-FRO,29.47364694295366,33
2022-04-19 15:30:00,DFL-FRO,38.92524274111695,33
2022-04-19 15:45:00,DFL-FRO,39.26180638651498,33
2022-04-19 16:00:00,DFL-FRO,34.65579603417285,33
2022-04-19 16:15:00,DFL-FRO,29.4588496334475,33
2022-04-19 16:30:00,DFL-FRO,28.63420511137525,33
2022-04-19 16:45:00,DFL-FRO,21.60872204280303,33
2022-04-19 17:00:00,DFL-FRO,25.27096368905244,33
2022-04-19 17:15:00,DFL-FRO,26.599801637620693,33
2022-04-19 17:30:00,DFL-FRO,23.12763897440964,33
2022-04-19 17:45:00,DFL-FRO,35.759550341516636,33
2022-04-19 18:00:00,DFL-FRO,44.153733350486185,33
2022-04-19 18:15:00,DFL-FRO,24.561810851275837,33
2022-04-19 18:30:00,DFL-FRO,34.23376968043721,33
2022-04-19 18:45:00,DFL-FRO,23.714071342201798,33
2022-04-19 19:00:00,DFL-FRO,29.057060649005393,33
2022-04-19 19:15:00,DFL-FRO,26.09817544548596,33
2022-04-19 19:30:00,DFL-FRO,37.41051304420139,33
2022-04-19 19:45:00,DFL-FRO,26.182244437850592,33
2022-04-19 20:00:00,DFL-FRO,41.93560328813656,33
2022-04-19 20:15:00,DFL-FRO,29.540385642051113,33
2022-04-19 20:30:00,DFL-FRO,26.396037782009024,33
2022-04-19 20:45:00,DFL-FRO,22.308969884716365,33
2022-04-19 21:00:00,DFL-FRO,33.94653791221143,33
2022-04-19 21:15:00,DFL-FRO,40.59674607709283,33
2022-04-19 21:30:00,DFL-FRO,34.137364769673724,33
2022-04-19 21:45:00,DFL-FRO,59.03283772564289,33
2022-04-19 22:00:00,DFL-FRO,47.11770387535849,33
2022-04-19 22:15:00,DFL-FRO,29.035971008034853,33
2022-04-19 22:30:00,DFL-FRO,28.951141832941733,33
2022-04-19 22:45:00,DFL-FRO,36.05745841198363,33
2022-04-19 23:00:00,DFL-FRO,25.04591667008812,33
2022-04-19 23:15:00,DFL-FRO,43.78201785963953,33
2022-04-19 23:30:00,DFL-FRO,34.98754270391162,33
2022-04-19 23:45:00,DFL-FRO,33.97733657658839,33
2022-04-19 00:00:00,CVaR-DFL-FRO,68.10282476377253,33
2022-04-19 00:15:00,CVaR-DFL-FRO,42.08004267786595,33
2022-04-19 00:30:00,CVaR-DFL-FRO,38.531199703108825,33
2022-04-19 00:45:00,CVaR-DFL-FRO,63.72610498716065,33
2022-04-19 01:00:00,CVaR-DFL-FRO,53.877066240836484,33
2022-04-19 01:15:00,CVaR-DFL-FRO,36.124029665054266,33
2022-04-19 01:30:00,CVaR-DFL-FRO,39.97068618654398,33
2022-04-19 01:45:00,CVaR-DFL-FRO,42.40012187363025,33
2022-04-19 02:00:00,CVaR-DFL-FRO,44.646869972589684,33
2022-04-19 02:15:00,CVaR-DFL-FRO,26.197740571644704,33
2022-04-19 02:30:00,CVaR-DFL-FRO,24.729708494404605,33
2022-04-19 02:45:00,CVaR-DFL-FRO,30.302744113890554,33
2022-04-19 03:00:00,CVaR-DFL-FRO,29.584249849132334,33
2022-04-19 03:15:00,CVaR-DFL-FRO,32.68122866333403,33
2022-04-19 03:30:00,CVaR-DFL-FRO,48.59139706115405,33
2022-04-19 03:45:00,CVaR-DFL-FRO,37.868879838734415,33
2022-04-19 04:00:00,CVaR-DFL-FRO,42.413458019388386,33
2022-04-19 04:15:00,CVaR-DFL-FRO,27.29534288090746,33
2022-04-19 04:30:00,CVaR-DFL-FRO,34.581538133943354,33
2022-04-19 04:45:00,CVaR-DFL-FRO,47.88129588783793,33
2022-04-19 05:00:00,CVaR-DFL-FRO,47.99573426215574,33
2022-04-19 05:15:00,CVaR-DFL-FRO,31.872688498597682,33
2022-04-19 05:30:00,CVaR-DFL-FRO,41.9589006610774,33
2022-04-19 05:45:00,CVaR-DFL-FRO,78.94061938763588,33
2022-04-19 06:00:00,CVaR-DFL-FRO,39.689149528130905,33
2022-04-19 06:15:00,CVaR-DFL-FRO,32.18455820381168,33
2022-04-19 06:30:00,CVaR-DFL-FRO,37.81214042941934,33
2022-04-19 06:45:00,CVaR-DFL-FRO,41.06408309160632,33
2022-04-19 07:00:00,CVaR-DFL-FRO,38.078113518309046,33
2022-04-19 07:15:00,CVaR-DFL-FRO,39.520124089887,33
2022-04-19 07:30:00,CVaR-DFL-FRO,25.501320762140256,33
2022-04-19 07:45:00,CVaR-DFL-FRO,29.603603225745022,33
2022-04-19 08:00:00,CVaR-DFL-FRO,38.09977487170694,33
2022-04-19 08:15:00,CVaR-DFL-FRO,37.91191675313209,33
2022-04-19 08:30:00,CVaR-DFL-FRO,33.477910894350586,33
2022-04-19 08:45:00,CVaR-DFL-FRO,37.77402106248041,33
2022-04-19 09:00:00,CVaR-DFL-FRO,40.66900446310331,33
2022-04-19 09:15:00,CVaR-DFL-FRO,52.58674622584541,33
2022-04-19 09:30:00,CVaR-DFL-FRO,38.69685829289256,33
2022-04-19 09:45:00,CVaR-DFL-FRO,45.16637666873446,33
2022-04-19 10:00:00,CVaR-DFL-FRO,33.73426864266624,33
2022-04-19 10:15:00,CVaR-DFL-FRO,47.65660276376167,33
2022-04-19 10:30:00,CVaR-DFL-FRO,44.84005601070068,33
2022-04-19 10:45:00,CVaR-DFL-FRO,52.20319395144063,33
2022-04-19 11:00:00,CVaR-DFL-FRO,49.79314957071849,33
2022-04-19 11:15:00,CVaR-DFL-FRO,47.90325519596995,33
2022-04-19 11:30:00,CVaR-DFL-FRO,38.706395440005245,33
2022-04-19 11:45:00,CVaR-DFL-FRO,43.057048140896164,33
2022-04-19 12:00:00,CVaR-DFL-FRO,55.50507993306188,33
2022-04-19 12:15:00,CVaR-DFL-FRO,32.59768451376111,33
2022-04-19 12:30:00,CVaR-DFL-FRO,32.83790587426798,33
2022-04-19 12:45:00,CVaR-DFL-FRO,42.21702661950644,33
2022-04-19 13:00:00,CVaR-DFL-FRO,45.39361405974842,33
2022-04-19 13:15:00,CVaR-DFL-FRO,30.903548297239798,33
2022-04-19 13:30:00,CVaR-DFL-FRO,38.991489083641916,33
2022-04-19 13:45:00,CVaR-DFL-FRO,38.7594910576663,33
2022-04-19 14:00:00,CVaR-DFL-FRO,20.07109814237876,33
2022-04-19 14:15:00,CVaR-DFL-FRO,37.27831089958488,33
2022-04-19 14:30:00,CVaR-DFL-FRO,38.005538388165284,33
2022-04-19 14:45:00,CVaR-DFL-FRO,37.97047614646393,33
2022-04-19 15:00:00,CVaR-DFL-FRO,61.91750061318924,33
2022-04-19 15:15:00,CVaR-DFL-FRO,27.36745891366175,33
2022-04-19 15:30:00,CVaR-DFL-FRO,30.8986009316734,33
2022-04-19 15:45:00,CVaR-DFL-FRO,17.7457121109134,33
2022-04-19 16:00:00,CVaR-DFL-FRO,34.37537122244222,33
2022-04-19 16:15:00,CVaR-DFL-FRO,35.2968957632765,33
2022-04-19 16:30:00,CVaR-DFL-FRO,34.06685033757922,33
2022-04-19 16:45:00,CVaR-DFL-FRO,56.27087674517439,33
2022-04-19 17:00:00,CVaR-DFL-FRO,52.1190550170962,33
2022-04-19 17:15:00,CVaR-DFL-FRO,40.882053251814256,33
2022-04-19 17:30:00,CVaR-DFL-FRO,35.57205464234447,33
2022-04-19 17:45:00,CVaR-DFL-FRO,54.86616316170324,33
2022-04-19 18:00:00,CVaR-DFL-FRO,39.6625633285489,33
2022-04-19 18:15:00,CVaR-DFL-FRO,30.95955516716596,33
2022-04-19 18:30:00,CVaR-DFL-FRO,23.431884364520407,33
2022-04-19 18:45:00,CVaR-DFL-FRO,34.800310791844176,33
2022-04-19 19:00:00,CVaR-DFL-FRO,50.433410064019895,33
2022-04-19 19:15:00,CVaR-DFL-FRO,80.86639098131549,33
2022-04-19 19:30:00,CVaR-DFL-FRO,40.676518422952796,33
2022-04-19 19:45:00,CVaR-DFL-FRO,31.471979004721593,33
2022-04-19 20:00:00,CVaR-DFL-FRO,27.630498115273774,33
2022-04-19 20:15:00,CVaR-DFL-FRO,47.35975454517024,33
2022-04-19 20:30:00,CVaR-DFL-FRO,23.082908303834184,33
2022-04-19 20:45:00,CVaR-DFL-FRO,47.33610832537999,33
2022-04-19 21:00:00,CVaR-DFL-FRO,51.42990040526653,33
2022-04-19 21:15:00,CVaR-DFL-FRO,45.6903121681553,33
2022-04-19 21:30:00,CVaR-DFL-FRO,37.277528156236514,33
2022-04-19 21:45:00,CVaR-DFL-FRO,47.55093434213447,33
2022-04-19 22:00:00,CVaR-DFL-FRO,42.07982099609744,33
2022-04-19 22:15:00,CVaR-DFL-FRO,31.347559536829728,33
2022-04-19 22:30:00,CVaR-DFL-FRO,70.85242363435805,33
2022-04-19 22:45:00,CVaR-DFL-FRO,35.781615486456566,33
2022-04-19 23:00:00,CVaR-DFL-FRO,50.76476423910794,33
2022-04-19 23:15:00,CVaR-DFL-FRO,18.844094797376847,33
2022-04-19 23:30:00,CVaR-DFL-FRO,59.296050672326096,33
2022-04-19 23:45:00,CVaR-DFL-FRO,62.94105136157035,33
2022-04-19 03:30:00,CVaR-DFL-RTRO,42.58058283259656,33
2022-04-19 05:45:00,CVaR-DFL-RTRO,47.933367579745145,33
2022-04-19 09:30:00,CVaR-DFL-RTRO,37.20133575552813,33
2022-04-19 16:30:00,CVaR-DFL-RTRO,51.919968224486134,33
2022-04-19 17:30:00,CVaR-DFL-RTRO,34.839949568656884,33
2022-04-19 18:30:00,CVaR-DFL-RTRO,35.809723944999206,33
2022-04-20 00:00:00,LSTM-FRO,33.42893933058072,33
2022-04-20 00:15:00,LSTM-FRO,21.362615978601127,33
2022-04-20 00:30:00,LSTM-FRO,28.272129261371145,33
2022-04-20 00:45:00,LSTM-FRO,25.436027766320475,33
2022-04-20 01:00:00,LSTM-FRO,19.88129043516444,33
2022-04-20 01:15:00,LSTM-FRO,22.22372734149526,33
2022-04-20 01:30:00,LSTM-FRO,36.643132032893114,33
2022-04-20 01:45:00,LSTM-FRO,27.240201542220543,33
2022-04-20 02:00:00,LSTM-FRO,20.100258362018383,33
2022-04-20 02:15:00,LSTM-FRO,27.95844732369412,33
2022-04-20 02:30:00,LSTM-FRO,24.96286458690164,33
2022-04-20 02:45:00,LSTM-FRO,61.63152932774348,33
2022-04-20 03:00:00,LSTM-FRO,27.816997636947438,33
2022-04-20 03:15:00,LSTM-FRO,23.53568332629285,33
2022-04-20 03:30:00,LSTM-FRO,36.98652211024812,33
2022-04-20 03:45:00,LSTM-FRO,16.311918730581542,33
2022-04-20 04:00:00,LSTM-FRO,26.51598881527987,33
2022-04-20 04:15:00,LSTM-FRO,42.72358457897393,33
2022-04-20 04:30:00,LSTM-FRO,25.151036342681643,33
2022-04-20 04:45:00,LSTM-FRO,16.75910807678858,33
2022-04-20 05:00:00,LSTM-FRO,23.445498731652005,33
2022-04-20 05:15:00,LSTM-FRO,37.30815664351275,33
2022-04-20 05:30:00,LSTM-FRO,28.45939350421289,33
2022-04-20 05:45:00,LSTM-FRO,20.978190129499367,33
2022-04-20 06:00:00,LSTM-FRO,21.8029747344972,33
2022-04-20 06:15:00,LSTM-FRO,22.50106439287498,33
2022-04-20 06:30:00,LSTM-FRO,28.35334144710725,33
2022-04-20 06:45:00,LSTM-FRO,36.23445739082911,33
2022-04-20 07:00:00,LSTM-FRO,33.72603340211283,33
2022-04-20 07:15:00,LSTM-FRO,29.03630863355937,33
2022-04-20 07:30:00,LSTM-FRO,18.53709148401202,33
2022-04-20 07:45:00,LSTM-FRO,18.554374664091004,33
2022-04-20 08:00:00,LSTM-FRO,29.604825092183574,33
2022-04-20 08:15:00,LSTM-FRO,18.472861443955633,33
2022-04-20 08:30:00,LSTM-FRO,24.469891061937993,33
2022-04-20 08:45:00,LSTM-FRO,27.950181645414936,33
2022-04-20 09:00:00,LSTM-FRO,19.462473467861237,33
2022-04-20 09:15:00,LSTM-FRO,20.024148177427204,33
2022-04-20 09:30:00,LSTM-FRO,25.290823399658482,33
2022-04-20 09:45:00,LSTM-FRO,29.385640559616558,33
2022-04-20 10:00:00,LSTM-FRO,33.80313138199899,33
2022-04-20 10:15:00,LSTM-FRO,30.15842935743905,33
2022-04-20 10:30:00,LSTM-FRO,26.378796435434698,33
2022-04-20 10:45:00,LSTM-FRO,21.471898626389837,33
2022-04-20 11:00:00,LSTM-FRO,19.791039371567045,33
2022-04-20 11:15:00,LSTM-FRO,22.77854732557573,33
2022-04-20 11:30:00,LSTM-FRO,28.70237866843434,33
2022-04-20 11:45:00,LSTM-FRO,28.178965231141174,33
2022-04-20 12:00:00,LSTM-FRO,15.285587271248236,33
2022-04-20 12:15:00,LSTM-FRO,21.260128334694333,33
2022-04-20 12:30:00,LSTM-FRO,35.038566199471134,33
2022-04-20 12:45:00,LSTM-FRO,26.41563094289575,33
2022-04-20 13:00:00,LSTM-FRO,18.144071222963856,33
2022-04-20 13:15:00,LSTM-FRO,46.78090561264758,33
2022-04-20 13:30:00,LSTM-FRO,25.7080516865406,33
2022-04-20 13:45:00,LSTM-FRO,28.51849909209675,33
2022-04-20 14:00:00,LSTM-FRO,28.627461953022173,33
2022-04-20 14:15:00,LSTM-FRO,23.612792132314322,33
2022-04-20 14:30:00,LSTM-FRO,21.572506860620088,33
2022-04-20 14:45:00,LSTM-FRO,44.11037690590201,33
2022-04-20 15:00:00,LSTM-FRO,33.311896052970795,33
2022-04-20 15:15:00,LSTM-FRO,31.829988674354333,33
2022-04-20 15:30:00,LSTM-FRO,29.92641122911772,33
2022-04-20 15:45:00,LSTM-FRO,20.12971281101872,33
2022-04-20 16:00:00,LSTM-FRO,35.68680275975193,33
2022-04-20 16:15:00,LSTM-FRO,20.955680350043068,33
2022-04-20 16:30:00,LSTM-FRO,27.804172192940964,33
2022-04-20 16:45:00,LSTM-FRO,17.158905820334716,33
2022-04-20 17:00:00,LSTM-FRO,15.51384055685843,33
2022-04-20 17:15:00,LSTM-FRO,28.04957818884928,33
2022-04-20 17:30:00,LSTM-FRO,21.135487303805775,33
2022-04-20 17:45:00,LSTM-FRO,15.716468999410145,33
2022-04-20 18:00:00,LSTM-FRO,29.659556391183134,33
2022-04-20 18:15:00,LSTM-FRO,44.092726958487866,33
2022-04-20 18:30:00,LSTM-FRO,36.70470607715746,33
2022-04-20 18:45:00,LSTM-FRO,24.275623254459642,33
2022-04-20 19:00:00,LSTM-FRO,25.953080102442986,33
2022-04-20 19:15:00,LSTM-FRO,32.35988534948859,33
2022-04-20 19:30:00,LSTM-FRO,34.32139046832069,33
2022-04-20 19:45:00,LSTM-FRO,23.755844006816453,33
2022-04-20 20:00:00,LSTM-FRO,26.11865328381439,33
2022-04-20 20:15:00,LSTM-FRO,27.925384436230644,33
2022-04-20 20:30:00,LSTM-FRO,29.75850227607632,33
2022-04-20 20:45:00,LSTM-FRO,25.044700806674175,33
2022-04-20 21:00:00,LSTM-FRO,25.126512676300873,33
2022-04-20 21:15:00,LSTM-FRO,36.615178903502766,33
2022-04-20 21:30:00,LSTM-FRO,35.08269004273372,33
2022-04-20 21:45:00,LSTM-FRO,29.192707089368696,33
2022-04-20 22:00:00,LSTM-FRO,39.870428607044666,33
2022-04-20 22:15:00,LSTM-FRO,23.50131615932532,33
2022-04-20 22:30:00,LSTM-FRO,38.91971852134299,33
2022-04-20 22:45:00,LSTM-FRO,29.673750915337322,33
2022-04-20 23:00:00,LSTM-FRO,58.86390993045214,33
2022-04-20 23:15:00,LSTM-FRO,19.196137897177294,33
2022-04-20 23:30:00,LSTM-FRO,21.780531893467003,33
2022-04-20 23:45:00,LSTM-FRO,28.766306161638752,33
2022-04-20 00:00:00,Transformer-FRO,50.2464417144557,33
2022-04-20 00:15:00,Transformer-FRO,25.48333918561808,33
2022-04-20 00:30:00,Transformer-FRO,38.31878726582682,33
2022-04-20 00:45:00,Transformer-FRO,40.96488043713304,33
2022-04-20 01:00:00,Transformer-FRO,36.379853407318315,33
2022-04-20 01:15:00,Transformer-FRO,23.621455330039986,33
2022-04-20 01:30:00,Transformer-FRO,43.654840437234405,33
2022-04-20 01:45:00,Transformer-FRO,41.68122318320424,33
2022-04-20 02:00:00,Transformer-FRO,35.40223182895379,33
2022-04-20 02:15:00,Transformer-FRO,31.95408010262421,33
2022-04-20 02:30:00,Transformer-FRO,32.13487152564187,33
2022-04-20 02:45:00,Transformer-FRO,29.69276565960274,33
2022-04-20 03:00:00,Transformer-FRO,35.78243566782066,33
2022-04-20 03:15:00,Transformer-FRO,30.550777512436106,33
2022-04-20 03:30:00,Transformer-FRO,24.320422392987773,33
2022-04-20 03:45:00,Transformer-FRO,23.091028376354295,33
2022-04-20 04:00:00,Transformer-FRO,24.936523310427187,33
2022-04-20 04:15:00,Transformer-FRO,32.10176343039052,33
2022-04-20 04:30:00,Transformer-FRO,30.09408612869313,33
2022-04-20 04:45:00,Transformer-FRO,32.045311630148674,33
2022-04-20 05:00:00,Transformer-FRO,34.507128409129955,33
2022-04-20 05:15:00,Transformer-FRO,25.756037922334258,33
2022-04-20 05:30:00,Transformer-FRO,44.31514703241918,33
2022-04-20 05:45:00,Transformer-FRO,28.272990598554504,33
2022-04-20 06:00:00,Transformer-FRO,27.08393949139437,33
2022-04-20 06:15:00,Transformer-FRO,34.34265926123317,33
2022-04-20 06:30:00,Transformer-FRO,18.82445190261629,33
2022-04-20 06:45:00,Transformer-FRO,24.688854638652455,33
2022-04-20 07:00:00,Transformer-FRO,39.08290652363302,33
2022-04-20 07:15:00,Transformer-FRO,19.31433873382782,33
2022-04-20 07:30:00,Transformer-FRO,40.49087272743543,33
2022-04-20 07:45:00,Transformer-FRO,44.840754585070094,33
2022-04-20 08:00:00,Transformer-FRO,27.53690639456584,33
2022-04-20 08:15:00,Transformer-FRO,32.68699770109627,33
2022-04-20 08:30:00,Transformer-FRO,40.50675854390598,33
2022-04-20 08:45:00,Transformer-FRO,26.850674232592418,33
2022-04-20 09:00:00,Transformer-FRO,37.95153906359074,33
2022-04-20 09:15:00,Transformer-FRO,25.465016691413297,33
2022-04-20 09:30:00,Transformer-FRO,26.77550199947119,33
2022-04-20 09:45:00,Transformer-FRO,24.632575423794858,33
2022-04-20 10:00:00,Transformer-FRO,33.12066696121303,33
2022-04-20 10:15:00,Transformer-FRO,40.91717722618984,33
2022-04-20 10:30:00,Transformer-FRO,28.892492568233973,33
2022-04-20 10:45:00,Transformer-FRO,21.795742574888724,33
2022-04-20 11:00:00,Transformer-FRO,22.88768403948373,33
2022-04-20 11:15:00,Transformer-FRO,33.5698174822143,33
2022-04-20 11:30:00,Transformer-FRO,48.8840291918685,33
2022-04-20 11:45:00,Transformer-FRO,33.56220754063129,33
2022-04-20 12:00:00,Transformer-FRO,27.41266374217231,33
2022-04-20 12:15:00,Transformer-FRO,36.96494083786191,33
2022-04-20 12:30:00,Transformer-FRO,28.480557631967546,33
2022-04-20 12:45:00,Transformer-FRO,27.47393644266277,33
2022-04-20 13:00:00,Transformer-FRO,23.636999619706216,33
2022-04-20 13:15:00,Transformer-FRO,43.662651414195366,33
2022-04-20 13:30:00,Transformer-FRO,15.689077673934882,33
2022-04-20 13:45:00,Transformer-FRO,37.269768847943304,33
2022-04-20 14:00:00,Transformer-FRO,26.871875773174384,33
2022-04-20 14:15:00,Transformer-FRO,27.246541604222593,33
2022-04-20 14:30:00,Transformer-FRO,46.99740965713193,33
2022-04-20 14:45:00,Transformer-FRO,25.182804114620673,33
2022-04-20 15:00:00,Transformer-FRO,25.406188616683316,33
2022-04-20 15:15:00,Transformer-FRO,29.297719998687455,33
2022-04-20 15:30:00,Transformer-FRO,33.73776685405347,33
2022-04-20 15:45:00,Transformer-FRO,27.024815538427184,33
2022-04-20 16:00:00,Transformer-FRO,20.151032728517766,33
2022-04-20 16:15:00,Transformer-FRO,24.212374464933742,33
2022-04-20 16:30:00,Transformer-FRO,42.24708480361331,33
2022-04-20 16:45:00,Transformer-FRO,30.89843063986023,33
2022-04-20 17:00:00,Transformer-FRO,34.06509519358654,33
2022-04-20 17:15:00,Transformer-FRO,28.319134124352168,33
2022-04-20 17:30:00,Transformer-FRO,25.542058675158902,33
2022-04-20 17:45:00,Transformer-FRO,46.81807260047748,33
2022-04-20 18:00:00,Transformer-FRO,28.861953093321404,33
2022-04-20 18:15:00,Transformer-FRO,27.01420855888004,33
2022-04-20 18:30:00,Transformer-FRO,40.2664996198443,33
2022-04-20 18:45:00,Transformer-FRO,25.129130300226432,33
2022-04-20 19:00:00,Transformer-FRO,25.97461668160957,33
2022-04-20 19:15:00,Transformer-FRO,30.38576851819877,33
2022-04-20 19:30:00,Transformer-FRO,30.307271924401473,33
2022-04-20 19:45:00,Transformer-FRO,32.41522939132329,33
2022-04-20 20:00:00,Transformer-FRO,52.12449209675131,33
2022-04-20 20:15:00,Transformer-FRO,33.06576242391522,33
2022-04-20 20:30:00,Transformer-FRO,16.358505163664365,33
2022-04-20 20:45:00,Transformer-FRO,32.9805757561464,33
2022-04-20 21:00:00,Transformer-FRO,30.60425286007933,33
2022-04-20 21:15:00,Transformer-FRO,30.648482500558625,33
2022-04-20 21:30:00,Transformer-FRO,32.30059377345463,33
2022-04-20 21:45:00,Transformer-FRO,30.080649460483396,33
2022-04-20 22:00:00,Transformer-FRO,29.89456391631511,33
2022-04-20 22:15:00,Transformer-FRO,35.525992934354285,33
2022-04-20 22:30:00,Transformer-FRO,26.33159917649341,33
2022-04-20 22:45:00,Transformer-FRO,23.703112619679054,33
2022-04-20 23:00:00,Transformer-FRO,66.37418975310383,33
2022-04-20 23:15:00,Transformer-FRO,25.171534823143777,33
2022-04-20 23:30:00,Transformer-FRO,31.102313119517113,33
2022-04-20 23:45:00,Transformer-FRO,20.56376391586592,33
2022-04-20 00:00:00,DFL-FRO,24.955165790379624,33
2022-04-20 00:15:00,DFL-FRO,28.612166279532612,33
2022-04-20 00:30:00,DFL-FRO,43.308258830538456,33
2022-04-20 00:45:00,DFL-FRO,36.916481016173115,33
2022-04-20 01:00:00,DFL-FRO,37.92158673509996,33
2022-04-20 01:15:00,DFL-FRO,19.75828430220386,33
2022-04-20 01:30:00,DFL-FRO,54.00041326852099,33
2022-04-20 01:45:00,DFL-FRO,23.21978827930254,33
2022-04-20 02:00:00,DFL-FRO,49.554470120790185,33
2022-04-20 02:15:00,DFL-FRO,43.025335469724624,33
2022-04-20 02:30:00,DFL-FRO,38.01599640246517,33
2022-04-20 02:45:00,DFL-FRO,25.505219284985994,33
2022-04-20 03:00:00,DFL-FRO,33.76319156078822,33
2022-04-20 03:15:00,DFL-FRO,28.386244650889967,33
2022-04-20 03:30:00,DFL-FRO,32.629664509922165,33
2022-04-20 03:45:00,DFL-FRO,30.189716839977702,33
2022-04-20 04:00:00,DFL-FRO,18.339526687277193,33
2022-04-20 04:15:00,DFL-FRO,44.24408540708402,33
2022-04-20 04:30:00,DFL-FRO,31.643374131228118,33
2022-04-20 04:45:00,DFL-FRO,28.276673888997102,33
2022-04-20 05:00:00,DFL-FRO,27.687781443226484,33
2022-04-20 05:15:00,DFL-FRO,35.76667882570779,33
2022-04-20 05:30:00,DFL-FRO,25.23114592226631,33
2022-04-20 05:45:00,DFL-FRO,17.265520885196473,33
2022-04-20 06:00:00,DFL-FRO,36.25505983806626,33
2022-04-20 06:15:00,DFL-FRO,37.40412377263727,33
2022-04-20 06:30:00,DFL-FRO,30.61533920594442,33
2022-04-20 06:45:00,DFL-FRO,23.506094187931087,33
2022-04-20 07:00:00,DFL-FRO,33.178835980261006,33
2022-04-20 07:15:00,DFL-FRO,21.520995551973456,33
2022-04-20 07:30:00,DFL-FRO,24.309951012193284,33
2022-04-20 07:45:00,DFL-FRO,26.257279568945496,33
2022-04-20 08:00:00,DFL-FRO,40.94781664799295,33
2022-04-20 08:15:00,DFL-FRO,29.256039992167302,33
2022-04-20 08:30:00,DFL-FRO,28.569196704553704,33
2022-04-20 08:45:00,DFL-FRO,55.80238669421038,33
2022-04-20 09:00:00,DFL-FRO,35.7069582452824,33
2022-04-20 09:15:00,DFL-FRO,35.57320346829105,33
2022-04-20 09:30:00,DFL-FRO,29.198298403619425,33
2022-04-20 09:45:00,DFL-FRO,27.411077321520196,33
2022-04-20 10:00:00,DFL-FRO,17.599569300705323,33
2022-04-20 10:15:00,DFL-FRO,42.39689682688859,33
2022-04-20 10:30:00,DFL-FRO,36.67348379837914,33
2022-04-20 10:45:00,DFL-FRO,30.790435068456247,33
2022-04-20 11:00:00,DFL-FRO,31.152382548599586,33
2022-04-20 11:15:00,DFL-FRO,39.73612873387719,33
2022-04-20 11:30:00,DFL-FRO,20.98694199133833,33
2022-04-20 11:45:00,DFL-FRO,27.460697066466974,33
2022-04-20 12:00:00,DFL-FRO,23.582198536308137,33
2022-04-20 12:15:00,DFL-FRO,53.02542564241859,33
2022-04-20 12:30:00,DFL-FRO,41.31131670196919,33
2022-04-20 12:45:00,DFL-FRO,17.519879050676924,33
2022-04-20 13:00:00,DFL-FRO,21.227785621496608,33
2022-04-20 13:15:00,DFL-FRO,31.19478260573557,33
2022-04-20 13:30:00,DFL-FRO,28.374233475987882,33
2022-04-20 13:45:00,DFL-FRO,22.378097352067332,33
2022-04-20 14:00:00,DFL-FRO,55.64818757763831,33
2022-04-20 14:15:00,DFL-FRO,35.31193150941682,33
2022-04-20 14:30:00,DFL-FRO,36.94536539411194,33
2022-04-20 14:45:00,DFL-FRO,26.69017809159691,33
2022-04-20 15:00:00,DFL-FRO,39.58284535398285,33
2022-04-20 15:15:00,DFL-FRO,29.11111013159375,33
2022-04-20 15:30:00,DFL-FRO,29.909450242820704,33
2022-04-20 15:45:00,DFL-FRO,38.3743458638556,33
2022-04-20 16:00:00,DFL-FRO,20.556964250625366,33
2022-04-20 16:15:00,DFL-FRO,50.50898425079004,33
2022-04-20 16:30:00,DFL-FRO,34.05420882916376,33
2022-04-20 16:45:00,DFL-FRO,46.250515500425045,33
2022-04-20 17:00:00,DFL-FRO,23.98569408947375,33
2022-04-20 17:15:00,DFL-FRO,25.025223220586383,33
2022-04-20 17:30:00,DFL-FRO,23.414588531974392,33
2022-04-20 17:45:00,DFL-FRO,34.70475585241493,33
2022-04-20 18:00:00,DFL-FRO,32.967308610998224,33
2022-04-20 18:15:00,DFL-FRO,28.4377822370617,33
2022-04-20 18:30:00,DFL-FRO,24.399271560587348,33
2022-04-20 18:45:00,DFL-FRO,22.74135524866726,33
2022-04-20 19:00:00,DFL-FRO,31.932344991838463,33
2022-04-20 19:15:00,DFL-FRO,28.428472952721986,33
2022-04-20 19:30:00,DFL-FRO,26.737879071705567,33
2022-04-20 19:45:00,DFL-FRO,49.81098775070598,33
2022-04-20 20:00:00,DFL-FRO,31.632631497834936,33
2022-04-20 20:15:00,DFL-FRO,46.11023320738251,33
2022-04-20 20:30:00,DFL-FRO,27.897465400365093,33
2022-04-20 20:45:00,DFL-FRO,34.65140126977624,33
2022-04-20 21:00:00,DFL-FRO,31.87018873458568,33
2022-04-20 21:15:00,DFL-FRO,20.167594375326384,33
2022-04-20 21:30:00,DFL-FRO,48.18967875749322,33
2022-04-20 21:45:00,DFL-FRO,31.1703838676602,33
2022-04-20 22:00:00,DFL-FRO,39.85005230338297,33
2022-04-20 22:15:00,DFL-FRO,26.247544346787272,33
2022-04-20 22:30:00,DFL-FRO,30.91355916298497,33
2022-04-20 22:45:00,DFL-FRO,25.421013536008452,33
2022-04-20 23:00:00,DFL-FRO,45.67486799205566,33
2022-04-20 23:15:00,DFL-FRO,35.30080861943194,33
2022-04-20 23:30:00,DFL-FRO,35.852433938645426,33
2022-04-20 23:45:00,DFL-FRO,47.25677286461638,33
2022-04-20 00:00:00,CVaR-DFL-FRO,52.41743916554419,33
2022-04-20 00:15:00,CVaR-DFL-FRO,26.595304718609054,33
2022-04-20 00:30:00,CVaR-DFL-FRO,33.31407355037305,33
2022-04-20 00:45:00,CVaR-DFL-FRO,30.27622796047246,33
2022-04-20 01:00:00,CVaR-DFL-FRO,51.806194907068054,33
2022-04-20 01:15:00,CVaR-DFL-FRO,43.586425962493266,33
2022-04-20 01:30:00,CVaR-DFL-FRO,26.854103256069155,33
2022-04-20 01:45:00,CVaR-DFL-FRO,38.98779558801463,33
2022-04-20 02:00:00,CVaR-DFL-FRO,26.00472782457518,33
2022-04-20 02:15:00,CVaR-DFL-FRO,40.662759006205484,33
2022-04-20 02:30:00,CVaR-DFL-FRO,24.73575787189588,33
2022-04-20 02:45:00,CVaR-DFL-FRO,48.709018838836904,33
2022-04-20 03:00:00,CVaR-DFL-FRO,46.4817940100033,33
2022-04-20 03:15:00,CVaR-DFL-FRO,74.71756451745559,33
2022-04-20 03:30:00,CVaR-DFL-FRO,53.77685855529758,33
2022-04-20 03:45:00,CVaR-DFL-FRO,36.255860013443005,33
2022-04-20 04:00:00,CVaR-DFL-FRO,53.281930295521846,33
2022-04-20 04:15:00,CVaR-DFL-FRO,26.794590084924675,33
2022-04-20 04:30:00,CVaR-DFL-FRO,30.667742773287188,33
2022-04-20 04:45:00,CVaR-DFL-FRO,45.839949338271,33
2022-04-20 05:00:00,CVaR-DFL-FRO,21.16269603580224,33
2022-04-20 05:15:00,CVaR-DFL-FRO,40.86504619225073,33
2022-04-20 05:30:00,CVaR-DFL-FRO,30.122810525341638,33
2022-04-20 05:45:00,CVaR-DFL-FRO,42.65875765042963,33
2022-04-20 06:00:00,CVaR-DFL-FRO,29.59047675476944,33
2022-04-20 06:15:00,CVaR-DFL-FRO,47.15405815634066,33
2022-04-20 06:30:00,CVaR-DFL-FRO,41.58750143121289,33
2022-04-20 06:45:00,CVaR-DFL-FRO,63.831419790241206,33
2022-04-20 07:00:00,CVaR-DFL-FRO,41.42534643531347,33
2022-04-20 07:15:00,CVaR-DFL-FRO,32.568451686677086,33
2022-04-20 07:30:00,CVaR-DFL-FRO,38.290855835616135,33
2022-04-20 07:45:00,CVaR-DFL-FRO,27.2424128958262,33
2022-04-20 08:00:00,CVaR-DFL-FRO,46.88986025076343,33
2022-04-20 08:15:00,CVaR-DFL-FRO,49.639931057741435,33
2022-04-20 08:30:00,CVaR-DFL-FRO,88.92858057706738,33
2022-04-20 08:45:00,CVaR-DFL-FRO,34.08606423522864,33
2022-04-20 09:00:00,CVaR-DFL-FRO,38.0432819335824,33
2022-04-20 09:15:00,CVaR-DFL-FRO,34.5768177283629,33
2022-04-20 09:30:00,CVaR-DFL-FRO,44.15069379147851,33
2022-04-20 09:45:00,CVaR-DFL-FRO,46.535582512556104,33
2022-04-20 10:00:00,CVaR-DFL-FRO,40.66000453555066,33
2022-04-20 10:15:00,CVaR-DFL-FRO,57.90591172623851,33
2022-04-20 10:30:00,CVaR-DFL-FRO,34.13745871268407,33
2022-04-20 10:45:00,CVaR-DFL-FRO,56.13440536505382,33
2022-04-20 11:00:00,CVaR-DFL-FRO,48.85536921080007,33
2022-04-20 11:15:00,CVaR-DFL-FRO,41.184894226492304,33
2022-04-20 11:30:00,CVaR-DFL-FRO,37.49094403702042,33
2022-04-20 11:45:00,CVaR-DFL-FRO,87.76298605618784,33
2022-04-20 12:00:00,CVaR-DFL-FRO,32.08341799649887,33
2022-04-20 12:15:00,CVaR-DFL-FRO,45.34195707171319,33
2022-04-20 12:30:00,CVaR-DFL-FRO,32.75513551269204,33
2022-04-20 12:45:00,CVaR-DFL-FRO,71.93514180506897,33
2022-04-20 13:00:00,CVaR-DFL-FRO,54.43067181948644,33
2022-04-20 13:15:00,CVaR-DFL-FRO,33.493656616379226,33
2022-04-20 13:30:00,CVaR-DFL-FRO,48.46434254338387,33
2022-04-20 13:45:00,CVaR-DFL-FRO,44.77946927265256,33
2022-04-20 14:00:00,CVaR-DFL-FRO,35.216995272310875,33
2022-04-20 14:15:00,CVaR-DFL-FRO,52.300837371362135,33
2022-04-20 14:30:00,CVaR-DFL-FRO,46.64564774288683,33
2022-04-20 14:45:00,CVaR-DFL-FRO,44.19982528245809,33
2022-04-20 15:00:00,CVaR-DFL-FRO,40.804758231435024,33
2022-04-20 15:15:00,CVaR-DFL-FRO,47.25373228690409,33
2022-04-20 15:30:00,CVaR-DFL-FRO,44.38793156097384,33
2022-04-20 15:45:00,CVaR-DFL-FRO,42.103734199210294,33
2022-04-20 16:00:00,CVaR-DFL-FRO,33.88384498316797,33
2022-04-20 16:15:00,CVaR-DFL-FRO,69.91417805891342,33
2022-04-20 16:30:00,CVaR-DFL-FRO,29.84230668567541,33
2022-04-20 16:45:00,CVaR-DFL-FRO,47.20364784148833,33
2022-04-20 17:00:00,CVaR-DFL-FRO,37.42930283350051,33
2022-04-20 17:15:00,CVaR-DFL-FRO,71.3556130806477,33
2022-04-20 17:30:00,CVaR-DFL-FRO,31.23415274489567,33
2022-04-20 17:45:00,CVaR-DFL-FRO,32.90746619258671,33
2022-04-20 18:00:00,CVaR-DFL-FRO,30.59793621690741,33
2022-04-20 18:15:00,CVaR-DFL-FRO,45.7025309470555,33
2022-04-20 18:30:00,CVaR-DFL-FRO,26.999973283194475,33
2022-04-20 18:45:00,CVaR-DFL-FRO,35.635686478855625,33
2022-04-20 19:00:00,CVaR-DFL-FRO,21.201361074463044,33
2022-04-20 19:15:00,CVaR-DFL-FRO,44.540133251851984,33
2022-04-20 19:30:00,CVaR-DFL-FRO,35.39673928812337,33
2022-04-20 19:45:00,CVaR-DFL-FRO,26.05362762492053,33
2022-04-20 20:00:00,CVaR-DFL-FRO,57.893041403760954,33
2022-04-20 20:15:00,CVaR-DFL-FRO,27.55324125934973,33
2022-04-20 20:30:00,CVaR-DFL-FRO,52.9338549582968,33
2022-04-20 20:45:00,CVaR-DFL-FRO,33.258705448293135,33
2022-04-20 21:00:00,CVaR-DFL-FRO,67.94281731727742,33
2022-04-20 21:15:00,CVaR-DFL-FRO,52.16126247338243,33
2022-04-20 21:30:00,CVaR-DFL-FRO,30.23718188465601,33
2022-04-20 21:45:00,CVaR-DFL-FRO,31.102647393515014,33
2022-04-20 22:00:00,CVaR-DFL-FRO,49.88191366435648,33
2022-04-20 22:15:00,CVaR-DFL-FRO,38.10726237943048,33
2022-04-20 22:30:00,CVaR-DFL-FRO,39.22317390611055,33
2022-04-20 22:45:00,CVaR-DFL-FRO,61.34392240908228,33
2022-04-20 23:00:00,CVaR-DFL-FRO,32.770688720412984,33
2022-04-20 23:15:00,CVaR-DFL-FRO,42.5264452706941,33
2022-04-20 23:30:00,CVaR-DFL-FRO,55.587712168552486,33
2022-04-20 23:45:00,CVaR-DFL-FRO,53.13414998498058,33
2022-04-20 02:30:00,CVaR-DFL-RTRO,70.25075214450735,33
2022-04-20 13:15:00,CVaR-DFL-RTRO,25.855958826218288,33
2022-04-20 14:45:00,CVaR-DFL-RTRO,40.65576735723961,33
2022-04-20 15:00:00,CVaR-DFL-RTRO,45.54388570019707,33
2022-04-20 16:30:00,CVaR-DFL-RTRO,30.873556393685895,33
2022-04-20 18:15:00,CVaR-DFL-RTRO,44.645729681228616,33
2022-04-20 18:30:00,CVaR-DFL-RTRO,29.125552063133895,33
2022-04-21 00:00:00,LSTM-FRO,36.60853854832451,33
2022-04-21 00:15:00,LSTM-FRO,30.056809582041772,33
2022-04-21 00:30:00,LSTM-FRO,17.629899628709385,33
2022-04-21 00:45:00,LSTM-FRO,22.021490580493964,33
2022-04-21 01:00:00,LSTM-FRO,32.34590620277231,33
2022-04-21 01:15:00,LSTM-FRO,28.220378932809503,33
2022-04-21 01:30:00,LSTM-FRO,14.273722358886037,33
2022-04-21 01:45:00,LSTM-FRO,38.348783497107924,33
2022-04-21 02:00:00,LSTM-FRO,29.050303071795206,33
2022-04-21 02:15:00,LSTM-FRO,22.853451654615295,33
2022-04-21 02:30:00,LSTM-FRO,36.035202932189314,33
2022-04-21 02:45:00,LSTM-FRO,23.680052375993867,33
2022-04-21 03:00:00,LSTM-FRO,23.61527260666599,33
2022-04-21 03:15:00,LSTM-FRO,30.712923170208278,33
2022-04-21 03:30:00,LSTM-FRO,43.89649873729311,33
2022-04-21 03:45:00,LSTM-FRO,42.19526419325627,33
2022-04-21 04:00:00,LSTM-FRO,30.723401908657813,33
2022-04-21 04:15:00,LSTM-FRO,31.52560152242205,33
2022-04-21 04:30:00,LSTM-FRO,34.24089050203181,33
2022-04-21 04:45:00,LSTM-FRO,20.474280420279225,33
2022-04-21 05:00:00,LSTM-FRO,32.997429524517415,33
2022-04-21 05:15:00,LSTM-FRO,23.34635486199848,33
2022-04-21 05:30:00,LSTM-FRO,30.40701689117246,33
2022-04-21 05:45:00,LSTM-FRO,26.512576185162832,33
2022-04-21 06:00:00,LSTM-FRO,31.834353490157724,33
2022-04-21 06:15:00,LSTM-FRO,28.915314276605248,33
2022-04-21 06:30:00,LSTM-FRO,12.978175610290712,33
2022-04-21 06:45:00,LSTM-FRO,29.35995414669543,33
2022-04-21 07:00:00,LSTM-FRO,32.980904544684215,33
2022-04-21 07:15:00,LSTM-FRO,31.395623971728487,33
2022-04-21 07:30:00,LSTM-FRO,27.356919382370005,33
2022-04-21 07:45:00,LSTM-FRO,42.39247787199557,33
2022-04-21 08:00:00,LSTM-FRO,30.35283055801654,33
2022-04-21 08:15:00,LSTM-FRO,31.330628705228513,33
2022-04-21 08:30:00,LSTM-FRO,36.48611990756848,33
2022-04-21 08:45:00,LSTM-FRO,30.745634396291614,33
2022-04-21 09:00:00,LSTM-FRO,22.40500317304929,33
2022-04-21 09:15:00,LSTM-FRO,15.219879608583625,33
2022-04-21 09:30:00,LSTM-FRO,24.90195303249993,33
2022-04-21 09:45:00,LSTM-FRO,33.97926316021747,33
2022-04-21 10:00:00,LSTM-FRO,25.689474709523296,33
2022-04-21 10:15:00,LSTM-FRO,34.32419452531005,33
2022-04-21 10:30:00,LSTM-FRO,29.13847273084429,33
2022-04-21 10:45:00,LSTM-FRO,38.78675308335153,33
2022-04-21 11:00:00,LSTM-FRO,26.065470381104163,33
2022-04-21 11:15:00,LSTM-FRO,31.5670133089298,33
2022-04-21 11:30:00,LSTM-FRO,31.87175050301928,33
2022-04-21 11:45:00,LSTM-FRO,40.922695067649954,33
2022-04-21 12:00:00,LSTM-FRO,18.288792440651452,33
2022-04-21 12:15:00,LSTM-FRO,25.01920808937514,33
2022-04-21 12:30:00,LSTM-FRO,34.73452502398672,33
2022-04-21 12:45:00,LSTM-FRO,41.3802833150906,33
2022-04-21 13:00:00,LSTM-FRO,29.81436186553656,33
2022-04-21 13:15:00,LSTM-FRO,26.081916329247527,33
2022-04-21 13:30:00,LSTM-FRO,33.94663259674192,33
2022-04-21 13:45:00,LSTM-FRO,34.91099373255735,33
2022-04-21 14:00:00,LSTM-FRO,25.647169095145365,33
2022-04-21 14:15:00,LSTM-FRO,30.497448193509744,33
2022-04-21 14:30:00,LSTM-FRO,37.753652675630434,33
2022-04-21 14:45:00,LSTM-FRO,45.11900218942478,33
2022-04-21 15:00:00,LSTM-FRO,33.82317490592532,33
2022-04-21 15:15:00,LSTM-FRO,28.383366736446707,33
2022-04-21 15:30:00,LSTM-FRO,27.692112752894044,33
2022-04-21 15:45:00,LSTM-FRO,32.2865746526547,33
2022-04-21 16:00:00,LSTM-FRO,27.267190228801475,33
2022-04-21 16:15:00,LSTM-FRO,29.439285314152077,33
2022-04-21 16:30:00,LSTM-FRO,21.523673216558358,33
2022-04-21 16:45:00,LSTM-FRO,38.87439879442799,33
2022-04-21 17:00:00,LSTM-FRO,21.083498918997403,33
2022-04-21 17:15:00,LSTM-FRO,25.184918177488893,33
2022-04-21 17:30:00,LSTM-FRO,28.766815375199208,33
2022-04-21 17:45:00,LSTM-FRO,46.27213819007754,33
2022-04-21 18:00:00,LSTM-FRO,25.24460148177275,33
2022-04-21 18:15:00,LSTM-FRO,23.748658786554245,33
2022-04-21 18:30:00,LSTM-FRO,24.445486257919107,33
2022-04-21 18:45:00,LSTM-FRO,42.57095493220884,33
2022-04-21 19:00:00,LSTM-FRO,13.85589920638747,33
2022-04-21 19:15:00,LSTM-FRO,21.823673394209564,33
2022-04-21 19:30:00,LSTM-FRO,55.72257629121896,33
2022-04-21 19:45:00,LSTM-FRO,32.55912614276164,33
2022-04-21 20:00:00,LSTM-FRO,21.26529082829254,33
2022-04-21 20:15:00,LSTM-FRO,27.77675657172726,33
2022-04-21 20:30:00,LSTM-FRO,28.549986434220312,33
2022-04-21 20:45:00,LSTM-FRO,34.71368356982933,33
2022-04-21 21:00:00,LSTM-FRO,44.545504933512575,33
2022-04-21 21:15:00,LSTM-FRO,30.946647727553216,33
2022-04-21 21:30:00,LSTM-FRO,24.513260378922805,33
2022-04-21 21:45:00,LSTM-FRO,34.20296530114979,33
2022-04-21 22:00:00,LSTM-FRO,23.55724248397073,33
2022-04-21 22:15:00,LSTM-FRO,21.656672848782996,33
2022-04-21 22:30:00,LSTM-FRO,18.04583920885895,33
2022-04-21 22:45:00,LSTM-FRO,18.9501687124827,33
2022-04-21 23:00:00,LSTM-FRO,22.413850074472467,33
2022-04-21 23:15:00,LSTM-FRO,20.8853994387345,33
2022-04-21 23:30:00,LSTM-FRO,30.36703255416285,33
2022-04-21 23:45:00,LSTM-FRO,20.772392726220144,33
2022-04-21 00:00:00,Transformer-FRO,19.22637585791098,33
2022-04-21 00:15:00,Transformer-FRO,22.300337987606675,33
2022-04-21 00:30:00,Transformer-FRO,21.54115610597966,33
2022-04-21 00:45:00,Transformer-FRO,37.37185195364287,33
2022-04-21 01:00:00,Transformer-FRO,21.4960030360552,33
2022-04-21 01:15:00,Transformer-FRO,31.669197964434733,33
2022-04-21 01:30:00,Transformer-FRO,25.078765307351034,33
2022-04-21 01:45:00,Transformer-FRO,24.92757555203148,33
2022-04-21 02:00:00,Transformer-FRO,20.294502939899267,33
2022-04-21 02:15:00,Transformer-FRO,24.82130433223459,33
2022-04-21 02:30:00,Transformer-FRO,20.66771822703512,33
2022-04-21 02:45:00,Transformer-FRO,26.3383547513733,33
2022-04-21 03:00:00,Transformer-FRO,23.70508535256936,33
2022-04-21 03:15:00,Transformer-FRO,19.727722629550584,33
2022-04-21 03:30:00,Transformer-FRO,32.59361785691177,33
2022-04-21 03:45:00,Transformer-FRO,28.151825939327814,33
2022-04-21 04:00:00,Transformer-FRO,22.438355127292446,33
2022-04-21 04:15:00,Transformer-FRO,26.171365431207107,33
2022-04-21 04:30:00,Transformer-FRO,24.660681183840982,33
2022-04-21 04:45:00,Transformer-FRO,20.125720938896503,33
2022-04-21 05:00:00,Transformer-FRO,25.667384450804068,33
2022-04-21 05:15:00,Transformer-FRO,21.4544146987395,33
2022-04-21 05:30:00,Transformer-FRO,19.72615803027584,33
2022-04-21 05:45:00,Transformer-FRO,16.546926337387905,33
2022-04-21 06:00:00,Transformer-FRO,22.964862067820963,33
2022-04-21 06:15:00,Transformer-FRO,29.193452505782155,33
2022-04-21 06:30:00,Transformer-FRO,21.048629774904068,33
2022-04-21 06:45:00,Transformer-FRO,48.448417755607764,33
2022-04-21 07:00:00,Transformer-FRO,31.708324593841798,33
2022-04-21 07:15:00,Transformer-FRO,35.34380946341961,33
2022-04-21 07:30:00,Transformer-FRO,30.973430160703554,33
2022-04-21 07:45:00,Transformer-FRO,40.7454660148818,33
2022-04-21 08:00:00,Transformer-FRO,20.550665777420072,33
2022-04-21 08:15:00,Transformer-FRO,12.974790415813144,33
2022-04-21 08:30:00,Transformer-FRO,22.4496275788003,33
2022-04-21 08:45:00,Transformer-FRO,29.127281954820948,33
2022-04-21 09:00:00,Transformer-FRO,26.212273180169483,33
2022-04-21 09:15:00,Transformer-FRO,27.068381937584675,33
2022-04-21 09:30:00,Transformer-FRO,35.4960704860956,33
2022-04-21 09:45:00,Transformer-FRO,27.826843098842303,33
2022-04-21 10:00:00,Transformer-FRO,31.00291593084397,33
2022-04-21 10:15:00,Transformer-FRO,19.753647612744693,33
2022-04-21 10:30:00,Transformer-FRO,18.971447976410467,33
2022-04-21 10:45:00,Transformer-FRO,38.299713504082064,33
2022-04-21 11:00:00,Transformer-FRO,25.870528653757525,33
2022-04-21 11:15:00,Transformer-FRO,21.442083594890217,33
2022-04-21 11:30:00,Transformer-FRO,21.452285785247675,33
2022-04-21 11:45:00,Transformer-FRO,21.298611140973367,33
2022-04-21 12:00:00,Transformer-FRO,20.970735523413968,33
2022-04-21 12:15:00,Transformer-FRO,18.07003754894429,33
2022-04-21 12:30:00,Transformer-FRO,17.080233374053712,33
2022-04-21 12:45:00,Transformer-FRO,23.95994448276164,33
2022-04-21 13:00:00,Transformer-FRO,21.611215206078306,33
2022-04-21 13:15:00,Transformer-FRO,33.58238940758196,33
2022-04-21 13:30:00,Transformer-FRO,27.19221216413538,33
2022-04-21 13:45:00,Transformer-FRO,26.99720683013348,33
2022-04-21 14:00:00,Transformer-FRO,20.785813887602234,33
2022-04-21 14:15:00,Transformer-FRO,24.423934313467214,33
2022-04-21 14:30:00,Transformer-FRO,27.675338772732022,33
2022-04-21 14:45:00,Transformer-FRO,30.345091422192404,33
2022-04-21 15:00:00,Transformer-FRO,24.596383067900025,33
2022-04-21 15:15:00,Transformer-FRO,33.33916732825769,33
2022-04-21 15:30:00,Transformer-FRO,25.254759251900552,33
2022-04-21 15:45:00,Transformer-FRO,30.954195593936358,33
2022-04-21 16:00:00,Transformer-FRO,22.196548756949234,33
2022-04-21 16:15:00,Transformer-FRO,15.752270841471333,33
2022-04-21 16:30:00,Transformer-FRO,27.018503462705144,33
2022-04-21 16:45:00,Transformer-FRO,30.416995574799184,33
2022-04-21 17:00:00,Transformer-FRO,29.256925523857845,33
2022-04-21 17:15:00,Transformer-FRO,28.11787791538651,33
2022-04-21 17:30:00,Transformer-FRO,23.024603153228036,33
2022-04-21 17:45:00,Transformer-FRO,20.445731770290482,33
2022-04-21 18:00:00,Transformer-FRO,29.078308552430872,33
2022-04-21 18:15:00,Transformer-FRO,28.148957088398312,33
2022-04-21 18:30:00,Transformer-FRO,21.791416252499722,33
2022-04-21 18:45:00,Transformer-FRO,33.60211587571019,33
2022-04-21 19:00:00,Transformer-FRO,20.046174374310723,33
2022-04-21 19:15:00,Transformer-FRO,21.663963945287527,33
2022-04-21 19:30:00,Transformer-FRO,38.521910105472685,33
2022-04-21 19:45:00,Transformer-FRO,31.568023311148725,33
2022-04-21 20:00:00,Transformer-FRO,22.968423246527085,33
2022-04-21 20:15:00,Transformer-FRO,27.152083930395847,33
2022-04-21 20:30:00,Transformer-FRO,26.234541991898258,33
2022-04-21 20:45:00,Transformer-FRO,12.367529458016463,33
2022-04-21 21:00:00,Transformer-FRO,19.923845022698988,33
2022-04-21 21:15:00,Transformer-FRO,24.872429588284213,33
2022-04-21 21:30:00,Transformer-FRO,22.97674901830918,33
2022-04-21 21:45:00,Transformer-FRO,26.870007125227385,33
2022-04-21 22:00:00,Transformer-FRO,33.77732115135763,33
2022-04-21 22:15:00,Transformer-FRO,23.186658271388996,33
2022-04-21 22:30:00,Transformer-FRO,19.157989951046627,33
2022-04-21 22:45:00,Transformer-FRO,27.41715948623778,33
2022-04-21 23:00:00,Transformer-FRO,23.1560935228944,33
2022-04-21 23:15:00,Transformer-FRO,24.20307879403488,33
2022-04-21 23:30:00,Transformer-FRO,23.36627153538408,33
2022-04-21 23:45:00,Transformer-FRO,45.06903651348189,33
2022-04-21 00:00:00,DFL-FRO,24.748104549780745,33
2022-04-21 00:15:00,DFL-FRO,27.54807108884367,33
2022-04-21 00:30:00,DFL-FRO,22.182205618092325,33
2022-04-21 00:45:00,DFL-FRO,35.43508336898479,33
2022-04-21 01:00:00,DFL-FRO,34.590519675634525,33
2022-04-21 01:15:00,DFL-FRO,27.21187271377783,33
2022-04-21 01:30:00,DFL-FRO,25.57296176698821,33
2022-04-21 01:45:00,DFL-FRO,26.729372118143537,33
2022-04-21 02:00:00,DFL-FRO,26.782831168255623,33
2022-04-21 02:15:00,DFL-FRO,26.980688525542693,33
2022-04-21 02:30:00,DFL-FRO,26.168945028670983,33
2022-04-21 02:45:00,DFL-FRO,29.586169698518887,33
2022-04-21 03:00:00,DFL-FRO,34.01656371545789,33
2022-04-21 03:15:00,DFL-FRO,19.572804440526433,33
2022-04-21 03:30:00,DFL-FRO,20.577261437713446,33
2022-04-21 03:45:00,DFL-FRO,16.94080804197125,33
2022-04-21 04:00:00,DFL-FRO,35.10653694128983,33
2022-04-21 04:15:00,DFL-FRO,29.56864719364242,33
2022-04-21 04:30:00,DFL-FRO,31.745669727049282,33
2022-04-21 04:45:00,DFL-FRO,18.515758457676917,33
2022-04-21 05:00:00,DFL-FRO,45.34713739041881,33
2022-04-21 05:15:00,DFL-FRO,23.27315401809338,33
2022-04-21 05:30:00,DFL-FRO,28.89972416342696,33
2022-04-21 05:45:00,DFL-FRO,34.989217002590124,33
2022-04-21 06:00:00,DFL-FRO,20.945684260652833,33
2022-04-21 06:15:00,DFL-FRO,23.682204676083046,33
2022-04-21 06:30:00,DFL-FRO,28.988169067650727,33
2022-04-21 06:45:00,DFL-FRO,61.14282992878555,33
2022-04-21 07:00:00,DFL-FRO,29.99020157087306,33
2022-04-21 07:15:00,DFL-FRO,43.14569803293305,33
2022-04-21 07:30:00,DFL-FRO,38.587507500406126,33
2022-04-21 07:45:00,DFL-FRO,30.554400098438936,33
2022-04-21 08:00:00,DFL-FRO,20.93275416372557,33
2022-04-21 08:15:00,DFL-FRO,37.049958272634576,33
2022-04-21 08:30:00,DFL-FRO,18.165115089769394,33
2022-04-21 08:45:00,DFL-FRO,43.079790967584465,33
2022-04-21 09:00:00,DFL-FRO,29.156946124364207,33
2022-04-21 09:15:00,DFL-FRO,13.176826321559552,33
2022-04-21 09:30:00,DFL-FRO,25.080142800452215,33
2022-04-21 09:45:00,DFL-FRO,33.08853982510931,33
2022-04-21 10:00:00,DFL-FRO,25.81388060238583,33
2022-04-21 10:15:00,DFL-FRO,33.656330659748605,33
2022-04-21 10:30:00,DFL-FRO,21.76049400691322,33
2022-04-21 10:45:00,DFL-FRO,19.16413606907456,33
2022-04-21 11:00:00,DFL-FRO,27.032823013113354,33
2022-04-21 11:15:00,DFL-FRO,27.820035182201277,33
2022-04-21 11:30:00,DFL-FRO,25.025144163591587,33
2022-04-21 11:45:00,DFL-FRO,38.820659674044265,33
2022-04-21 12:00:00,DFL-FRO,21.75938312168707,33
2022-04-21 12:15:00,DFL-FRO,30.09099548110077,33
2022-04-21 12:30:00,DFL-FRO,28.103685661311474,33
2022-04-21 12:45:00,DFL-FRO,17.870873244273,33
2022-04-21 13:00:00,DFL-FRO,19.09458463732228,33
2022-04-21 13:15:00,DFL-FRO,27.66808447849785,33
2022-04-21 13:30:00,DFL-FRO,47.8960875393656,33
2022-04-21 13:45:00,DFL-FRO,32.40709939013246,33
2022-04-21 14:00:00,DFL-FRO,17.049176974649736,33
2022-04-21 14:15:00,DFL-FRO,11.590713533156855,33
2022-04-21 14:30:00,DFL-FRO,33.826018832020296,33
2022-04-21 14:45:00,DFL-FRO,26.846890922417085,33
2022-04-21 15:00:00,DFL-FRO,37.901137926260816,33
2022-04-21 15:15:00,DFL-FRO,21.575170180179256,33
2022-04-21 15:30:00,DFL-FRO,30.403243996405518,33
2022-04-21 15:45:00,DFL-FRO,34.909249704673265,33
2022-04-21 16:00:00,DFL-FRO,24.34367457605227,33
2022-04-21 16:15:00,DFL-FRO,24.48912575804033,33
2022-04-21 16:30:00,DFL-FRO,27.771217087959716,33
2022-04-21 16:45:00,DFL-FRO,32.07832363480767,33
2022-04-21 17:00:00,DFL-FRO,27.46647666353246,33
2022-04-21 17:15:00,DFL-FRO,36.1750785503881,33
2022-04-21 17:30:00,DFL-FRO,24.245704308063857,33
2022-04-21 17:45:00,DFL-FRO,19.04481999225282,33
2022-04-21 18:00:00,DFL-FRO,47.839736539901395,33
2022-04-21 18:15:00,DFL-FRO,23.30051931546906,33
2022-04-21 18:30:00,DFL-FRO,23.536694489711294,33
2022-04-21 18:45:00,DFL-FRO,27.075357450039547,33
2022-04-21 19:00:00,DFL-FRO,28.097508559430675,33
2022-04-21 19:15:00,DFL-FRO,24.759487708626178,33
2022-04-21 19:30:00,DFL-FRO,27.44276126269185,33
2022-04-21 19:45:00,DFL-FRO,27.27254454378008,33
2022-04-21 20:00:00,DFL-FRO,28.953032490762606,33
2022-04-21 20:15:00,DFL-FRO,14.296752054003504,33
2022-04-21 20:30:00,DFL-FRO,46.57565684296199,33
2022-04-21 20:45:00,DFL-FRO,26.46750383690393,33
2022-04-21 21:00:00,DFL-FRO,32.41931813201085,33
2022-04-21 21:15:00,DFL-FRO,18.782850262788227,33
2022-04-21 21:30:00,DFL-FRO,24.184536050938842,33
2022-04-21 21:45:00,DFL-FRO,22.86518881049226,33
2022-04-21 22:00:00,DFL-FRO,41.533813661780655,33
2022-04-21 22:15:00,DFL-FRO,23.423036203321143,33
2022-04-21 22:30:00,DFL-FRO,34.06273767312488,33
2022-04-21 22:45:00,DFL-FRO,23.005122391866074,33
2022-04-21 23:00:00,DFL-FRO,24.308728634728176,33
2022-04-21 23:15:00,DFL-FRO,25.752622133199583,33
2022-04-21 23:30:00,DFL-FRO,39.43728460320649,33
2022-04-21 23:45:00,DFL-FRO,16.28658301609147,33
2022-04-21 00:00:00,CVaR-DFL-FRO,18.47075145938942,33
2022-04-21 00:15:00,CVaR-DFL-FRO,24.11729207602139,33
2022-04-21 00:30:00,CVaR-DFL-FRO,26.272518082839632,33
2022-04-21 00:45:00,CVaR-DFL-FRO,20.479859870843484,33
2022-04-21 01:00:00,CVaR-DFL-FRO,26.911449674768512,33
2022-04-21 01:15:00,CVaR-DFL-FRO,18.08848919094561,33
2022-04-21 01:30:00,CVaR-DFL-FRO,24.64304115180896,33
2022-04-21 01:45:00,CVaR-DFL-FRO,49.04419000011012,33
2022-04-21 02:00:00,CVaR-DFL-FRO,38.3025626101241,33
2022-04-21 02:15:00,CVaR-DFL-FRO,35.818652835394545,33
2022-04-21 02:30:00,CVaR-DFL-FRO,24.759599539707075,33
2022-04-21 02:45:00,CVaR-DFL-FRO,20.984062013775624,33
2022-04-21 03:00:00,CVaR-DFL-FRO,23.73389640966928,33
2022-04-21 03:15:00,CVaR-DFL-FRO,33.34489391585422,33
2022-04-21 03:30:00,CVaR-DFL-FRO,44.24083696485131,33
2022-04-21 03:45:00,CVaR-DFL-FRO,44.71260232336052,33
2022-04-21 04:00:00,CVaR-DFL-FRO,41.09751197504259,33
2022-04-21 04:15:00,CVaR-DFL-FRO,26.883002470549933,33
2022-04-21 04:30:00,CVaR-DFL-FRO,34.053269298399144,33
2022-04-21 04:45:00,CVaR-DFL-FRO,30.588321275190186,33
2022-04-21 05:00:00,CVaR-DFL-FRO,31.750034719309216,33
2022-04-21 05:15:00,CVaR-DFL-FRO,63.57989531586863,33
2022-04-21 05:30:00,CVaR-DFL-FRO,19.5637129739928,33
2022-04-21 05:45:00,CVaR-DFL-FRO,31.42189610095938,33
2022-04-21 06:00:00,CVaR-DFL-FRO,49.21685877772191,33
2022-04-21 06:15:00,CVaR-DFL-FRO,21.44603191885831,33
2022-04-21 06:30:00,CVaR-DFL-FRO,27.676872544478336,33
2022-04-21 06:45:00,CVaR-DFL-FRO,28.679535273380395,33
2022-04-21 07:00:00,CVaR-DFL-FRO,31.533095591619894,33
2022-04-21 07:15:00,CVaR-DFL-FRO,20.597892653093396,33
2022-04-21 07:30:00,CVaR-DFL-FRO,40.64956537479978,33
2022-04-21 07:45:00,CVaR-DFL-FRO,41.55488887485102,33
2022-04-21 08:00:00,CVaR-DFL-FRO,39.568186749944466,33
2022-04-21 08:15:00,CVaR-DFL-FRO,25.797816177225034,33
2022-04-21 08:30:00,CVaR-DFL-FRO,34.71418778118005,33
2022-04-21 08:45:00,CVaR-DFL-FRO,25.566231303629625,33
2022-04-21 09:00:00,CVaR-DFL-FRO,30.481710809400095,33
2022-04-21 09:15:00,CVaR-DFL-FRO,65.91658024080867,33
2022-04-21 09:30:00,CVaR-DFL-FRO,34.81324261789641,33
2022-04-21 09:45:00,CVaR-DFL-FRO,23.3803997481384,33
2022-04-21 10:00:00,CVaR-DFL-FRO,35.739484675633584,33
2022-04-21 10:15:00,CVaR-DFL-FRO,22.218738836024343,33
2022-04-21 10:30:00,CVaR-DFL-FRO,23.29725114541078,33
2022-04-21 10:45:00,CVaR-DFL-FRO,24.46680889982499,33
2022-04-21 11:00:00,CVaR-DFL-FRO,29.443397449136356,33
2022-04-21 11:15:00,CVaR-DFL-FRO,45.19515986422925,33
2022-04-21 11:30:00,CVaR-DFL-FRO,40.43715115873182,33
2022-04-21 11:45:00,CVaR-DFL-FRO,39.748061027564255,33
2022-04-21 12:00:00,CVaR-DFL-FRO,24.031980383156018,33
2022-04-21 12:15:00,CVaR-DFL-FRO,28.57051998331095,33
2022-04-21 12:30:00,CVaR-DFL-FRO,36.770429626244855,33
2022-04-21 12:45:00,CVaR-DFL-FRO,27.8096550191556,33
2022-04-21 13:00:00,CVaR-DFL-FRO,30.998876027184288,33
2022-04-21 13:15:00,CVaR-DFL-FRO,38.754022432775294,33
2022-04-21 13:30:00,CVaR-DFL-FRO,30.329125777990818,33
2022-04-21 13:45:00,CVaR-DFL-FRO,36.25007074670759,33
2022-04-21 14:00:00,CVaR-DFL-FRO,55.391671296147344,33
2022-04-21 14:15:00,CVaR-DFL-FRO,32.04026194313652,33
2022-04-21 14:30:00,CVaR-DFL-FRO,48.72446086053816,33
2022-04-21 14:45:00,CVaR-DFL-FRO,40.19914641032974,33
2022-04-21 15:00:00,CVaR-DFL-FRO,21.437048529206155,33
2022-04-21 15:15:00,CVaR-DFL-FRO,24.00804162787743,33
2022-04-21 15:30:00,CVaR-DFL-FRO,26.093848211977214,33
2022-04-21 15:45:00,CVaR-DFL-FRO,25.922478902270772,33
2022-04-21 16:00:00,CVaR-DFL-FRO,32.86140394492409,33
2022-04-21 16:15:00,CVaR-DFL-FRO,40.89442152938829,33
2022-04-21 16:30:00,CVaR-DFL-FRO,49.884151788585825,33
2022-04-21 16:45:00,CVaR-DFL-FRO,37.18540697383096,33
2022-04-21 17:00:00,CVaR-DFL-FRO,29.430885087494126,33
2022-04-21 17:15:00,CVaR-DFL-FRO,17.71349262333229,33
2022-04-21 17:30:00,CVaR-DFL-FRO,34.54314636533028,33
2022-04-21 17:45:00,CVaR-DFL-FRO,34.06616424726618,33
2022-04-21 18:00:00,CVaR-DFL-FRO,35.76825103114706,33
2022-04-21 18:15:00,CVaR-DFL-FRO,64.95783480446316,33
2022-04-21 18:30:00,CVaR-DFL-FRO,49.659303639717415,33
2022-04-21 18:45:00,CVaR-DFL-FRO,43.11465071884425,33
2022-04-21 19:00:00,CVaR-DFL-FRO,25.074220910021687,33
2022-04-21 19:15:00,CVaR-DFL-FRO,28.822638486771805,33
2022-04-21 19:30:00,CVaR-DFL-FRO,32.81500110193331,33
2022-04-21 19:45:00,CVaR-DFL-FRO,26.56917607797591,33
2022-04-21 20:00:00,CVaR-DFL-FRO,39.47119742993013,33
2022-04-21 20:15:00,CVaR-DFL-FRO,37.75188073740063,33
2022-04-21 20:30:00,CVaR-DFL-FRO,24.111264767671155,33
2022-04-21 20:45:00,CVaR-DFL-FRO,48.98938975299105,33
2022-04-21 21:00:00,CVaR-DFL-FRO,34.88475929496511,33
2022-04-21 21:15:00,CVaR-DFL-FRO,19.76459514684911,33
2022-04-21 21:30:00,CVaR-DFL-FRO,33.26086588503257,33
2022-04-21 21:45:00,CVaR-DFL-FRO,36.875589345648116,33
2022-04-21 22:00:00,CVaR-DFL-FRO,45.70024434142048,33
2022-04-21 22:15:00,CVaR-DFL-FRO,30.435600534184047,33
2022-04-21 22:30:00,CVaR-DFL-FRO,43.69199474456348,33
2022-04-21 22:45:00,CVaR-DFL-FRO,35.8150339421277,33
2022-04-21 23:00:00,CVaR-DFL-FRO,22.473446366779754,33
2022-04-21 23:15:00,CVaR-DFL-FRO,21.78618814567774,33
2022-04-21 23:30:00,CVaR-DFL-FRO,47.873719547481585,33
2022-04-21 23:45:00,CVaR-DFL-FRO,48.97673841715348,33
2022-04-21 02:45:00,CVaR-DFL-RTRO,40.5652742999947,33
2022-04-21 07:15:00,CVaR-DFL-RTRO,52.816394726261755,33
2022-04-21 08:15:00,CVaR-DFL-RTRO,57.60205921451228,33
2022-04-21 08:30:00,CVaR-DFL-RTRO,31.776379409765852,33
2022-04-21 14:15:00,CVaR-DFL-RTRO,39.9283044930557,33
2022-04-21 15:15:00,CVaR-DFL-RTRO,23.513834297689,33
2022-04-21 17:00:00,CVaR-DFL-RTRO,57.48210349556764,33
2022-04-21 18:00:00,CVaR-DFL-RTRO,76.50574729062942,33
2022-04-21 21:30:00,CVaR-DFL-RTRO,41.88368541446268,33
2022-04-22 00:00:00,LSTM-FRO,28.428255053678658,33
2022-04-22 00:15:00,LSTM-FRO,19.44451698603329,33
2022-04-22 00:30:00,LSTM-FRO,20.655888326136246,33
2022-04-22 00:45:00,LSTM-FRO,28.554753181269493,33
2022-04-22 01:00:00,LSTM-FRO,26.00869588528205,33
2022-04-22 01:15:00,LSTM-FRO,21.584875143919618,33
2022-04-22 01:30:00,LSTM-FRO,20.72727930603327,33
2022-04-22 01:45:00,LSTM-FRO,25.1817003683116,33
2022-04-22 02:00:00,LSTM-FRO,22.01525097353707,33
2022-04-22 02:15:00,LSTM-FRO,18.468466819619653,33
2022-04-22 02:30:00,LSTM-FRO,22.444397096084273,33
2022-04-22 02:45:00,LSTM-FRO,26.569900201432585,33
2022-04-22 03:00:00,LSTM-FRO,23.331784608343877,33
2022-04-22 03:15:00,LSTM-FRO,17.11029746254254,33
2022-04-22 03:30:00,LSTM-FRO,31.27510626505649,33
2022-04-22 03:45:00,LSTM-FRO,12.267781658267921,33
2022-04-22 04:00:00,LSTM-FRO,21.812259258504472,33
2022-04-22 04:15:00,LSTM-FRO,20.880862121991594,33
2022-04-22 04:30:00,LSTM-FRO,25.3233399228328,33
2022-04-22 04:45:00,LSTM-FRO,28.093191505161126,33
2022-04-22 05:00:00,LSTM-FRO,32.37513561938025,33
2022-04-22 05:15:00,LSTM-FRO,20.403073518114358,33
2022-04-22 05:30:00,LSTM-FRO,28.269494814507823,33
2022-04-22 05:45:00,LSTM-FRO,25.628010658115155,33
2022-04-22 06:00:00,LSTM-FRO,15.876861961505604,33
2022-04-22 06:15:00,LSTM-FRO,39.316304172574775,33
2022-04-22 06:30:00,LSTM-FRO,17.002111863720177,33
2022-04-22 06:45:00,LSTM-FRO,27.108254261422488,33
2022-04-22 07:00:00,LSTM-FRO,26.907988585325487,33
2022-04-22 07:15:00,LSTM-FRO,26.14671416831453,33
2022-04-22 07:30:00,LSTM-FRO,21.54985506624419,33
2022-04-22 07:45:00,LSTM-FRO,30.030128982362932,33
2022-04-22 08:00:00,LSTM-FRO,16.49097103119895,33
2022-04-22 08:15:00,LSTM-FRO,23.998756402717458,33
2022-04-22 08:30:00,LSTM-FRO,21.17820470225745,33
2022-04-22 08:45:00,LSTM-FRO,20.583685503680798,33
2022-04-22 09:00:00,LSTM-FRO,27.17127953837329,33
2022-04-22 09:15:00,LSTM-FRO,31.977031674830602,33
2022-04-22 09:30:00,LSTM-FRO,22.384231164925776,33
2022-04-22 09:45:00,LSTM-FRO,29.68108138308915,33
2022-04-22 10:00:00,LSTM-FRO,24.70522026869124,33
2022-04-22 10:15:00,LSTM-FRO,19.50003338761411,33
2022-04-22 10:30:00,LSTM-FRO,22.868750646912744,33
2022-04-22 10:45:00,LSTM-FRO,22.631545090895397,33
2022-04-22 11:00:00,LSTM-FRO,20.483878602446094,33
2022-04-22 11:15:00,LSTM-FRO,27.16947297591103,33
2022-04-22 11:30:00,LSTM-FRO,25.879036787342397,33
2022-04-22 11:45:00,LSTM-FRO,16.366081162500183,33
2022-04-22 12:00:00,LSTM-FRO,16.11786986078699,33
2022-04-22 12:15:00,LSTM-FRO,27.14357734980821,33
2022-04-22 12:30:00,LSTM-FRO,19.88286223515005,33
2022-04-22 12:45:00,LSTM-FRO,26.320604753163938,33
2022-04-22 13:00:00,LSTM-FRO,29.68294786396297,33
2022-04-22 13:15:00,LSTM-FRO,17.73371573158881,33
2022-04-22 13:30:00,LSTM-FRO,17.118767206793997,33
2022-04-22 13:45:00,LSTM-FRO,37.146776632320666,33
2022-04-22 14:00:00,LSTM-FRO,26.649916060726486,33
2022-04-22 14:15:00,LSTM-FRO,21.9612930531468,33
2022-04-22 14:30:00,LSTM-FRO,19.299346984305892,33
2022-04-22 14:45:00,LSTM-FRO,21.464203645552935,33
2022-04-22 15:00:00,LSTM-FRO,18.095194256062637,33
2022-04-22 15:15:00,LSTM-FRO,30.456500842810634,33
2022-04-22 15:30:00,LSTM-FRO,20.076140335076467,33
2022-04-22 15:45:00,LSTM-FRO,32.1061819140512,33
2022-04-22 16:00:00,LSTM-FRO,22.064142677111548,33
2022-04-22 16:15:00,LSTM-FRO,18.77648035098777,33
2022-04-22 16:30:00,LSTM-FRO,21.922399468782505,33
2022-04-22 16:45:00,LSTM-FRO,12.625983129040153,33
2022-04-22 17:00:00,LSTM-FRO,23.670035612643595,33
2022-04-22 17:15:00,LSTM-FRO,23.378597096561826,33
2022-04-22 17:30:00,LSTM-FRO,30.011213364895053,33
2022-04-22 17:45:00,LSTM-FRO,15.195353380107639,33
2022-04-22 18:00:00,LSTM-FRO,32.66168253138794,33
2022-04-22 18:15:00,LSTM-FRO,29.98001276855798,33
2022-04-22 18:30:00,LSTM-FRO,33.40951326738564,33
2022-04-22 18:45:00,LSTM-FRO,24.077854011092697,33
2022-04-22 19:00:00,LSTM-FRO,31.470680442806632,33
2022-04-22 19:15:00,LSTM-FRO,16.864091009835214,33
2022-04-22 19:30:00,LSTM-FRO,29.181388686920027,33
2022-04-22 19:45:00,LSTM-FRO,20.104325114903514,33
2022-04-22 20:00:00,LSTM-FRO,16.11837225993568,33
2022-04-22 20:15:00,LSTM-FRO,18.399498998110893,33
2022-04-22 20:30:00,LSTM-FRO,24.432548751958468,33
2022-04-22 20:45:00,LSTM-FRO,19.837926758356936,33
2022-04-22 21:00:00,LSTM-FRO,26.814349436378293,33
2022-04-22 21:15:00,LSTM-FRO,15.496089716641725,33
2022-04-22 21:30:00,LSTM-FRO,14.30402697422541,33
2022-04-22 21:45:00,LSTM-FRO,34.43425359611169,33
2022-04-22 22:00:00,LSTM-FRO,30.61278267000756,33
2022-04-22 22:15:00,LSTM-FRO,18.748470839667547,33
2022-04-22 22:30:00,LSTM-FRO,24.38028078633812,33
2022-04-22 22:45:00,LSTM-FRO,31.515034697673283,33
2022-04-22 23:00:00,LSTM-FRO,27.106235461957528,33
2022-04-22 23:15:00,LSTM-FRO,25.32362102777536,33
2022-04-22 23:30:00,LSTM-FRO,32.11923757837019,33
2022-04-22 23:45:00,LSTM-FRO,20.309517362832295,33
2022-04-22 00:00:00,Transformer-FRO,29.56429010505198,33
2022-04-22 00:15:00,Transformer-FRO,27.67348044331871,33
2022-04-22 00:30:00,Transformer-FRO,26.846303466378615,33
2022-04-22 00:45:00,Transformer-FRO,30.267902460495574,33
2022-04-22 01:00:00,Transformer-FRO,29.96757373058951,33
2022-04-22 01:15:00,Transformer-FRO,22.631980067340283,33
2022-04-22 01:30:00,Transformer-FRO,36.56459684068579,33
2022-04-22 01:45:00,Transformer-FRO,23.058690995389362,33
2022-04-22 02:00:00,Transformer-FRO,28.067504054519066,33
2022-04-22 02:15:00,Transformer-FRO,27.512380615806517,33
2022-04-22 02:30:00,Transformer-FRO,32.59119625941827,33
2022-04-22 02:45:00,Transformer-FRO,17.14599240486746,33
2022-04-22 03:00:00,Transformer-FRO,37.41925723795647,33
2022-04-22 03:15:00,Transformer-FRO,24.91994082625663,33
2022-04-22 03:30:00,Transformer-FRO,40.75183128387358,33
2022-04-22 03:45:00,Transformer-FRO,26.23826287068536,33
2022-04-22 04:00:00,Transformer-FRO,29.32765729776062,33
2022-04-22 04:15:00,Transformer-FRO,48.78347353580431,33
2022-04-22 04:30:00,Transformer-FRO,27.640665780725126,33
2022-04-22 04:45:00,Transformer-FRO,40.951874999903104,33
2022-04-22 05:00:00,Transformer-FRO,30.00362872971898,33
2022-04-22 05:15:00,Transformer-FRO,33.07913084959696,33
2022-04-22 05:30:00,Transformer-FRO,30.245077002292007,33
2022-04-22 05:45:00,Transformer-FRO,37.00383529622563,33
2022-04-22 06:00:00,Transformer-FRO,24.864815789384302,33
2022-04-22 06:15:00,Transformer-FRO,23.012921046134448,33
2022-04-22 06:30:00,Transformer-FRO,25.169379236218976,33
2022-04-22 06:45:00,Transformer-FRO,30.479286415253117,33
2022-04-22 07:00:00,Transformer-FRO,28.04869631728509,33
2022-04-22 07:15:00,Transformer-FRO,35.70716490940476,33
2022-04-22 07:30:00,Transformer-FRO,41.65740306935221,33
2022-04-22 07:45:00,Transformer-FRO,23.06196071438039,33
2022-04-22 08:00:00,Transformer-FRO,24.55462984153635,33
2022-04-22 08:15:00,Transformer-FRO,20.467005369505927,33
2022-04-22 08:30:00,Transformer-FRO,50.2806176568461,33
2022-04-22 08:45:00,Transformer-FRO,32.142787107432525,33
2022-04-22 09:00:00,Transformer-FRO,33.6359561477621,33
2022-04-22 09:15:00,Transformer-FRO,20.982998855660842,33
2022-04-22 09:30:00,Transformer-FRO,29.69241341833641,33
2022-04-22 09:45:00,Transformer-FRO,33.89373333123254,33
2022-04-22 10:00:00,Transformer-FRO,27.81738534933039,33
2022-04-22 10:15:00,Transformer-FRO,39.255767878533824,33
2022-04-22 10:30:00,Transformer-FRO,54.08704518857768,33
2022-04-22 10:45:00,Transformer-FRO,23.234664087945447,33
2022-04-22 11:00:00,Transformer-FRO,22.787071982974055,33
2022-04-22 11:15:00,Transformer-FRO,23.655953306364538,33
2022-04-22 11:30:00,Transformer-FRO,45.04410144846239,33
2022-04-22 11:45:00,Transformer-FRO,38.91779060701228,33
2022-04-22 12:00:00,Transformer-FRO,28.675868796434646,33
2022-04-22 12:15:00,Transformer-FRO,29.984300400236968,33
2022-04-22 12:30:00,Transformer-FRO,24.034388466002216,33
2022-04-22 12:45:00,Transformer-FRO,37.410694788916175,33
2022-04-22 13:00:00,Transformer-FRO,26.915327381485582,33
2022-04-22 13:15:00,Transformer-FRO,27.764649303135783,33
2022-04-22 13:30:00,Transformer-FRO,34.77987191981511,33
2022-04-22 13:45:00,Transformer-FRO,28.28842056017914,33
2022-04-22 14:00:00,Transformer-FRO,27.946001711849902,33
2022-04-22 14:15:00,Transformer-FRO,29.78297158345125,33
2022-04-22 14:30:00,Transformer-FRO,36.50359007156116,33
2022-04-22 14:45:00,Transformer-FRO,45.51715294841139,33
2022-04-22 15:00:00,Transformer-FRO,34.57036470418128,33
2022-04-22 15:15:00,Transformer-FRO,36.57899371658627,33
2022-04-22 15:30:00,Transformer-FRO,28.20157366987417,33
2022-04-22 15:45:00,Transformer-FRO,24.721682781775517,33
2022-04-22 16:00:00,Transformer-FRO,35.18983047835426,33
2022-04-22 16:15:00,Transformer-FRO,31.049831093001224,33
2022-04-22 16:30:00,Transformer-FRO,20.53935960795667,33
2022-04-22 16:45:00,Transformer-FRO,27.279478164510675,33
2022-04-22 17:00:00,Transformer-FRO,29.069857259802628,33
2022-04-22 17:15:00,Transformer-FRO,26.019493601258965,33
2022-04-22 17:30:00,Transformer-FRO,43.61371931369759,33
2022-04-22 17:45:00,Transformer-FRO,33.63627635543675,33
2022-04-22 18:00:00,Transformer-FRO,42.40323709240852,33
2022-04-22 18:15:00,Transformer-FRO,31.800896425713837,33
2022-04-22 18:30:00,Transformer-FRO,30.334835674112444,33
2022-04-22 18:45:00,Transformer-FRO,23.29779263812969,33
2022-04-22 19:00:00,Transformer-FRO,29.793431506727533,33
2022-04-22 19:15:00,Transformer-FRO,29.802118354948757,33
2022-04-22 19:30:00,Transformer-FRO,20.83713249219063,33
2022-04-22 19:45:00,Transformer-FRO,25.82412139036186,33
2022-04-22 20:00:00,Transformer-FRO,27.313357256037804,33
2022-04-22 20:15:00,Transformer-FRO,33.062502570865846,33
2022-04-22 20:30:00,Transformer-FRO,33.475419522433434,33
2022-04-22 20:45:00,Transformer-FRO,25.54581820983518,33
2022-04-22 21:00:00,Transformer-FRO,33.54074736832668,33
2022-04-22 21:15:00,Transformer-FRO,28.331844687006303,33
2022-04-22 21:30:00,Transformer-FRO,14.114102676103553,33
2022-04-22 21:45:00,Transformer-FRO,26.193829099134824,33
2022-04-22 22:00:00,Transformer-FRO,39.28919674916253,33
2022-04-22 22:15:00,Transformer-FRO,19.204505413546713,33
2022-04-22 22:30:00,Transformer-FRO,30.58204037452704,33
2022-04-22 22:45:00,Transformer-FRO,44.800233806733736,33
2022-04-22 23:00:00,Transformer-FRO,24.385460585027744,33
2022-04-22 23:15:00,Transformer-FRO,29.717976263268476,33
2022-04-22 23:30:00,Transformer-FRO,21.180823950716388,33
2022-04-22 23:45:00,Transformer-FRO,45.290400787991196,33
2022-04-22 00:00:00,DFL-FRO,32.378619468995346,33
2022-04-22 00:15:00,DFL-FRO,46.61346543746822,33
2022-04-22 00:30:00,DFL-FRO,38.4296926492799,33
2022-04-22 00:45:00,DFL-FRO,25.0407934057191,33
2022-04-22 01:00:00,DFL-FRO,26.685959398151805,33
2022-04-22 01:15:00,DFL-FRO,36.6869481398393,33
2022-04-22 01:30:00,DFL-FRO,26.858715371601363,33
2022-04-22 01:45:00,DFL-FRO,17.716968221972408,33
2022-04-22 02:00:00,DFL-FRO,31.489986020307825,33
2022-04-22 02:15:00,DFL-FRO,21.15836364639791,33
2022-04-22 02:30:00,DFL-FRO,50.14366191869075,33
2022-04-22 02:45:00,DFL-FRO,33.57455212983006,33
2022-04-22 03:00:00,DFL-FRO,24.835472395347395,33
2022-04-22 03:15:00,DFL-FRO,26.306796377373036,33
2022-04-22 03:30:00,DFL-FRO,18.87830582436484,33
2022-04-22 03:45:00,DFL-FRO,23.526648849285426,33
2022-04-22 04:00:00,DFL-FRO,42.42382240599336,33
2022-04-22 04:15:00,DFL-FRO,59.52558002770296,33
2022-04-22 04:30:00,DFL-FRO,39.13120506935423,33
2022-04-22 04:45:00,DFL-FRO,31.151339695923316,33
2022-04-22 05:00:00,DFL-FRO,28.336121661634035,33
2022-04-22 05:15:00,DFL-FRO,24.482831851978798,33
2022-04-22 05:30:00,DFL-FRO,56.739559000595214,33
2022-04-22 05:45:00,DFL-FRO,30.323090842919566,33
2022-04-22 06:00:00,DFL-FRO,57.629724125075015,33
2022-04-22 06:15:00,DFL-FRO,47.12568024434499,33
2022-04-22 06:30:00,DFL-FRO,19.676440998762594,33
2022-04-22 06:45:00,DFL-FRO,26.5474529139931,33
2022-04-22 07:00:00,DFL-FRO,26.524583977451837,33
2022-04-22 07:15:00,DFL-FRO,31.257388799598868,33
2022-04-22 07:30:00,DFL-FRO,31.427978474632447,33
2022-04-22 07:45:00,DFL-FRO,73.65747001705154,33
2022-04-22 08:00:00,DFL-FRO,23.672864016279508,33
2022-04-22 08:15:00,DFL-FRO,34.0663234805612,33
2022-04-22 08:30:00,DFL-FRO,37.951121797789924,33
2022-04-22 08:45:00,DFL-FRO,31.946652825098045,33
2022-04-22 09:00:00,DFL-FRO,32.95714047244652,33
2022-04-22 09:15:00,DFL-FRO,23.887687489052368,33
2022-04-22 09:30:00,DFL-FRO,32.92322980116848,33
2022-04-22 09:45:00,DFL-FRO,36.85568485668424,33
2022-04-22 10:00:00,DFL-FRO,35.015588233866175,33
2022-04-22 10:15:00,DFL-FRO,37.464558646424145,33
2022-04-22 10:30:00,DFL-FRO,47.37701407202628,33
2022-04-22 10:45:00,DFL-FRO,41.495991879285604,33
2022-04-22 11:00:00,DFL-FRO,32.601951064570635,33
2022-04-22 11:15:00,DFL-FRO,23.05742690551616,33
2022-04-22 11:30:00,DFL-FRO,27.039813956284416,33
2022-04-22 11:45:00,DFL-FRO,30.063262617005886,33
2022-04-22 12:00:00,DFL-FRO,34.28895015900976,33
2022-04-22 12:15:00,DFL-FRO,27.972311636418887,33
2022-04-22 12:30:00,DFL-FRO,24.62489095831926,33
2022-04-22 12:45:00,DFL-FRO,22.95203782902886,33
2022-04-22 13:00:00,DFL-FRO,20.174003406486094,33
2022-04-22 13:15:00,DFL-FRO,29.93519952713723,33
2022-04-22 13:30:00,DFL-FRO,21.22064052778431,33
2022-04-22 13:45:00,DFL-FRO,24.18428258198577,33
2022-04-22 14:00:00,DFL-FRO,28.638223953054087,33
2022-04-22 14:15:00,DFL-FRO,22.026450838704537,33
2022-04-22 14:30:00,DFL-FRO,35.528162777237455,33
2022-04-22 14:45:00,DFL-FRO,39.2822626135346,33
2022-04-22 15:00:00,DFL-FRO,27.42360960400414,33
2022-04-22 15:15:00,DFL-FRO,28.296133354989248,33
2022-04-22 15:30:00,DFL-FRO,37.12399437307896,33
2022-04-22 15:45:00,DFL-FRO,26.194420209841415,33
2022-04-22 16:00:00,DFL-FRO,25.69745432816078,33
2022-04-22 16:15:00,DFL-FRO,44.608168004014075,33
2022-04-22 16:30:00,DFL-FRO,40.890170716265125,33
2022-04-22 16:45:00,DFL-FRO,37.793268273221756,33
2022-04-22 17:00:00,DFL-FRO,41.36528158247437,33
2022-04-22 17:15:00,DFL-FRO,18.42161702947376,33
2022-04-22 17:30:00,DFL-FRO,46.60742694209899,33
2022-04-22 17:45:00,DFL-FRO,35.65024201143042,33
2022-04-22 18:00:00,DFL-FRO,42.35835950315604,33
2022-04-22 18:15:00,DFL-FRO,35.601594521105696,33
2022-04-22 18:30:00,DFL-FRO,32.3993596449769,33
2022-04-22 18:45:00,DFL-FRO,29.600429985668942,33
2022-04-22 19:00:00,DFL-FRO,35.40356271919337,33
2022-04-22 19:15:00,DFL-FRO,29.301392049352827,33
2022-04-22 19:30:00,DFL-FRO,40.70473288749519,33
2022-04-22 19:45:00,DFL-FRO,20.54114082450047,33
2022-04-22 20:00:00,DFL-FRO,27.483671901516928,33
2022-04-22 20:15:00,DFL-FRO,56.50379461598526,33
2022-04-22 20:30:00,DFL-FRO,26.844054488838186,33
2022-04-22 20:45:00,DFL-FRO,29.904076274400882,33
2022-04-22 21:00:00,DFL-FRO,24.992329518904413,33
2022-04-22 21:15:00,DFL-FRO,35.09613056706473,33
2022-04-22 21:30:00,DFL-FRO,26.032371124042488,33
2022-04-22 21:45:00,DFL-FRO,30.349615665992854,33
2022-04-22 22:00:00,DFL-FRO,40.48968470917827,33
2022-04-22 22:15:00,DFL-FRO,26.30583606273437,33
2022-04-22 22:30:00,DFL-FRO,39.81551688048383,33
2022-04-22 22:45:00,DFL-FRO,40.190257717670775,33
2022-04-22 23:00:00,DFL-FRO,42.88299421788622,33
2022-04-22 23:15:00,DFL-FRO,33.23714438133251,33
2022-04-22 23:30:00,DFL-FRO,78.86218693505093,33
2022-04-22 23:45:00,DFL-FRO,42.877947023521834,33
2022-04-22 00:00:00,CVaR-DFL-FRO,29.568678366995286,33
2022-04-22 00:15:00,CVaR-DFL-FRO,37.650512495689995,33
2022-04-22 00:30:00,CVaR-DFL-FRO,60.39785436570904,33
2022-04-22 00:45:00,CVaR-DFL-FRO,65.94455921961958,33
2022-04-22 01:00:00,CVaR-DFL-FRO,61.3801465255834,33
2022-04-22 01:15:00,CVaR-DFL-FRO,49.50389976109043,33
2022-04-22 01:30:00,CVaR-DFL-FRO,26.28263545164038,33
2022-04-22 01:45:00,CVaR-DFL-FRO,45.13202542025833,33
2022-04-22 02:00:00,CVaR-DFL-FRO,26.399148165665835,33
2022-04-22 02:15:00,CVaR-DFL-FRO,24.458864171283665,33
2022-04-22 02:30:00,CVaR-DFL-FRO,41.78982755913284,33
2022-04-22 02:45:00,CVaR-DFL-FRO,45.63943797277189,33
2022-04-22 03:00:00,CVaR-DFL-FRO,51.352645609071466,33
2022-04-22 03:15:00,CVaR-DFL-FRO,45.271898738099914,33
2022-04-22 03:30:00,CVaR-DFL-FRO,45.75833699955396,33
2022-04-22 03:45:00,CVaR-DFL-FRO,28.58792431042435,33
2022-04-22 04:00:00,CVaR-DFL-FRO,37.5581450159352,33
2022-04-22 04:15:00,CVaR-DFL-FRO,24.310247065068072,33
2022-04-22 04:30:00,CVaR-DFL-FRO,20.841440259548058,33
2022-04-22 04:45:00,CVaR-DFL-FRO,48.824421342243,33
2022-04-22 05:00:00,CVaR-DFL-FRO,30.716883292924113,33
2022-04-22 05:15:00,CVaR-DFL-FRO,50.86305619177794,33
2022-04-22 05:30:00,CVaR-DFL-FRO,54.724164839171834,33
2022-04-22 05:45:00,CVaR-DFL-FRO,32.018825438939146,33
2022-04-22 06:00:00,CVaR-DFL-FRO,46.59962821104691,33
2022-04-22 06:15:00,CVaR-DFL-FRO,31.60590580783509,33
2022-04-22 06:30:00,CVaR-DFL-FRO,21.885016934210373,33
2022-04-22 06:45:00,CVaR-DFL-FRO,40.314552172444664,33
2022-04-22 07:00:00,CVaR-DFL-FRO,33.52784579468246,33
2022-04-22 07:15:00,CVaR-DFL-FRO,33.849588461733155,33
2022-04-22 07:30:00,CVaR-DFL-FRO,71.613052898426,33
2022-04-22 07:45:00,CVaR-DFL-FRO,24.169320830154604,33
2022-04-22 08:00:00,CVaR-DFL-FRO,43.69516777430607,33
2022-04-22 08:15:00,CVaR-DFL-FRO,28.49800479788456,33
2022-04-22 08:30:00,CVaR-DFL-FRO,51.430518333188495,33
2022-04-22 08:45:00,CVaR-DFL-FRO,42.56538413370129,33
2022-04-22 09:00:00,CVaR-DFL-FRO,43.647385683350926,33
2022-04-22 09:15:00,CVaR-DFL-FRO,28.94276468822394,33
2022-04-22 09:30:00,CVaR-DFL-FRO,30.598342271634788,33
2022-04-22 09:45:00,CVaR-DFL-FRO,51.73439354259813,33
2022-04-22 10:00:00,CVaR-DFL-FRO,67.20988331399694,33
2022-04-22 10:15:00,CVaR-DFL-FRO,45.036160991839495,33
2022-04-22 10:30:00,CVaR-DFL-FRO,29.372143952766788,33
2022-04-22 10:45:00,CVaR-DFL-FRO,43.10366826269088,33
2022-04-22 11:00:00,CVaR-DFL-FRO,82.39653442533012,33
2022-04-22 11:15:00,CVaR-DFL-FRO,40.05416874816653,33
2022-04-22 11:30:00,CVaR-DFL-FRO,61.06697509262866,33
2022-04-22 11:45:00,CVaR-DFL-FRO,30.839055045134295,33
2022-04-22 12:00:00,CVaR-DFL-FRO,38.298131674281706,33
2022-04-22 12:15:00,CVaR-DFL-FRO,47.0244744507179,33
2022-04-22 12:30:00,CVaR-DFL-FRO,43.8915857604176,33
2022-04-22 12:45:00,CVaR-DFL-FRO,30.59074180600491,33
2022-04-22 13:00:00,CVaR-DFL-FRO,30.18416263426913,33
2022-04-22 13:15:00,CVaR-DFL-FRO,52.7233080775239,33
2022-04-22 13:30:00,CVaR-DFL-FRO,56.15512222686278,33
2022-04-22 13:45:00,CVaR-DFL-FRO,62.027438879172415,33
2022-04-22 14:00:00,CVaR-DFL-FRO,67.90429161276114,33
2022-04-22 14:15:00,CVaR-DFL-FRO,40.45625482617018,33
2022-04-22 14:30:00,CVaR-DFL-FRO,35.23052524544278,33
2022-04-22 14:45:00,CVaR-DFL-FRO,59.00261341373093,33
2022-04-22 15:00:00,CVaR-DFL-FRO,48.408547277643784,33
2022-04-22 15:15:00,CVaR-DFL-FRO,28.607418958104763,33
2022-04-22 15:30:00,CVaR-DFL-FRO,28.156779415904936,33
2022-04-22 15:45:00,CVaR-DFL-FRO,45.19883941619355,33
2022-04-22 16:00:00,CVaR-DFL-FRO,36.725117996123174,33
2022-04-22 16:15:00,CVaR-DFL-FRO,38.484600564759596,33
2022-04-22 16:30:00,CVaR-DFL-FRO,54.11950060179412,33
2022-04-22 16:45:00,CVaR-DFL-FRO,49.10383877230307,33
2022-04-22 17:00:00,CVaR-DFL-FRO,58.61732496397704,33
2022-04-22 17:15:00,CVaR-DFL-FRO,21.311107400375715,33
2022-04-22 17:30:00,CVaR-DFL-FRO,41.97484255907835,33
2022-04-22 17:45:00,CVaR-DFL-FRO,48.13329050433758,33
2022-04-22 18:00:00,CVaR-DFL-FRO,24.163856235521045,33
2022-04-22 18:15:00,CVaR-DFL-FRO,31.667356960139035,33
2022-04-22 18:30:00,CVaR-DFL-FRO,29.895564305572226,33
2022-04-22 18:45:00,CVaR-DFL-FRO,39.063525649691535,33
2022-04-22 19:00:00,CVaR-DFL-FRO,64.29450814973747,33
2022-04-22 19:15:00,CVaR-DFL-FRO,72.67044668086939,33
2022-04-22 19:30:00,CVaR-DFL-FRO,30.13952767788964,33
2022-04-22 19:45:00,CVaR-DFL-FRO,45.6870056479665,33
2022-04-22 20:00:00,CVaR-DFL-FRO,46.14626684744286,33
2022-04-22 20:15:00,CVaR-DFL-FRO,43.75966799716838,33
2022-04-22 20:30:00,CVaR-DFL-FRO,43.91407711635427,33
2022-04-22 20:45:00,CVaR-DFL-FRO,42.635578564488334,33
2022-04-22 21:00:00,CVaR-DFL-FRO,65.49673092488926,33
2022-04-22 21:15:00,CVaR-DFL-FRO,54.62441112872693,33
2022-04-22 21:30:00,CVaR-DFL-FRO,27.92608743330229,33
2022-04-22 21:45:00,CVaR-DFL-FRO,49.665863157972794,33
2022-04-22 22:00:00,CVaR-DFL-FRO,51.177640143830885,33
2022-04-22 22:15:00,CVaR-DFL-FRO,42.78430793808276,33
2022-04-22 22:30:00,CVaR-DFL-FRO,55.11735287593613,33
2022-04-22 22:45:00,CVaR-DFL-FRO,41.13275349645397,33
2022-04-22 23:00:00,CVaR-DFL-FRO,41.2912113104967,33
2022-04-22 23:15:00,CVaR-DFL-FRO,40.28868531303544,33
2022-04-22 23:30:00,CVaR-DFL-FRO,20.745484308693428,33
2022-04-22 23:45:00,CVaR-DFL-FRO,37.84562181034604,33
2022-04-22 00:00:00,CVaR-DFL-RTRO,43.20300147006565,33
2022-04-22 07:15:00,CVaR-DFL-RTRO,72.44410353293057,33
2022-04-22 15:15:00,CVaR-DFL-RTRO,33.46262410046017,33
2022-04-22 15:30:00,CVaR-DFL-RTRO,68.59091610964116,33
2022-04-22 16:00:00,CVaR-DFL-RTRO,39.606192599171436,33
2022-04-22 19:00:00,CVaR-DFL-RTRO,67.9118803981702,33
2022-04-22 20:45:00,CVaR-DFL-RTRO,49.65359979434704,33
2022-04-22 21:15:00,CVaR-DFL-RTRO,43.405379109489054,33
2022-04-23 00:00:00,LSTM-FRO,23.157039469969373,33
2022-04-23 00:15:00,LSTM-FRO,27.60466799996273,33
2022-04-23 00:30:00,LSTM-FRO,33.92770030351454,33
2022-04-23 00:45:00,LSTM-FRO,26.995405490753242,33
2022-04-23 01:00:00,LSTM-FRO,25.01493856898009,33
2022-04-23 01:15:00,LSTM-FRO,25.431834874732345,33
2022-04-23 01:30:00,LSTM-FRO,34.74756533403647,33
2022-04-23 01:45:00,LSTM-FRO,36.83773435270571,33
2022-04-23 02:00:00,LSTM-FRO,22.90778280213841,33
2022-04-23 02:15:00,LSTM-FRO,22.899518460627966,33
2022-04-23 02:30:00,LSTM-FRO,29.79058611271303,33
2022-04-23 02:45:00,LSTM-FRO,39.74284511091474,33
2022-04-23 03:00:00,LSTM-FRO,36.11280765666159,33
2022-04-23 03:15:00,LSTM-FRO,19.7804326450035,33
2022-04-23 03:30:00,LSTM-FRO,25.347105616276345,33
2022-04-23 03:45:00,LSTM-FRO,21.441739403004064,33
2022-04-23 04:00:00,LSTM-FRO,25.32524779408484,33
2022-04-23 04:15:00,LSTM-FRO,40.517308920209196,33
2022-04-23 04:30:00,LSTM-FRO,18.95046579205564,33
2022-04-23 04:45:00,LSTM-FRO,18.03939964407578,33
2022-04-23 05:00:00,LSTM-FRO,21.9981408611166,33
2022-04-23 05:15:00,LSTM-FRO,29.110083664172507,33
2022-04-23 05:30:00,LSTM-FRO,31.651719266339533,33
2022-04-23 05:45:00,LSTM-FRO,30.22819908473358,33
2022-04-23 06:00:00,LSTM-FRO,36.38302216445258,33
2022-04-23 06:15:00,LSTM-FRO,17.397963698949265,33
2022-04-23 06:30:00,LSTM-FRO,36.49875617980454,33
2022-04-23 06:45:00,LSTM-FRO,25.043386207257736,33
2022-04-23 07:00:00,LSTM-FRO,32.54398339670015,33
2022-04-23 07:15:00,LSTM-FRO,19.428196894732285,33
2022-04-23 07:30:00,LSTM-FRO,27.118129985823227,33
2022-04-23 07:45:00,LSTM-FRO,28.739474400510733,33
2022-04-23 08:00:00,LSTM-FRO,36.20140457908262,33
2022-04-23 08:15:00,LSTM-FRO,18.192253246862606,33
2022-04-23 08:30:00,LSTM-FRO,27.294311156671444,33
2022-04-23 08:45:00,LSTM-FRO,20.625346058299876,33
2022-04-23 09:00:00,LSTM-FRO,30.74901327410216,33
2022-04-23 09:15:00,LSTM-FRO,32.9196787568705,33
2022-04-23 09:30:00,LSTM-FRO,37.41566233739651,33
2022-04-23 09:45:00,LSTM-FRO,23.680321432776857,33
2022-04-23 10:00:00,LSTM-FRO,34.18302292510784,33
2022-04-23 10:15:00,LSTM-FRO,38.11465724220974,33
2022-04-23 10:30:00,LSTM-FRO,17.929321742857073,33
2022-04-23 10:45:00,LSTM-FRO,31.584965968551533,33
2022-04-23 11:00:00,LSTM-FRO,34.452544083185074,33
2022-04-23 11:15:00,LSTM-FRO,25.38116861924819,33
2022-04-23 11:30:00,LSTM-FRO,19.98547139350018,33
2022-04-23 11:45:00,LSTM-FRO,34.31826745161062,33
2022-04-23 12:00:00,LSTM-FRO,20.042068352281493,33
2022-04-23 12:15:00,LSTM-FRO,25.898494355746106,33
2022-04-23 12:30:00,LSTM-FRO,26.812962197680704,33
2022-04-23 12:45:00,LSTM-FRO,32.4138840364123,33
2022-04-23 13:00:00,LSTM-FRO,23.141987109871963,33
2022-04-23 13:15:00,LSTM-FRO,22.807747683307372,33
2022-04-23 13:30:00,LSTM-FRO,27.76537997350147,33
2022-04-23 13:45:00,LSTM-FRO,34.86914858844152,33
2022-04-23 14:00:00,LSTM-FRO,48.09602947063815,33
2022-04-23 14:15:00,LSTM-FRO,18.550933249983245,33
2022-04-23 14:30:00,LSTM-FRO,29.31565396284071,33
2022-04-23 14:45:00,LSTM-FRO,20.61861740479018,33
2022-04-23 15:00:00,LSTM-FRO,34.97804408000877,33
2022-04-23 15:15:00,LSTM-FRO,21.399037727155566,33
2022-04-23 15:30:00,LSTM-FRO,22.86470578307653,33
2022-04-23 15:45:00,LSTM-FRO,23.36005755287597,33
2022-04-23 16:00:00,LSTM-FRO,26.57123385454624,33
2022-04-23 16:15:00,LSTM-FRO,29.37352336772188,33
2022-04-23 16:30:00,LSTM-FRO,30.581234707810943,33
2022-04-23 16:45:00,LSTM-FRO,27.04522036451596,33
2022-04-23 17:00:00,LSTM-FRO,19.396688117036977,33
2022-04-23 17:15:00,LSTM-FRO,32.51370241744448,33
2022-04-23 17:30:00,LSTM-FRO,26.72670987517783,33
2022-04-23 17:45:00,LSTM-FRO,36.25582579005719,33
2022-04-23 18:00:00,LSTM-FRO,22.67555415997869,33
2022-04-23 18:15:00,LSTM-FRO,18.11468853792012,33
2022-04-23 18:30:00,LSTM-FRO,26.854040409619984,33
2022-04-23 18:45:00,LSTM-FRO,37.49824534266709,33
2022-04-23 19:00:00,LSTM-FRO,28.201103041577056,33
2022-04-23 19:15:00,LSTM-FRO,25.76026199423764,33
2022-04-23 19:30:00,LSTM-FRO,21.76854989620561,33
2022-04-23 19:45:00,LSTM-FRO,42.10758420909212,33
2022-04-23 20:00:00,LSTM-FRO,20.915421187133305,33
2022-04-23 20:15:00,LSTM-FRO,22.575273258811226,33
2022-04-23 20:30:00,LSTM-FRO,31.25125585507996,33
2022-04-23 20:45:00,LSTM-FRO,16.996760110592646,33
2022-04-23 21:00:00,LSTM-FRO,37.29769090830221,33
2022-04-23 21:15:00,LSTM-FRO,31.679051217198246,33
2022-04-23 21:30:00,LSTM-FRO,33.943627925561564,33
2022-04-23 21:45:00,LSTM-FRO,31.1579015016836,33
2022-04-23 22:00:00,LSTM-FRO,26.010745219797442,33
2022-04-23 22:15:00,LSTM-FRO,20.7400232942218,33
2022-04-23 22:30:00,LSTM-FRO,26.14854737846822,33
2022-04-23 22:45:00,LSTM-FRO,21.202834052184173,33
2022-04-23 23:00:00,LSTM-FRO,30.600079506118345,33
2022-04-23 23:15:00,LSTM-FRO,33.16490328555606,33
2022-04-23 23:30:00,LSTM-FRO,39.23998360676284,33
2022-04-23 23:45:00,LSTM-FRO,29.73386781618457,33
2022-04-23 00:00:00,Transformer-FRO,28.863289867909085,33
2022-04-23 00:15:00,Transformer-FRO,27.539117719811163,33
2022-04-23 00:30:00,Transformer-FRO,35.248534084491965,33
2022-04-23 00:45:00,Transformer-FRO,28.202482269937803,33
2022-04-23 01:00:00,Transformer-FRO,33.42839970514231,33
2022-04-23 01:15:00,Transformer-FRO,23.676244815728936,33
2022-04-23 01:30:00,Transformer-FRO,24.80459171687725,33
2022-04-23 01:45:00,Transformer-FRO,36.75809201795338,33
2022-04-23 02:00:00,Transformer-FRO,39.232645323697554,33
2022-04-23 02:15:00,Transformer-FRO,24.144504828341173,33
2022-04-23 02:30:00,Transformer-FRO,37.09514756144148,33
2022-04-23 02:45:00,Transformer-FRO,27.153005103089978,33
2022-04-23 03:00:00,Transformer-FRO,31.30857712765303,33
2022-04-23 03:15:00,Transformer-FRO,45.014777653918195,33
2022-04-23 03:30:00,Transformer-FRO,38.43520669660174,33
2022-04-23 03:45:00,Transformer-FRO,38.31963158580878,33
2022-04-23 04:00:00,Transformer-FRO,51.137298041173025,33
2022-04-23 04:15:00,Transformer-FRO,25.97447873115537,33
2022-04-23 04:30:00,Transformer-FRO,24.143135127471727,33
2022-04-23 04:45:00,Transformer-FRO,25.851911268732884,33
2022-04-23 05:00:00,Transformer-FRO,29.184185718589564,33
2022-04-23 05:15:00,Transformer-FRO,16.930840586143297,33
2022-04-23 05:30:00,Transformer-FRO,29.542555324915956,33
2022-04-23 05:45:00,Transformer-FRO,27.069812897341173,33
2022-04-23 06:00:00,Transformer-FRO,38.1994815741021,33
2022-04-23 06:15:00,Transformer-FRO,34.15763760344903,33
2022-04-23 06:30:00,Transformer-FRO,26.67874433314646,33
2022-04-23 06:45:00,Transformer-FRO,36.32748977556649,33
2022-04-23 07:00:00,Transformer-FRO,37.604986699292596,33
2022-04-23 07:15:00,Transformer-FRO,25.542611120722885,33
2022-04-23 07:30:00,Transformer-FRO,27.43402137346723,33
2022-04-23 07:45:00,Transformer-FRO,17.507544501199224,33
2022-04-23 08:00:00,Transformer-FRO,23.496041499154433,33
2022-04-23 08:15:00,Transformer-FRO,25.715887551448994,33
2022-04-23 08:30:00,Transformer-FRO,31.78015821498413,33
2022-04-23 08:45:00,Transformer-FRO,24.397940322052627,33
2022-04-23 09:00:00,Transformer-FRO,27.2891039861558,33
2022-04-23 09:15:00,Transformer-FRO,22.689794150144103,33
2022-04-23 09:30:00,Transformer-FRO,32.589112170350575,33
2022-04-23 09:45:00,Transformer-FRO,34.812963059679824,33
2022-04-23 10:00:00,Transformer-FRO,34.602846440874984,33
2022-04-23 10:15:00,Transformer-FRO,31.274955797095885,33
2022-04-23 10:30:00,Transformer-FRO,20.906312995074195,33
2022-04-23 10:45:00,Transformer-FRO,26.545872917120377,33
2022-04-23 11:00:00,Transformer-FRO,28.050552159258523,33
2022-04-23 11:15:00,Transformer-FRO,28.079741166240485,33
2022-04-23 11:30:00,Transformer-FRO,31.78687470035358,33
2022-04-23 11:45:00,Transformer-FRO,45.115226376336544,33
2022-04-23 12:00:00,Transformer-FRO,38.481163932772304,33
2022-04-23 12:15:00,Transformer-FRO,24.132853837118642,33
2022-04-23 12:30:00,Transformer-FRO,37.17013242154494,33
2022-04-23 12:45:00,Transformer-FRO,36.80475474045694,33
2022-04-23 13:00:00,Transformer-FRO,25.295326399854645,33
2022-04-23 13:15:00,Transformer-FRO,38.84977696246428,33
2022-04-23 13:30:00,Transformer-FRO,29.90516105854021,33
2022-04-23 13:45:00,Transformer-FRO,21.62926301388821,33
2022-04-23 14:00:00,Transformer-FRO,35.0801467571103,33
2022-04-23 14:15:00,Transformer-FRO,32.978817654242604,33
2022-04-23 14:30:00,Transformer-FRO,29.387858654573574,33
2022-04-23 14:45:00,Transformer-FRO,30.87361905780004,33
2022-04-23 15:00:00,Transformer-FRO,25.872274142224487,33
2022-04-23 15:15:00,Transformer-FRO,36.517961478793154,33
2022-04-23 15:30:00,Transformer-FRO,30.825647454904438,33
2022-04-23 15:45:00,Transformer-FRO,32.5497184400064,33
2022-04-23 16:00:00,Transformer-FRO,34.199487110758355,33
2022-04-23 16:15:00,Transformer-FRO,23.109820254310712,33
2022-04-23 16:30:00,Transformer-FRO,24.723335979108697,33
2022-04-23 16:45:00,Transformer-FRO,17.57767430387743,33
2022-04-23 17:00:00,Transformer-FRO,36.09073565204879,33
2022-04-23 17:15:00,Transformer-FRO,22.767113029042562,33
2022-04-23 17:30:00,Transformer-FRO,32.26505350144104,33
2022-04-23 17:45:00,Transformer-FRO,34.32248385240565,33
2022-04-23 18:00:00,Transformer-FRO,36.44439526450952,33
2022-04-23 18:15:00,Transformer-FRO,22.81552787721525,33
2022-04-23 18:30:00,Transformer-FRO,30.65261387092067,33
2022-04-23 18:45:00,Transformer-FRO,48.07077934949271,33
2022-04-23 19:00:00,Transformer-FRO,48.622747286268115,33
2022-04-23 19:15:00,Transformer-FRO,40.26975957622305,33
2022-04-23 19:30:00,Transformer-FRO,34.0257030252449,33
2022-04-23 19:45:00,Transformer-FRO,24.023051706030056,33
2022-04-23 20:00:00,Transformer-FRO,37.559759797512015,33
2022-04-23 20:15:00,Transformer-FRO,29.92342965703131,33
2022-04-23 20:30:00,Transformer-FRO,36.05132516734715,33
2022-04-23 20:45:00,Transformer-FRO,26.45730471058419,33
2022-04-23 21:00:00,Transformer-FRO,29.807960744424882,33
2022-04-23 21:15:00,Transformer-FRO,32.53030126378262,33
2022-04-23 21:30:00,Transformer-FRO,33.23044382443425,33
2022-04-23 21:45:00,Transformer-FRO,35.43225690903255,33
2022-04-23 22:00:00,Transformer-FRO,26.82788930919945,33
2022-04-23 22:15:00,Transformer-FRO,22.006388000378063,33
2022-04-23 22:30:00,Transformer-FRO,47.507076762619,33
2022-04-23 22:45:00,Transformer-FRO,59.442759730172426,33
2022-04-23 23:00:00,Transformer-FRO,35.009437579401485,33
2022-04-23 23:15:00,Transformer-FRO,22.11674024257424,33
2022-04-23 23:30:00,Transformer-FRO,25.511839234140822,33
2022-04-23 23:45:00,Transformer-FRO,35.573967369080734,33
2022-04-23 00:00:00,DFL-FRO,24.85924819350694,33
2022-04-23 00:15:00,DFL-FRO,33.668512283081576,33
2022-04-23 00:30:00,DFL-FRO,36.811370913735615,33
2022-04-23 00:45:00,DFL-FRO,44.3507287251672,33
2022-04-23 01:00:00,DFL-FRO,31.672937812487813,33
2022-04-23 01:15:00,DFL-FRO,22.54340897219082,33
2022-04-23 01:30:00,DFL-FRO,41.442610299798176,33
2022-04-23 01:45:00,DFL-FRO,47.686117614652446,33
2022-04-23 02:00:00,DFL-FRO,34.06241334888338,33
2022-04-23 02:15:00,DFL-FRO,39.02223977657448,33
2022-04-23 02:30:00,DFL-FRO,30.53853392665107,33
2022-04-23 02:45:00,DFL-FRO,27.5369694420757,33
2022-04-23 03:00:00,DFL-FRO,46.396723700860846,33
2022-04-23 03:15:00,DFL-FRO,38.82976896303083,33
2022-04-23 03:30:00,DFL-FRO,39.95897515624339,33
2022-04-23 03:45:00,DFL-FRO,52.973012575187155,33
2022-04-23 04:00:00,DFL-FRO,25.978543738730252,33
2022-04-23 04:15:00,DFL-FRO,29.885807054290993,33
2022-04-23 04:30:00,DFL-FRO,36.42364742661176,33
2022-04-23 04:45:00,DFL-FRO,29.783657856906586,33
2022-04-23 05:00:00,DFL-FRO,43.355555889281625,33
2022-04-23 05:15:00,DFL-FRO,33.081996236374586,33
2022-04-23 05:30:00,DFL-FRO,26.433545914896165,33
2022-04-23 05:45:00,DFL-FRO,35.50014609542722,33
2022-04-23 06:00:00,DFL-FRO,36.54977623334582,33
2022-04-23 06:15:00,DFL-FRO,45.22562876481905,33
2022-04-23 06:30:00,DFL-FRO,38.89089737094649,33
2022-04-23 06:45:00,DFL-FRO,39.63491263778784,33
2022-04-23 07:00:00,DFL-FRO,38.10937626394801,33
2022-04-23 07:15:00,DFL-FRO,33.074407514035045,33
2022-04-23 07:30:00,DFL-FRO,28.549241254617698,33
2022-04-23 07:45:00,DFL-FRO,37.77682000637208,33
2022-04-23 08:00:00,DFL-FRO,31.765535465360102,33
2022-04-23 08:15:00,DFL-FRO,55.81755395728178,33
2022-04-23 08:30:00,DFL-FRO,50.66403715711975,33
2022-04-23 08:45:00,DFL-FRO,41.57726819762963,33
2022-04-23 09:00:00,DFL-FRO,38.73219761805061,33
2022-04-23 09:15:00,DFL-FRO,34.01150390060684,33
2022-04-23 09:30:00,DFL-FRO,24.527364203933328,33
2022-04-23 09:45:00,DFL-FRO,32.8178128711689,33
2022-04-23 10:00:00,DFL-FRO,35.85434893271262,33
2022-04-23 10:15:00,DFL-FRO,37.156865866365656,33
2022-04-23 10:30:00,DFL-FRO,39.72768419117423,33
2022-04-23 10:45:00,DFL-FRO,45.05767593122918,33
2022-04-23 11:00:00,DFL-FRO,28.74133209050418,33
2022-04-23 11:15:00,DFL-FRO,28.81413306474583,33
2022-04-23 11:30:00,DFL-FRO,52.22175161555417,33
2022-04-23 11:45:00,DFL-FRO,43.208956903340535,33
2022-04-23 12:00:00,DFL-FRO,31.259347667849458,33
2022-04-23 12:15:00,DFL-FRO,33.82953030001289,33
2022-04-23 12:30:00,DFL-FRO,33.871951302280905,33
2022-04-23 12:45:00,DFL-FRO,35.163459371331236,33
2022-04-23 13:00:00,DFL-FRO,39.76253484601482,33
2022-04-23 13:15:00,DFL-FRO,70.64025471324193,33
2022-04-23 13:30:00,DFL-FRO,36.74807886155949,33
2022-04-23 13:45:00,DFL-FRO,41.92348245131722,33
2022-04-23 14:00:00,DFL-FRO,21.785883792790283,33
2022-04-23 14:15:00,DFL-FRO,30.45008631821353,33
2022-04-23 14:30:00,DFL-FRO,49.088552091052094,33
2022-04-23 14:45:00,DFL-FRO,38.990450181032614,33
2022-04-23 15:00:00,DFL-FRO,10.259005195009287,33
2022-04-23 15:15:00,DFL-FRO,42.057165237955004,33
2022-04-23 15:30:00,DFL-FRO,59.48458599686442,33
2022-04-23 15:45:00,DFL-FRO,19.9861082730949,33
2022-04-23 16:00:00,DFL-FRO,53.228591235456236,33
2022-04-23 16:15:00,DFL-FRO,16.09948003869916,33
2022-04-23 16:30:00,DFL-FRO,45.267448745220705,33
2022-04-23 16:45:00,DFL-FRO,34.771536862721476,33
2022-04-23 17:00:00,DFL-FRO,18.1083920367629,33
2022-04-23 17:15:00,DFL-FRO,39.469496582802,33
2022-04-23 17:30:00,DFL-FRO,48.03344685618997,33
2022-04-23 17:45:00,DFL-FRO,38.5751561783762,33
2022-04-23 18:00:00,DFL-FRO,41.024723103797626,33
2022-04-23 18:15:00,DFL-FRO,31.07778033041199,33
2022-04-23 18:30:00,DFL-FRO,20.749489648230124,33
2022-04-23 18:45:00,DFL-FRO,42.26677101321322,33
2022-04-23 19:00:00,DFL-FRO,56.757546474538685,33
2022-04-23 19:15:00,DFL-FRO,47.7497417440115,33
2022-04-23 19:30:00,DFL-FRO,20.03088922374996,33
2022-04-23 19:45:00,DFL-FRO,22.85282336461442,33
2022-04-23 20:00:00,DFL-FRO,27.535473587020604,33
2022-04-23 20:15:00,DFL-FRO,22.360967497392654,33
2022-04-23 20:30:00,DFL-FRO,35.287292927567805,33
2022-04-23 20:45:00,DFL-FRO,38.89387664875435,33
2022-04-23 21:00:00,DFL-FRO,23.398231215489215,33
2022-04-23 21:15:00,DFL-FRO,43.283031324122476,33
2022-04-23 21:30:00,DFL-FRO,41.21121296394103,33
2022-04-23 21:45:00,DFL-FRO,29.918029442558087,33
2022-04-23 22:00:00,DFL-FRO,33.2194266657954,33
2022-04-23 22:15:00,DFL-FRO,20.24454299173667,33
2022-04-23 22:30:00,DFL-FRO,31.773171908358574,33
2022-04-23 22:45:00,DFL-FRO,34.9272387694748,33
2022-04-23 23:00:00,DFL-FRO,36.53357399558579,33
2022-04-23 23:15:00,DFL-FRO,38.73662269028803,33
2022-04-23 23:30:00,DFL-FRO,37.310268107654544,33
2022-04-23 23:45:00,DFL-FRO,32.38023388795246,33
2022-04-23 00:00:00,CVaR-DFL-FRO,52.787559522236215,33
2022-04-23 00:15:00,CVaR-DFL-FRO,37.55414629286342,33
2022-04-23 00:30:00,CVaR-DFL-FRO,42.688924442553116,33
2022-04-23 00:45:00,CVaR-DFL-FRO,36.51247189286276,33
2022-04-23 01:00:00,CVaR-DFL-FRO,31.650806454330738,33
2022-04-23 01:15:00,CVaR-DFL-FRO,45.496069501034405,33
2022-04-23 01:30:00,CVaR-DFL-FRO,32.562467448957236,33
2022-04-23 01:45:00,CVaR-DFL-FRO,43.60652121959936,33
2022-04-23 02:00:00,CVaR-DFL-FRO,39.02398230189935,33
2022-04-23 02:15:00,CVaR-DFL-FRO,35.20258633115334,33
2022-04-23 02:30:00,CVaR-DFL-FRO,34.93919792846165,33
2022-04-23 02:45:00,CVaR-DFL-FRO,33.04181576642468,33
2022-04-23 03:00:00,CVaR-DFL-FRO,23.215640152206298,33
2022-04-23 03:15:00,CVaR-DFL-FRO,43.56255216011833,33
2022-04-23 03:30:00,CVaR-DFL-FRO,41.5644162354617,33
2022-04-23 03:45:00,CVaR-DFL-FRO,50.35045573701167,33
2022-04-23 04:00:00,CVaR-DFL-FRO,32.803469855169794,33
2022-04-23 04:15:00,CVaR-DFL-FRO,69.64591837803856,33
2022-04-23 04:30:00,CVaR-DFL-FRO,34.3844140344162,33
2022-04-23 04:45:00,CVaR-DFL-FRO,29.4861700686309,33
2022-04-23 05:00:00,CVaR-DFL-FRO,28.421195673392308,33
2022-04-23 05:15:00,CVaR-DFL-FRO,22.58956208251283,33
2022-04-23 05:30:00,CVaR-DFL-FRO,62.23295808038458,33
2022-04-23 05:45:00,CVaR-DFL-FRO,59.19061987452195,33
2022-04-23 06:00:00,CVaR-DFL-FRO,46.60848030458656,33
2022-04-23 06:15:00,CVaR-DFL-FRO,29.294883612013365,33
2022-04-23 06:30:00,CVaR-DFL-FRO,67.8519702330502,33
2022-04-23 06:45:00,CVaR-DFL-FRO,34.684578226000376,33
2022-04-23 07:00:00,CVaR-DFL-FRO,35.58589976605592,33
2022-04-23 07:15:00,CVaR-DFL-FRO,60.418662007938636,33
2022-04-23 07:30:00,CVaR-DFL-FRO,47.45716094296738,33
2022-04-23 07:45:00,CVaR-DFL-FRO,76.57486231665068,33
2022-04-23 08:00:00,CVaR-DFL-FRO,41.78647972966137,33
2022-04-23 08:15:00,CVaR-DFL-FRO,34.200419860982954,33
2022-04-23 08:30:00,CVaR-DFL-FRO,31.995893858370973,33
2022-04-23 08:45:00,CVaR-DFL-FRO,21.810871813964354,33
2022-04-23 09:00:00,CVaR-DFL-FRO,35.48040452309342,33
2022-04-23 09:15:00,CVaR-DFL-FRO,55.1746166298531,33
2022-04-23 09:30:00,CVaR-DFL-FRO,46.58085641354731,33
2022-04-23 09:45:00,CVaR-DFL-FRO,38.927885344022286,33
2022-04-23 10:00:00,CVaR-DFL-FRO,28.41018045941836,33
2022-04-23 10:15:00,CVaR-DFL-FRO,41.50419247944812,33
2022-04-23 10:30:00,CVaR-DFL-FRO,52.964422123991824,33
2022-04-23 10:45:00,CVaR-DFL-FRO,44.21369547343993,33
2022-04-23 11:00:00,CVaR-DFL-FRO,40.737034078043045,33
2022-04-23 11:15:00,CVaR-DFL-FRO,30.2098125332701,33
2022-04-23 11:30:00,CVaR-DFL-FRO,50.624738607124506,33
2022-04-23 11:45:00,CVaR-DFL-FRO,14.640409625423088,33
2022-04-23 12:00:00,CVaR-DFL-FRO,43.56188472873778,33
2022-04-23 12:15:00,CVaR-DFL-FRO,85.86817737168354,33
2022-04-23 12:30:00,CVaR-DFL-FRO,24.22683841583843,33
2022-04-23 12:45:00,CVaR-DFL-FRO,35.892539092020264,33
2022-04-23 13:00:00,CVaR-DFL-FRO,38.58857826208207,33
2022-04-23 13:15:00,CVaR-DFL-FRO,33.511927505101475,33
2022-04-23 13:30:00,CVaR-DFL-FRO,53.352972884135454,33
2022-04-23 13:45:00,CVaR-DFL-FRO,44.789835472024016,33
2022-04-23 14:00:00,CVaR-DFL-FRO,40.55501445809133,33
2022-04-23 14:15:00,CVaR-DFL-FRO,49.53859664317994,33
2022-04-23 14:30:00,CVaR-DFL-FRO,38.884948358473025,33
2022-04-23 14:45:00,CVaR-DFL-FRO,103.74276788569841,33
2022-04-23 15:00:00,CVaR-DFL-FRO,40.543020476757555,33
2022-04-23 15:15:00,CVaR-DFL-FRO,41.099413477470655,33
2022-04-23 15:30:00,CVaR-DFL-FRO,22.75453112454676,33
2022-04-23 15:45:00,CVaR-DFL-FRO,32.68164231477478,33
2022-04-23 16:00:00,CVaR-DFL-FRO,55.222297021407975,33
2022-04-23 16:15:00,CVaR-DFL-FRO,25.561970752245703,33
2022-04-23 16:30:00,CVaR-DFL-FRO,19.807522679727885,33
2022-04-23 16:45:00,CVaR-DFL-FRO,39.07316722528604,33
2022-04-23 17:00:00,CVaR-DFL-FRO,59.1846910733626,33
2022-04-23 17:15:00,CVaR-DFL-FRO,39.19537350564696,33
2022-04-23 17:30:00,CVaR-DFL-FRO,34.85278778099819,33
2022-04-23 17:45:00,CVaR-DFL-FRO,21.73325142109206,33
2022-04-23 18:00:00,CVaR-DFL-FRO,44.51006988563629,33
2022-04-23 18:15:00,CVaR-DFL-FRO,47.49198625587302,33
2022-04-23 18:30:00,CVaR-DFL-FRO,22.25697852193318,33
2022-04-23 18:45:00,CVaR-DFL-FRO,55.002672120285986,33
2022-04-23 19:00:00,CVaR-DFL-FRO,49.05567160236271,33
2022-04-23 19:15:00,CVaR-DFL-FRO,54.96486325939167,33
2022-04-23 19:30:00,CVaR-DFL-FRO,46.36014954632429,33
2022-04-23 19:45:00,CVaR-DFL-FRO,47.380254089833834,33
2022-04-23 20:00:00,CVaR-DFL-FRO,45.46560986940311,33
2022-04-23 20:15:00,CVaR-DFL-FRO,50.64501078475635,33
2022-04-23 20:30:00,CVaR-DFL-FRO,22.00278601950449,33
2022-04-23 20:45:00,CVaR-DFL-FRO,24.281872523989197,33
2022-04-23 21:00:00,CVaR-DFL-FRO,30.78647621541918,33
2022-04-23 21:15:00,CVaR-DFL-FRO,37.15639482750758,33
2022-04-23 21:30:00,CVaR-DFL-FRO,43.6334510507023,33
2022-04-23 21:45:00,CVaR-DFL-FRO,42.78288179204107,33
2022-04-23 22:00:00,CVaR-DFL-FRO,54.70611107126857,33
2022-04-23 22:15:00,CVaR-DFL-FRO,55.241447200828624,33
2022-04-23 22:30:00,CVaR-DFL-FRO,29.511103629783065,33
2022-04-23 22:45:00,CVaR-DFL-FRO,41.65515578558992,33
2022-04-23 23:00:00,CVaR-DFL-FRO,29.736758776483644,33
2022-04-23 23:15:00,CVaR-DFL-FRO,36.488963993173435,33
2022-04-23 23:30:00,CVaR-DFL-FRO,42.74453702883926,33
2022-04-23 23:45:00,CVaR-DFL-FRO,13.43563238275539,33
2022-04-23 14:00:00,CVaR-DFL-RTRO,56.13326635202751,33
2022-04-23 16:30:00,CVaR-DFL-RTRO,86.58990010048737,33
2022-04-23 18:00:00,CVaR-DFL-RTRO,44.12573495750137,33
2022-04-23 18:15:00,CVaR-DFL-RTRO,41.51861055517224,33
2022-04-23 19:45:00,CVaR-DFL-RTRO,42.2030074198486,33
2022-04-23 20:45:00,CVaR-DFL-RTRO,59.64702744639745,33
2022-04-24 00:00:00,LSTM-FRO,24.607748535070776,33
2022-04-24 00:15:00,LSTM-FRO,17.938882014991798,33
2022-04-24 00:30:00,LSTM-FRO,19.603968620847184,33
2022-04-24 00:45:00,LSTM-FRO,23.171931613063045,33
2022-04-24 01:00:00,LSTM-FRO,26.020580735394855,33
2022-04-24 01:15:00,LSTM-FRO,41.14246882414124,33
2022-04-24 01:30:00,LSTM-FRO,30.18924841911087,33
2022-04-24 01:45:00,LSTM-FRO,20.98823463896893,33
2022-04-24 02:00:00,LSTM-FRO,21.980990102856815,33
2022-04-24 02:15:00,LSTM-FRO,37.26472333587393,33
2022-04-24 02:30:00,LSTM-FRO,35.01422741813108,33
2022-04-24 02:45:00,LSTM-FRO,26.57569212478653,33
2022-04-24 03:00:00,LSTM-FRO,23.61396727665891,33
2022-04-24 03:15:00,LSTM-FRO,34.99948523143368,33
2022-04-24 03:30:00,LSTM-FRO,20.56448117333782,33
2022-04-24 03:45:00,LSTM-FRO,29.117679299313117,33
2022-04-24 04:00:00,LSTM-FRO,46.68666265848755,33
2022-04-24 04:15:00,LSTM-FRO,27.78462208136839,33
2022-04-24 04:30:00,LSTM-FRO,21.71973319083624,33
2022-04-24 04:45:00,LSTM-FRO,29.252035872995616,33
2022-04-24 05:00:00,LSTM-FRO,23.451611795433834,33
2022-04-24 05:15:00,LSTM-FRO,18.596090551367944,33
2022-04-24 05:30:00,LSTM-FRO,31.46633671947957,33
2022-04-24 05:45:00,LSTM-FRO,34.937171995409045,33
2022-04-24 06:00:00,LSTM-FRO,24.40724961835749,33
2022-04-24 06:15:00,LSTM-FRO,24.00420374394203,33
2022-04-24 06:30:00,LSTM-FRO,20.72910681324763,33
2022-04-24 06:45:00,LSTM-FRO,25.413750390227232,33
2022-04-24 07:00:00,LSTM-FRO,22.914118656152194,33
2022-04-24 07:15:00,LSTM-FRO,20.4732789279399,33
2022-04-24 07:30:00,LSTM-FRO,42.43359051918976,33
2022-04-24 07:45:00,LSTM-FRO,29.667096548248196,33
2022-04-24 08:00:00,LSTM-FRO,30.46639529397337,33
2022-04-24 08:15:00,LSTM-FRO,32.940366218017694,33
2022-04-24 08:30:00,LSTM-FRO,32.024176926611794,33
2022-04-24 08:45:00,LSTM-FRO,23.788995316408375,33
2022-04-24 09:00:00,LSTM-FRO,28.257299825162416,33
2022-04-24 09:15:00,LSTM-FRO,24.665186645155018,33
2022-04-24 09:30:00,LSTM-FRO,29.45907826882272,33
2022-04-24 09:45:00,LSTM-FRO,28.75202773426078,33
2022-04-24 10:00:00,LSTM-FRO,23.971537348444784,33
2022-04-24 10:15:00,LSTM-FRO,18.901155603340936,33
2022-04-24 10:30:00,LSTM-FRO,27.375311454718513,33
2022-04-24 10:45:00,LSTM-FRO,25.06946075619884,33
2022-04-24 11:00:00,LSTM-FRO,16.417882967031492,33
2022-04-24 11:15:00,LSTM-FRO,29.9752974787981,33
2022-04-24 11:30:00,LSTM-FRO,33.62499531160139,33
2022-04-24 11:45:00,LSTM-FRO,49.781768576907965,33
2022-04-24 12:00:00,LSTM-FRO,23.92021681943545,33
2022-04-24 12:15:00,LSTM-FRO,23.05060416409871,33
2022-04-24 12:30:00,LSTM-FRO,19.973794894643056,33
2022-04-24 12:45:00,LSTM-FRO,27.807553122194264,33
2022-04-24 13:00:00,LSTM-FRO,27.76344342629771,33
2022-04-24 13:15:00,LSTM-FRO,21.52601885475362,33
2022-04-24 13:30:00,LSTM-FRO,25.254789402826788,33
2022-04-24 13:45:00,LSTM-FRO,16.057981017114635,33
2022-04-24 14:00:00,LSTM-FRO,33.29768361343153,33
2022-04-24 14:15:00,LSTM-FRO,21.746631963360077,33
2022-04-24 14:30:00,LSTM-FRO,26.159962266448876,33
2022-04-24 14:45:00,LSTM-FRO,18.4446268079608,33
2022-04-24 15:00:00,LSTM-FRO,22.79944439501552,33
2022-04-24 15:15:00,LSTM-FRO,24.599882129758292,33
2022-04-24 15:30:00,LSTM-FRO,26.313859048593,33
2022-04-24 15:45:00,LSTM-FRO,29.76586494548857,33
2022-04-24 16:00:00,LSTM-FRO,37.87137779918311,33
2022-04-24 16:15:00,LSTM-FRO,31.717544108696497,33
2022-04-24 16:30:00,LSTM-FRO,33.598183450823754,33
2022-04-24 16:45:00,LSTM-FRO,37.93826336985753,33
2022-04-24 17:00:00,LSTM-FRO,30.445849553686287,33
2022-04-24 17:15:00,LSTM-FRO,26.14649743512137,33
2022-04-24 17:30:00,LSTM-FRO,33.996503040579874,33
2022-04-24 17:45:00,LSTM-FRO,34.54623133838691,33
2022-04-24 18:00:00,LSTM-FRO,31.05457630661778,33
2022-04-24 18:15:00,LSTM-FRO,18.31573456421399,33
2022-04-24 18:30:00,LSTM-FRO,21.36363244242607,33
2022-04-24 18:45:00,LSTM-FRO,24.629153437715452,33
2022-04-24 19:00:00,LSTM-FRO,32.09326758800628,33
2022-04-24 19:15:00,LSTM-FRO,26.247517406880704,33
2022-04-24 19:30:00,LSTM-FRO,35.10451365535888,33
2022-04-24 19:45:00,LSTM-FRO,36.71212999081654,33
2022-04-24 20:00:00,LSTM-FRO,35.657873181720724,33
2022-04-24 20:15:00,LSTM-FRO,35.714941046470805,33
2022-04-24 20:30:00,LSTM-FRO,20.340282202915134,33
2022-04-24 20:45:00,LSTM-FRO,29.787565174857843,33
2022-04-24 21:00:00,LSTM-FRO,22.6558053105759,33
2022-04-24 21:15:00,LSTM-FRO,17.44317758411393,33
2022-04-24 21:30:00,LSTM-FRO,24.551266994382782,33
2022-04-24 21:45:00,LSTM-FRO,36.79979161355451,33
2022-04-24 22:00:00,LSTM-FRO,29.62429758172781,33
2022-04-24 22:15:00,LSTM-FRO,43.79331058201781,33
2022-04-24 22:30:00,LSTM-FRO,27.589135951884238,33
2022-04-24 22:45:00,LSTM-FRO,48.785181935932,33
2022-04-24 23:00:00,LSTM-FRO,27.59115204056283,33
2022-04-24 23:15:00,LSTM-FRO,26.53789384993268,33
2022-04-24 23:30:00,LSTM-FRO,19.139459129157665,33
2022-04-24 23:45:00,LSTM-FRO,34.87345314720111,33
2022-04-24 00:00:00,Transformer-FRO,24.370436385579964,33
2022-04-24 00:15:00,Transformer-FRO,40.17821386987243,33
2022-04-24 00:30:00,Transformer-FRO,38.917033967818874,33
2022-04-24 00:45:00,Transformer-FRO,38.653853962197516,33
2022-04-24 01:00:00,Transformer-FRO,26.238476836856677,33
2022-04-24 01:15:00,Transformer-FRO,28.443430542750104,33
2022-04-24 01:30:00,Transformer-FRO,28.37802962316272,33
2022-04-24 01:45:00,Transformer-FRO,35.30488373519627,33
2022-04-24 02:00:00,Transformer-FRO,43.117730883911484,33
2022-04-24 02:15:00,Transformer-FRO,31.70851141094566,33
2022-04-24 02:30:00,Transformer-FRO,48.094780847854246,33
2022-04-24 02:45:00,Transformer-FRO,36.370353312701745,33
2022-04-24 03:00:00,Transformer-FRO,27.11959136155219,33
2022-04-24 03:15:00,Transformer-FRO,35.73026352796098,33
2022-04-24 03:30:00,Transformer-FRO,44.85528740690423,33
2022-04-24 03:45:00,Transformer-FRO,48.38743402905883,33
2022-04-24 04:00:00,Transformer-FRO,39.20738468695859,33
2022-04-24 04:15:00,Transformer-FRO,29.01435550797434,33
2022-04-24 04:30:00,Transformer-FRO,27.247202703409116,33
2022-04-24 04:45:00,Transformer-FRO,33.46480683792365,33
2022-04-24 05:00:00,Transformer-FRO,44.48506644180103,33
2022-04-24 05:15:00,Transformer-FRO,32.25262476092317,33
2022-04-24 05:30:00,Transformer-FRO,32.42671718998125,33
2022-04-24 05:45:00,Transformer-FRO,29.208511515578504,33
2022-04-24 06:00:00,Transformer-FRO,26.472860138361327,33
2022-04-24 06:15:00,Transformer-FRO,27.635372827483238,33
2022-04-24 06:30:00,Transformer-FRO,29.851841865920175,33
2022-04-24 06:45:00,Transformer-FRO,44.99692625343568,33
2022-04-24 07:00:00,Transformer-FRO,27.085058220619683,33
2022-04-24 07:15:00,Transformer-FRO,29.217708304321015,33
2022-04-24 07:30:00,Transformer-FRO,23.029207016518136,33
2022-04-24 07:45:00,Transformer-FRO,34.70689703825658,33
2022-04-24 08:00:00,Transformer-FRO,41.078282928882174,33
2022-04-24 08:15:00,Transformer-FRO,43.91805425336612,33
2022-04-24 08:30:00,Transformer-FRO,30.382333352119907,33
2022-04-24 08:45:00,Transformer-FRO,33.44992789319695,33
2022-04-24 09:00:00,Transformer-FRO,27.696948366962463,33
2022-04-24 09:15:00,Transformer-FRO,33.050476115237856,33
2022-04-24 09:30:00,Transformer-FRO,31.266188249842674,33
2022-04-24 09:45:00,Transformer-FRO,29.260558317751247,33
2022-04-24 10:00:00,Transformer-FRO,29.869863367673588,33
2022-04-24 10:15:00,Transformer-FRO,32.40478466841897,33
2022-04-24 10:30:00,Transformer-FRO,26.705449392873277,33
2022-04-24 10:45:00,Transformer-FRO,27.065521625038627,33
2022-04-24 11:00:00,Transformer-FRO,44.871825019105565,33
2022-04-24 11:15:00,Transformer-FRO,58.20147604089444,33
2022-04-24 11:30:00,Transformer-FRO,21.091536960540335,33
2022-04-24 11:45:00,Transformer-FRO,20.792341418898737,33
2022-04-24 12:00:00,Transformer-FRO,22.487695289666565,33
2022-04-24 12:15:00,Transformer-FRO,28.060247376604448,33
2022-04-24 12:30:00,Transformer-FRO,36.35702272701903,33
2022-04-24 12:45:00,Transformer-FRO,33.59680687299804,33
2022-04-24 13:00:00,Transformer-FRO,30.136508352258993,33
2022-04-24 13:15:00,Transformer-FRO,33.05833383031802,33
2022-04-24 13:30:00,Transformer-FRO,24.087509238256132,33
2022-04-24 13:45:00,Transformer-FRO,27.05411386329156,33
2022-04-24 14:00:00,Transformer-FRO,28.672084151770495,33
2022-04-24 14:15:00,Transformer-FRO,19.113338781671047,33
2022-04-24 14:30:00,Transformer-FRO,21.32831218988545,33
2022-04-24 14:45:00,Transformer-FRO,21.549229450584114,33
2022-04-24 15:00:00,Transformer-FRO,35.1367666138287,33
2022-04-24 15:15:00,Transformer-FRO,30.71491485597825,33
2022-04-24 15:30:00,Transformer-FRO,33.76979665652126,33
2022-04-24 15:45:00,Transformer-FRO,17.88849246618385,33
2022-04-24 16:00:00,Transformer-FRO,19.618684150250207,33
2022-04-24 16:15:00,Transformer-FRO,34.229542882796665,33
2022-04-24 16:30:00,Transformer-FRO,14.022941972370084,33
2022-04-24 16:45:00,Transformer-FRO,39.59289303458769,33
2022-04-24 17:00:00,Transformer-FRO,17.964428721376034,33
2022-04-24 17:15:00,Transformer-FRO,35.86608505742645,33
2022-04-24 17:30:00,Transformer-FRO,22.89105670394968,33
2022-04-24 17:45:00,Transformer-FRO,37.82946837796336,33
2022-04-24 18:00:00,Transformer-FRO,66.21649305859074,33
2022-04-24 18:15:00,Transformer-FRO,15.986683421541322,33
2022-04-24 18:30:00,Transformer-FRO,34.51616695163168,33
2022-04-24 18:45:00,Transformer-FRO,18.035152746599397,33
2022-04-24 19:00:00,Transformer-FRO,32.194140107102406,33
2022-04-24 19:15:00,Transformer-FRO,27.317380622850127,33
2022-04-24 19:30:00,Transformer-FRO,29.808192800081176,33
2022-04-24 19:45:00,Transformer-FRO,22.7543564420142,33
2022-04-24 20:00:00,Transformer-FRO,35.28679091558356,33
2022-04-24 20:15:00,Transformer-FRO,19.79859856331735,33
2022-04-24 20:30:00,Transformer-FRO,39.76787224230777,33
2022-04-24 20:45:00,Transformer-FRO,25.920279456690974,33
2022-04-24 21:00:00,Transformer-FRO,20.034414181043964,33
2022-04-24 21:15:00,Transformer-FRO,43.58273401467088,33
2022-04-24 21:30:00,Transformer-FRO,28.32298665920065,33
2022-04-24 21:45:00,Transformer-FRO,47.263394819219826,33
2022-04-24 22:00:00,Transformer-FRO,39.55930614946225,33
2022-04-24 22:15:00,Transformer-FRO,23.434161218981107,33
2022-04-24 22:30:00,Transformer-FRO,28.19369191305976,33
2022-04-24 22:45:00,Transformer-FRO,29.740688248921586,33
2022-04-24 23:00:00,Transformer-FRO,42.81404005708018,33
2022-04-24 23:15:00,Transformer-FRO,32.283986827664776,33
2022-04-24 23:30:00,Transformer-FRO,30.169824458918686,33
2022-04-24 23:45:00,Transformer-FRO,27.36624239684933,33
2022-04-24 00:00:00,DFL-FRO,46.068056075176855,33
2022-04-24 00:15:00,DFL-FRO,32.060342975213054,33
2022-04-24 00:30:00,DFL-FRO,28.68914859961099,33
2022-04-24 00:45:00,DFL-FRO,27.36552470851912,33
2022-04-24 01:00:00,DFL-FRO,27.447561376008764,33
2022-04-24 01:15:00,DFL-FRO,21.66904658091709,33
2022-04-24 01:30:00,DFL-FRO,25.984253485804008,33
2022-04-24 01:45:00,DFL-FRO,48.62467789708802,33
2022-04-24 02:00:00,DFL-FRO,30.23551407250185,33
2022-04-24 02:15:00,DFL-FRO,38.973264617381744,33
2022-04-24 02:30:00,DFL-FRO,16.052536373621397,33
2022-04-24 02:45:00,DFL-FRO,37.52287331197475,33
2022-04-24 03:00:00,DFL-FRO,30.619143625957253,33
2022-04-24 03:15:00,DFL-FRO,28.00634689704836,33
2022-04-24 03:30:00,DFL-FRO,33.68366193328649,33
2022-04-24 03:45:00,DFL-FRO,27.89430728345359,33
2022-04-24 04:00:00,DFL-FRO,17.721113205379122,33
2022-04-24 04:15:00,DFL-FRO,41.41227275133568,33
2022-04-24 04:30:00,DFL-FRO,34.271209772615684,33
2022-04-24 04:45:00,DFL-FRO,29.34450681404981,33
2022-04-24 05:00:00,DFL-FRO,24.467701531046334,33
2022-04-24 05:15:00,DFL-FRO,21.26372695059809,33
2022-04-24 05:30:00,DFL-FRO,34.089055525323786,33
2022-04-24 05:45:00,DFL-FRO,50.20840211309376,33
2022-04-24 06:00:00,DFL-FRO,33.892742004373915,33
2022-04-24 06:15:00,DFL-FRO,21.786106754951604,33
2022-04-24 06:30:00,DFL-FRO,34.100684622256615,33
2022-04-24 06:45:00,DFL-FRO,31.55471390333824,33
2022-04-24 07:00:00,DFL-FRO,40.74602531197591,33
2022-04-24 07:15:00,DFL-FRO,37.926769707268406,33
2022-04-24 07:30:00,DFL-FRO,13.937316199283055,33
2022-04-24 07:45:00,DFL-FRO,37.2824369622969,33
2022-04-24 08:00:00,DFL-FRO,24.214744740281052,33
2022-04-24 08:15:00,DFL-FRO,21.55082361092107,33
2022-04-24 08:30:00,DFL-FRO,30.38861627572877,33
2022-04-24 08:45:00,DFL-FRO,35.91327146751821,33
2022-04-24 09:00:00,DFL-FRO,20.274962037701922,33
2022-04-24 09:15:00,DFL-FRO,38.97505384947501,33
2022-04-24 09:30:00,DFL-FRO,39.61850481408298,33
2022-04-24 09:45:00,DFL-FRO,32.449256386868846,33
2022-04-24 10:00:00,DFL-FRO,25.149015912087474,33
2022-04-24 10:15:00,DFL-FRO,24.37791833852091,33
2022-04-24 10:30:00,DFL-FRO,42.62621780661167,33
2022-04-24 10:45:00,DFL-FRO,21.02003449799122,33
2022-04-24 11:00:00,DFL-FRO,43.086444867753976,33
2022-04-24 11:15:00,DFL-FRO,30.586342451466273,33
2022-04-24 11:30:00,DFL-FRO,31.183292828026282,33
2022-04-24 11:45:00,DFL-FRO,19.897983228167437,33
2022-04-24 12:00:00,DFL-FRO,30.744276671857456,33
2022-04-24 12:15:00,DFL-FRO,37.99925799107471,33
2022-04-24 12:30:00,DFL-FRO,22.06932404547364,33
2022-04-24 12:45:00,DFL-FRO,36.80137541090309,33
2022-04-24 13:00:00,DFL-FRO,32.831588903486754,33
2022-04-24 13:15:00,DFL-FRO,26.76783394092907,33
2022-04-24 13:30:00,DFL-FRO,40.63976981195783,33
2022-04-24 13:45:00,DFL-FRO,17.338252539176835,33
2022-04-24 14:00:00,DFL-FRO,35.27561771975084,33
2022-04-24 14:15:00,DFL-FRO,50.29233626000023,33
2022-04-24 14:30:00,DFL-FRO,47.83875909958649,33
2022-04-24 14:45:00,DFL-FRO,35.70209324518448,33
2022-04-24 15:00:00,DFL-FRO,29.444942338823555,33
2022-04-24 15:15:00,DFL-FRO,26.82722172419752,33
2022-04-24 15:30:00,DFL-FRO,29.434728726290643,33
2022-04-24 15:45:00,DFL-FRO,37.26753221362584,33
2022-04-24 16:00:00,DFL-FRO,25.5757329309487,33
2022-04-24 16:15:00,DFL-FRO,39.55325705797967,33
2022-04-24 16:30:00,DFL-FRO,58.03262637710171,33
2022-04-24 16:45:00,DFL-FRO,31.479709323650688,33
2022-04-24 17:00:00,DFL-FRO,22.020274626740807,33
2022-04-24 17:15:00,DFL-FRO,22.018127452148676,33
2022-04-24 17:30:00,DFL-FRO,39.76479620155931,33
2022-04-24 17:45:00,DFL-FRO,31.498461186586027,33
2022-04-24 18:00:00,DFL-FRO,40.8914725627346,33
2022-04-24 18:15:00,DFL-FRO,27.601963825854998,33
2022-04-24 18:30:00,DFL-FRO,40.36833094388106,33
2022-04-24 18:45:00,DFL-FRO,30.64520807767182,33
2022-04-24 19:00:00,DFL-FRO,26.11397605045096,33
2022-04-24 19:15:00,DFL-FRO,28.641212612351445,33
2022-04-24 19:30:00,DFL-FRO,22.94318420197554,33
2022-04-24 19:45:00,DFL-FRO,55.753175653937326,33
2022-04-24 20:00:00,DFL-FRO,31.178537354179824,33
2022-04-24 20:15:00,DFL-FRO,38.32816737093871,33
2022-04-24 20:30:00,DFL-FRO,27.577094078078407,33
2022-04-24 20:45:00,DFL-FRO,23.89003178825079,33
2022-04-24 21:00:00,DFL-FRO,30.006532594988,33
2022-04-24 21:15:00,DFL-FRO,43.52960452928498,33
2022-04-24 21:30:00,DFL-FRO,27.701381095917377,33
2022-04-24 21:45:00,DFL-FRO,25.12864272248201,33
2022-04-24 22:00:00,DFL-FRO,33.44520327431904,33
2022-04-24 22:15:00,DFL-FRO,36.80534154741394,33
2022-04-24 22:30:00,DFL-FRO,50.6215250247914,33
2022-04-24 22:45:00,DFL-FRO,35.34517998872784,33
2022-04-24 23:00:00,DFL-FRO,38.32259891948518,33
2022-04-24 23:15:00,DFL-FRO,39.13501973078863,33
2022-04-24 23:30:00,DFL-FRO,23.22647132064789,33
2022-04-24 23:45:00,DFL-FRO,24.4871632846057,33
2022-04-24 00:00:00,CVaR-DFL-FRO,22.82246560052907,33
2022-04-24 00:15:00,CVaR-DFL-FRO,44.15923933687237,33
2022-04-24 00:30:00,CVaR-DFL-FRO,37.75079729769624,33
2022-04-24 00:45:00,CVaR-DFL-FRO,35.36368548816956,33
2022-04-24 01:00:00,CVaR-DFL-FRO,15.435541989989073,33
2022-04-24 01:15:00,CVaR-DFL-FRO,65.28112792212283,33
2022-04-24 01:30:00,CVaR-DFL-FRO,26.143195700040415,33
2022-04-24 01:45:00,CVaR-DFL-FRO,65.20696298310867,33
2022-04-24 02:00:00,CVaR-DFL-FRO,22.0082689414293,33
2022-04-24 02:15:00,CVaR-DFL-FRO,26.815715625252444,33
2022-04-24 02:30:00,CVaR-DFL-FRO,17.42007068923746,33
2022-04-24 02:45:00,CVaR-DFL-FRO,38.604417611273924,33
2022-04-24 03:00:00,CVaR-DFL-FRO,24.517204874270078,33
2022-04-24 03:15:00,CVaR-DFL-FRO,24.733072246324166,33
2022-04-24 03:30:00,CVaR-DFL-FRO,22.538426397254263,33
2022-04-24 03:45:00,CVaR-DFL-FRO,43.91190370202475,33
2022-04-24 04:00:00,CVaR-DFL-FRO,43.02337813214899,33
2022-04-24 04:15:00,CVaR-DFL-FRO,60.532388402391355,33
2022-04-24 04:30:00,CVaR-DFL-FRO,27.890695634876522,33
2022-04-24 04:45:00,CVaR-DFL-FRO,36.92572138841019,33
2022-04-24 05:00:00,CVaR-DFL-FRO,23.12759975285653,33
2022-04-24 05:15:00,CVaR-DFL-FRO,31.09609817813982,33
2022-04-24 05:30:00,CVaR-DFL-FRO,29.372512484306405,33
2022-04-24 05:45:00,CVaR-DFL-FRO,39.84956388405523,33
2022-04-24 06:00:00,CVaR-DFL-FRO,47.30132673969825,33
2022-04-24 06:15:00,CVaR-DFL-FRO,46.92197757758157,33
2022-04-24 06:30:00,CVaR-DFL-FRO,26.563910359725092,33
2022-04-24 06:45:00,CVaR-DFL-FRO,47.02983949108956,33
2022-04-24 07:00:00,CVaR-DFL-FRO,34.03353291958753,33
2022-04-24 07:15:00,CVaR-DFL-FRO,31.196997599789608,33
2022-04-24 07:30:00,CVaR-DFL-FRO,27.694069310958895,33
2022-04-24 07:45:00,CVaR-DFL-FRO,29.000457341423445,33
2022-04-24 08:00:00,CVaR-DFL-FRO,59.23715717466821,33
2022-04-24 08:15:00,CVaR-DFL-FRO,37.95466712681653,33
2022-04-24 08:30:00,CVaR-DFL-FRO,36.42275305482882,33
2022-04-24 08:45:00,CVaR-DFL-FRO,31.806319475666086,33
2022-04-24 09:00:00,CVaR-DFL-FRO,73.68874894919955,33
2022-04-24 09:15:00,CVaR-DFL-FRO,51.721956722398104,33
2022-04-24 09:30:00,CVaR-DFL-FRO,27.586448270472967,33
2022-04-24 09:45:00,CVaR-DFL-FRO,31.69434229255926,33
2022-04-24 10:00:00,CVaR-DFL-FRO,32.28352288670334,33
2022-04-24 10:15:00,CVaR-DFL-FRO,36.09944757745018,33
2022-04-24 10:30:00,CVaR-DFL-FRO,27.756734572376246,33
2022-04-24 10:45:00,CVaR-DFL-FRO,39.53392184012923,33
2022-04-24 11:00:00,CVaR-DFL-FRO,54.13662553878508,33
2022-04-24 11:15:00,CVaR-DFL-FRO,22.953953744800305,33
2022-04-24 11:30:00,CVaR-DFL-FRO,24.31352863963551,33
2022-04-24 11:45:00,CVaR-DFL-FRO,29.699510170119172,33
2022-04-24 12:00:00,CVaR-DFL-FRO,30.129777137154083,33
2022-04-24 12:15:00,CVaR-DFL-FRO,64.1366659018904,33
2022-04-24 12:30:00,CVaR-DFL-FRO,47.077154980470965,33
2022-04-24 12:45:00,CVaR-DFL-FRO,46.24643877321013,33
2022-04-24 13:00:00,CVaR-DFL-FRO,31.785418912273144,33
2022-04-24 13:15:00,CVaR-DFL-FRO,31.56972907257226,33
2022-04-24 13:30:00,CVaR-DFL-FRO,21.9914523103706,33
2022-04-24 13:45:00,CVaR-DFL-FRO,43.97168341918952,33
2022-04-24 14:00:00,CVaR-DFL-FRO,40.179830555351785,33
2022-04-24 14:15:00,CVaR-DFL-FRO,51.41777130856949,33
2022-04-24 14:30:00,CVaR-DFL-FRO,32.31774211803109,33
2022-04-24 14:45:00,CVaR-DFL-FRO,33.01751714436605,33
2022-04-24 15:00:00,CVaR-DFL-FRO,36.37119202248772,33
2022-04-24 15:15:00,CVaR-DFL-FRO,45.500371196740794,33
2022-04-24 15:30:00,CVaR-DFL-FRO,21.865528163058443,33
2022-04-24 15:45:00,CVaR-DFL-FRO,43.35287767097859,33
2022-04-24 16:00:00,CVaR-DFL-FRO,34.283514173013806,33
2022-04-24 16:15:00,CVaR-DFL-FRO,24.8435253427489,33
2022-04-24 16:30:00,CVaR-DFL-FRO,18.070961078433523,33
2022-04-24 16:45:00,CVaR-DFL-FRO,33.071906383857986,33
2022-04-24 17:00:00,CVaR-DFL-FRO,54.06319453338481,33
2022-04-24 17:15:00,CVaR-DFL-FRO,58.0072551418576,33
2022-04-24 17:30:00,CVaR-DFL-FRO,38.52367608771937,33
2022-04-24 17:45:00,CVaR-DFL-FRO,63.41528964269952,33
2022-04-24 18:00:00,CVaR-DFL-FRO,34.045614419703874,33
2022-04-24 18:15:00,CVaR-DFL-FRO,46.3754739100838,33
2022-04-24 18:30:00,CVaR-DFL-FRO,29.995147499299105,33
2022-04-24 18:45:00,CVaR-DFL-FRO,29.41123341982875,33
2022-04-24 19:00:00,CVaR-DFL-FRO,27.961716101641994,33
2022-04-24 19:15:00,CVaR-DFL-FRO,18.206446719535798,33
2022-04-24 19:30:00,CVaR-DFL-FRO,51.4352395731973,33
2022-04-24 19:45:00,CVaR-DFL-FRO,28.274673588749838,33
2022-04-24 20:00:00,CVaR-DFL-FRO,26.90706868060835,33
2022-04-24 20:15:00,CVaR-DFL-FRO,23.925744162128822,33
2022-04-24 20:30:00,CVaR-DFL-FRO,32.382678785908496,33
2022-04-24 20:45:00,CVaR-DFL-FRO,59.62764396811208,33
2022-04-24 21:00:00,CVaR-DFL-FRO,66.06146459192973,33
2022-04-24 21:15:00,CVaR-DFL-FRO,20.609759645086893,33
2022-04-24 21:30:00,CVaR-DFL-FRO,30.909420765166875,33
2022-04-24 21:45:00,CVaR-DFL-FRO,25.03136174038362,33
2022-04-24 22:00:00,CVaR-DFL-FRO,46.88226956303128,33
2022-04-24 22:15:00,CVaR-DFL-FRO,37.71033732332697,33
2022-04-24 22:30:00,CVaR-DFL-FRO,28.31912099437646,33
2022-04-24 22:45:00,CVaR-DFL-FRO,35.287814693522684,33
2022-04-24 23:00:00,CVaR-DFL-FRO,29.75244397201874,33
2022-04-24 23:15:00,CVaR-DFL-FRO,56.92974464828722,33
2022-04-24 23:30:00,CVaR-DFL-FRO,40.88277304386165,33
2022-04-24 23:45:00,CVaR-DFL-FRO,42.4711663513102,33
2022-04-24 06:30:00,CVaR-DFL-RTRO,27.14285666470883,33
2022-04-24 15:00:00,CVaR-DFL-RTRO,45.205582801413335,33
2022-04-24 15:30:00,CVaR-DFL-RTRO,43.020794838242196,33
2022-04-24 16:15:00,CVaR-DFL-RTRO,70.9522938315322,33
2022-04-24 16:45:00,CVaR-DFL-RTRO,39.32294069118394,33
2022-04-24 17:00:00,CVaR-DFL-RTRO,40.02782370330446,33
2022-04-24 19:00:00,CVaR-DFL-RTRO,54.66132400605577,33
2022-04-24 22:15:00,CVaR-DFL-RTRO,28.193336925175153,33
2022-04-25 00:00:00,LSTM-FRO,23.97590138569779,33
2022-04-25 00:15:00,LSTM-FRO,25.960651873847155,33
2022-04-25 00:30:00,LSTM-FRO,33.26275753020956,33
2022-04-25 00:45:00,LSTM-FRO,30.89428214407909,33
2022-04-25 01:00:00,LSTM-FRO,22.27589644411863,33
2022-04-25 01:15:00,LSTM-FRO,27.82045083212135,33
2022-04-25 01:30:00,LSTM-FRO,39.08015863832161,33
2022-04-25 01:45:00,LSTM-FRO,21.818284977305137,33
2022-04-25 02:00:00,LSTM-FRO,27.879651679033998,33
2022-04-25 02:15:00,LSTM-FRO,25.609499768210217,33
2022-04-25 02:30:00,LSTM-FRO,26.460092235024906,33
2022-04-25 02:45:00,LSTM-FRO,17.85161774686595,33
2022-04-25 03:00:00,LSTM-FRO,38.30622174454033,33
2022-04-25 03:15:00,LSTM-FRO,22.13280998958888,33
2022-04-25 03:30:00,LSTM-FRO,34.7798964303994,33
2022-04-25 03:45:00,LSTM-FRO,22.999305964118612,33
2022-04-25 04:00:00,LSTM-FRO,22.97548403392879,33
2022-04-25 04:15:00,LSTM-FRO,36.45202033468005,33
2022-04-25 04:30:00,LSTM-FRO,34.4999962224154,33
2022-04-25 04:45:00,LSTM-FRO,28.327637294896604,33
2022-04-25 05:00:00,LSTM-FRO,32.54206817527686,33
2022-04-25 05:15:00,LSTM-FRO,25.00350796762464,33
2022-04-25 05:30:00,LSTM-FRO,26.825523787533882,33
2022-04-25 05:45:00,LSTM-FRO,22.768095508622316,33
2022-04-25 06:00:00,LSTM-FRO,33.730783876896396,33
2022-04-25 06:15:00,LSTM-FRO,22.5871224555866,33
2022-04-25 06:30:00,LSTM-FRO,39.02834092170413,33
2022-04-25 06:45:00,LSTM-FRO,24.832851008940047,33
2022-04-25 07:00:00,LSTM-FRO,27.02069066876588,33
2022-04-25 07:15:00,LSTM-FRO,32.522283677196576,33
2022-04-25 07:30:00,LSTM-FRO,27.043463959481755,33
2022-04-25 07:45:00,LSTM-FRO,24.944853302723377,33
2022-04-25 08:00:00,LSTM-FRO,26.68008314300668,33
2022-04-25 08:15:00,LSTM-FRO,33.64412949808809,33
2022-04-25 08:30:00,LSTM-FRO,22.761078680719468,33
2022-04-25 08:45:00,LSTM-FRO,26.043387192007124,33
2022-04-25 09:00:00,LSTM-FRO,26.951442035002188,33
2022-04-25 09:15:00,LSTM-FRO,33.398129358052955,33
2022-04-25 09:30:00,LSTM-FRO,26.216506750525046,33
2022-04-25 09:45:00,LSTM-FRO,42.32635020374419,33
2022-04-25 10:00:00,LSTM-FRO,25.84602918098807,33
2022-04-25 10:15:00,LSTM-FRO,25.324854963253838,33
2022-04-25 10:30:00,LSTM-FRO,25.752160329298583,33
2022-04-25 10:45:00,LSTM-FRO,19.315825991118224,33
2022-04-25 11:00:00,LSTM-FRO,20.721970538416816,33
2022-04-25 11:15:00,LSTM-FRO,23.52904952356811,33
2022-04-25 11:30:00,LSTM-FRO,35.75153298572842,33
2022-04-25 11:45:00,LSTM-FRO,26.65931066108428,33
2022-04-25 12:00:00,LSTM-FRO,23.802469750520885,33
2022-04-25 12:15:00,LSTM-FRO,36.57495462200704,33
2022-04-25 12:30:00,LSTM-FRO,39.68058126505453,33
2022-04-25 12:45:00,LSTM-FRO,36.840789315924916,33
2022-04-25 13:00:00,LSTM-FRO,21.6996191733908,33
2022-04-25 13:15:00,LSTM-FRO,23.739188601796698,33
2022-04-25 13:30:00,LSTM-FRO,42.38416081567407,33
2022-04-25 13:45:00,LSTM-FRO,28.55951432685839,33
2022-04-25 14:00:00,LSTM-FRO,25.135201788836657,33
2022-04-25 14:15:00,LSTM-FRO,32.19427030561149,33
2022-04-25 14:30:00,LSTM-FRO,34.616373115136184,33
2022-04-25 14:45:00,LSTM-FRO,23.289386072114837,33
2022-04-25 15:00:00,LSTM-FRO,28.40435932926494,33
2022-04-25 15:15:00,LSTM-FRO,33.92180637417035,33
2022-04-25 15:30:00,LSTM-FRO,20.089071054581776,33
2022-04-25 15:45:00,LSTM-FRO,26.965374776413885,33
2022-04-25 16:00:00,LSTM-FRO,20.321878111437265,33
2022-04-25 16:15:00,LSTM-FRO,21.000292700314397,33
2022-04-25 16:30:00,LSTM-FRO,23.33825314516832,33
2022-04-25 16:45:00,LSTM-FRO,30.30250894262471,33
2022-04-25 17:00:00,LSTM-FRO,24.794301858268188,33
2022-04-25 17:15:00,LSTM-FRO,22.843703870357455,33
2022-04-25 17:30:00,LSTM-FRO,27.232106991229017,33
2022-04-25 17:45:00,LSTM-FRO,20.156380741620747,33
2022-04-25 18:00:00,LSTM-FRO,29.93717991950802,33
2022-04-25 18:15:00,LSTM-FRO,35.71167822376521,33
2022-04-25 18:30:00,LSTM-FRO,26.352708029779517,33
2022-04-25 18:45:00,LSTM-FRO,25.54857189090997,33
2022-04-25 19:00:00,LSTM-FRO,29.52398222798734,33
2022-04-25 19:15:00,LSTM-FRO,16.15496545265137,33
2022-04-25 19:30:00,LSTM-FRO,30.760059469961618,33
2022-04-25 19:45:00,LSTM-FRO,58.56585431352152,33
2022-04-25 20:00:00,LSTM-FRO,26.066677777669355,33
2022-04-25 20:15:00,LSTM-FRO,26.08992632382824,33
2022-04-25 20:30:00,LSTM-FRO,32.39906372454076,33
2022-04-25 20:45:00,LSTM-FRO,40.62967604651006,33
2022-04-25 21:00:00,LSTM-FRO,34.336548862032,33
2022-04-25 21:15:00,LSTM-FRO,15.64749551024266,33
2022-04-25 21:30:00,LSTM-FRO,30.966007416271648,33
2022-04-25 21:45:00,LSTM-FRO,51.27030667503004,33
2022-04-25 22:00:00,LSTM-FRO,31.428402555970774,33
2022-04-25 22:15:00,LSTM-FRO,20.117763064972078,33
2022-04-25 22:30:00,LSTM-FRO,28.85273913878103,33
2022-04-25 22:45:00,LSTM-FRO,19.490958592229973,33
2022-04-25 23:00:00,LSTM-FRO,36.63255997877161,33
2022-04-25 23:15:00,LSTM-FRO,21.146822520880917,33
2022-04-25 23:30:00,LSTM-FRO,27.387659965829194,33
2022-04-25 23:45:00,LSTM-FRO,21.67408553626663,33
2022-04-25 00:00:00,Transformer-FRO,42.263169830329986,33
2022-04-25 00:15:00,Transformer-FRO,29.53034292310595,33
2022-04-25 00:30:00,Transformer-FRO,24.868633220517463,33
2022-04-25 00:45:00,Transformer-FRO,21.36310992818928,33
2022-04-25 01:00:00,Transformer-FRO,17.695480252965833,33
2022-04-25 01:15:00,Transformer-FRO,20.78369544086267,33
2022-04-25 01:30:00,Transformer-FRO,29.595510673935173,33
2022-04-25 01:45:00,Transformer-FRO,37.06764443226649,33
2022-04-25 02:00:00,Transformer-FRO,24.861225667089194,33
2022-04-25 02:15:00,Transformer-FRO,43.19812069206772,33
2022-04-25 02:30:00,Transformer-FRO,23.86861975302562,33
2022-04-25 02:45:00,Transformer-FRO,27.02828737015624,33
2022-04-25 03:00:00,Transformer-FRO,21.729859326703114,33
2022-04-25 03:15:00,Transformer-FRO,37.16896387510758,33
2022-04-25 03:30:00,Transformer-FRO,49.52246027055168,33
2022-04-25 03:45:00,Transformer-FRO,18.206880151856105,33
2022-04-25 04:00:00,Transformer-FRO,26.280923355001423,33
2022-04-25 04:15:00,Transformer-FRO,39.90573812852846,33
2022-04-25 04:30:00,Transformer-FRO,19.755616146560136,33
2022-04-25 04:45:00,Transformer-FRO,33.29880045202017,33
2022-04-25 05:00:00,Transformer-FRO,39.46015942129312,33
2022-04-25 05:15:00,Transformer-FRO,29.33781301068047,33
2022-04-25 05:30:00,Transformer-FRO,33.15733182331026,33
2022-04-25 05:45:00,Transformer-FRO,45.38366534484087,33
2022-04-25 06:00:00,Transformer-FRO,47.64475522595844,33
2022-04-25 06:15:00,Transformer-FRO,28.290552640805277,33
2022-04-25 06:30:00,Transformer-FRO,25.0421962253127,33
2022-04-25 06:45:00,Transformer-FRO,22.647890543686103,33
2022-04-25 07:00:00,Transformer-FRO,37.03623439562721,33
2022-04-25 07:15:00,Transformer-FRO,20.144423431216946,33
2022-04-25 07:30:00,Transformer-FRO,26.926430621536465,33
2022-04-25 07:45:00,Transformer-FRO,29.52446797384636,33
2022-04-25 08:00:00,Transformer-FRO,25.23365295672471,33
2022-04-25 08:15:00,Transformer-FRO,30.91201158722018,33
2022-04-25 08:30:00,Transformer-FRO,55.89687008047357,33
2022-04-25 08:45:00,Transformer-FRO,27.85651862166308,33
2022-04-25 09:00:00,Transformer-FRO,25.679800595726956,33
2022-04-25 09:15:00,Transformer-FRO,37.40650112207631,33
2022-04-25 09:30:00,Transformer-FRO,30.5912030980986,33
2022-04-25 09:45:00,Transformer-FRO,41.753283521451685,33
2022-04-25 10:00:00,Transformer-FRO,30.002893536815773,33
2022-04-25 10:15:00,Transformer-FRO,26.955424607295477,33
2022-04-25 10:30:00,Transformer-FRO,18.103755038191903,33
2022-04-25 10:45:00,Transformer-FRO,18.89009891814018,33
2022-04-25 11:00:00,Transformer-FRO,17.861434211535276,33
2022-04-25 11:15:00,Transformer-FRO,31.720005992148515,33
2022-04-25 11:30:00,Transformer-FRO,20.194239089881133,33
2022-04-25 11:45:00,Transformer-FRO,39.81063763982081,33
2022-04-25 12:00:00,Transformer-FRO,28.975094123618923,33
2022-04-25 12:15:00,Transformer-FRO,26.98504772345159,33
2022-04-25 12:30:00,Transformer-FRO,23.099339536803658,33
2022-04-25 12:45:00,Transformer-FRO,33.78208171296644,33
2022-04-25 13:00:00,Transformer-FRO,23.33625999834915,33
2022-04-25 13:15:00,Transformer-FRO,22.2671095788492,33
2022-04-25 13:30:00,Transformer-FRO,39.122735361572026,33
2022-04-25 13:45:00,Transformer-FRO,31.51737015565032,33
2022-04-25 14:00:00,Transformer-FRO,27.049895973330777,33
2022-04-25 14:15:00,Transformer-FRO,33.95044404349163,33
2022-04-25 14:30:00,Transformer-FRO,28.815408838298595,33
2022-04-25 14:45:00,Transformer-FRO,31.75023597320434,33
2022-04-25 15:00:00,Transformer-FRO,23.261655251679237,33
2022-04-25 15:15:00,Transformer-FRO,49.17556467539079,33
2022-04-25 15:30:00,Transformer-FRO,24.737332893695612,33
2022-04-25 15:45:00,Transformer-FRO,43.03571853148013,33
2022-04-25 16:00:00,Transformer-FRO,27.37487197445003,33
2022-04-25 16:15:00,Transformer-FRO,35.44047340620051,33
2022-04-25 16:30:00,Transformer-FRO,34.77713686460412,33
2022-04-25 16:45:00,Transformer-FRO,38.70405335902596,33
2022-04-25 17:00:00,Transformer-FRO,23.11870056415076,33
2022-04-25 17:15:00,Transformer-FRO,37.995955496162345,33
2022-04-25 17:30:00,Transformer-FRO,46.401415417074,33
2022-04-25 17:45:00,Transformer-FRO,26.883746034543265,33
2022-04-25 18:00:00,Transformer-FRO,29.008615574942333,33
2022-04-25 18:15:00,Transformer-FRO,25.10025207172699,33
2022-04-25 18:30:00,Transformer-FRO,26.27905513917032,33
2022-04-25 18:45:00,Transformer-FRO,44.805165374102664,33
2022-04-25 19:00:00,Transformer-FRO,22.158510859539362,33
2022-04-25 19:15:00,Transformer-FRO,22.518263767092993,33
2022-04-25 19:30:00,Transformer-FRO,43.65250355400808,33
2022-04-25 19:45:00,Transformer-FRO,33.802142600039964,33
2022-04-25 20:00:00,Transformer-FRO,49.8168479465644,33
2022-04-25 20:15:00,Transformer-FRO,25.579903703398237,33
2022-04-25 20:30:00,Transformer-FRO,29.70561221579374,33
2022-04-25 20:45:00,Transformer-FRO,24.222876986931496,33
2022-04-25 21:00:00,Transformer-FRO,29.836988788491738,33
2022-04-25 21:15:00,Transformer-FRO,18.14900477005435,33
2022-04-25 21:30:00,Transformer-FRO,34.33571219176276,33
2022-04-25 21:45:00,Transformer-FRO,31.26387170124491,33
2022-04-25 22:00:00,Transformer-FRO,28.32293735359804,33
2022-04-25 22:15:00,Transformer-FRO,25.9814492490421,33
2022-04-25 22:30:00,Transformer-FRO,22.79650456076374,33
2022-04-25 22:45:00,Transformer-FRO,34.71848147281721,33
2022-04-25 23:00:00,Transformer-FRO,21.220341538417777,33
2022-04-25 23:15:00,Transformer-FRO,32.829129710034714,33
2022-04-25 23:30:00,Transformer-FRO,49.22726481087969,33
2022-04-25 23:45:00,Transformer-FRO,42.25627622688979,33
2022-04-25 00:00:00,DFL-FRO,25.032739955870436,33
2022-04-25 00:15:00,DFL-FRO,32.693937306289705,33
2022-04-25 00:30:00,DFL-FRO,28.507447923561923,33
2022-04-25 00:45:00,DFL-FRO,19.68382078305929,33
2022-04-25 01:00:00,DFL-FRO,32.36638810734766,33
2022-04-25 01:15:00,DFL-FRO,28.990221896829198,33
2022-04-25 01:30:00,DFL-FRO,49.560204904482845,33
2022-04-25 01:45:00,DFL-FRO,27.090582533503788,33
2022-04-25 02:00:00,DFL-FRO,40.25447010737589,33
2022-04-25 02:15:00,DFL-FRO,20.423129069112548,33
2022-04-25 02:30:00,DFL-FRO,21.830080796883813,33
2022-04-25 02:45:00,DFL-FRO,35.546628905455826,33
2022-04-25 03:00:00,DFL-FRO,39.3201844582852,33
2022-04-25 03:15:00,DFL-FRO,22.26390162323876,33
2022-04-25 03:30:00,DFL-FRO,29.26695839957947,33
2022-04-25 03:45:00,DFL-FRO,19.781842915737908,33
2022-04-25 04:00:00,DFL-FRO,27.6396646866951,33
2022-04-25 04:15:00,DFL-FRO,36.706852324764796,33
2022-04-25 04:30:00,DFL-FRO,25.75286943259987,33
2022-04-25 04:45:00,DFL-FRO,27.122261330276512,33
2022-04-25 05:00:00,DFL-FRO,21.21960589562377,33
2022-04-25 05:15:00,DFL-FRO,24.266113753413144,33
2022-04-25 05:30:00,DFL-FRO,47.44912480681955,33
2022-04-25 05:45:00,DFL-FRO,29.668053480804836,33
2022-04-25 06:00:00,DFL-FRO,21.986986563505873,33
2022-04-25 06:15:00,DFL-FRO,26.629956392743594,33
2022-04-25 06:30:00,DFL-FRO,18.62709088401634,33
2022-04-25 06:45:00,DFL-FRO,21.914491886452712,33
2022-04-25 07:00:00,DFL-FRO,42.470798334278754,33
2022-04-25 07:15:00,DFL-FRO,27.939634668037474,33
2022-04-25 07:30:00,DFL-FRO,49.23541774200918,33
2022-04-25 07:45:00,DFL-FRO,28.309023768856513,33
2022-04-25 08:00:00,DFL-FRO,28.781251473152388,33
2022-04-25 08:15:00,DFL-FRO,34.755536732149004,33
2022-04-25 08:30:00,DFL-FRO,13.804811761030765,33
2022-04-25 08:45:00,DFL-FRO,30.779763490932115,33
2022-04-25 09:00:00,DFL-FRO,28.67711692207956,33
2022-04-25 09:15:00,DFL-FRO,43.98477580407932,33
2022-04-25 09:30:00,DFL-FRO,38.03716086240748,33
2022-04-25 09:45:00,DFL-FRO,21.19657976352613,33
2022-04-25 10:00:00,DFL-FRO,41.09470521609753,33
2022-04-25 10:15:00,DFL-FRO,27.022080824900616,33
2022-04-25 10:30:00,DFL-FRO,22.59477119840507,33
2022-04-25 10:45:00,DFL-FRO,30.71262707987465,33
2022-04-25 11:00:00,DFL-FRO,27.474188419816546,33
2022-04-25 11:15:00,DFL-FRO,44.632063263967076,33
2022-04-25 11:30:00,DFL-FRO,31.965789375679023,33
2022-04-25 11:45:00,DFL-FRO,30.785936071358364,33
2022-04-25 12:00:00,DFL-FRO,37.36448332112539,33
2022-04-25 12:15:00,DFL-FRO,39.420466509703765,33
2022-04-25 12:30:00,DFL-FRO,36.16551907200166,33
2022-04-25 12:45:00,DFL-FRO,43.17630834654639,33
2022-04-25 13:00:00,DFL-FRO,34.44496705048807,33
2022-04-25 13:15:00,DFL-FRO,30.461602548256867,33
2022-04-25 13:30:00,DFL-FRO,41.060748361212504,33
2022-04-25 13:45:00,DFL-FRO,28.34416269431122,33
2022-04-25 14:00:00,DFL-FRO,29.341831902753118,33
2022-04-25 14:15:00,DFL-FRO,46.96852333686405,33
2022-04-25 14:30:00,DFL-FRO,45.682203872346605,33
2022-04-25 14:45:00,DFL-FRO,29.005098575812436,33
2022-04-25 15:00:00,DFL-FRO,25.619786977998235,33
2022-04-25 15:15:00,DFL-FRO,43.70541422698943,33
2022-04-25 15:30:00,DFL-FRO,36.335356316115686,33
2022-04-25 15:45:00,DFL-FRO,31.74351606523201,33
2022-04-25 16:00:00,DFL-FRO,26.577316600618705,33
2022-04-25 16:15:00,DFL-FRO,31.886385073410082,33
2022-04-25 16:30:00,DFL-FRO,28.89592761143644,33
2022-04-25 16:45:00,DFL-FRO,24.158300406708424,33
2022-04-25 17:00:00,DFL-FRO,30.135632900915432,33
2022-04-25 17:15:00,DFL-FRO,31.30293544272264,33
2022-04-25 17:30:00,DFL-FRO,26.18387504397261,33
2022-04-25 17:45:00,DFL-FRO,37.397593112746996,33
2022-04-25 18:00:00,DFL-FRO,41.6329028327224,33
2022-04-25 18:15:00,DFL-FRO,38.092511335823545,33
2022-04-25 18:30:00,DFL-FRO,26.917364156928326,33
2022-04-25 18:45:00,DFL-FRO,35.886604352795885,33
2022-04-25 19:00:00,DFL-FRO,29.709720422952614,33
2022-04-25 19:15:00,DFL-FRO,20.60228088473908,33
2022-04-25 19:30:00,DFL-FRO,35.065227358002026,33
2022-04-25 19:45:00,DFL-FRO,30.27948222666796,33
2022-04-25 20:00:00,DFL-FRO,59.88689292302866,33
2022-04-25 20:15:00,DFL-FRO,43.633586413416644,33
2022-04-25 20:30:00,DFL-FRO,35.4426588747316,33
2022-04-25 20:45:00,DFL-FRO,31.16148038613251,33
2022-04-25 21:00:00,DFL-FRO,30.428268453135285,33
2022-04-25 21:15:00,DFL-FRO,21.97852317041424,33
2022-04-25 21:30:00,DFL-FRO,17.90662187929206,33
2022-04-25 21:45:00,DFL-FRO,22.796476962043783,33
2022-04-25 22:00:00,DFL-FRO,28.687263116038363,33
2022-04-25 22:15:00,DFL-FRO,16.16791367933044,33
2022-04-25 22:30:00,DFL-FRO,24.97989530825859,33
2022-04-25 22:45:00,DFL-FRO,27.133008151771996,33
2022-04-25 23:00:00,DFL-FRO,27.377457517851294,33
2022-04-25 23:15:00,DFL-FRO,24.175907805872193,33
2022-04-25 23:30:00,DFL-FRO,26.432253301022836,33
2022-04-25 23:45:00,DFL-FRO,46.99885700138047,33
2022-04-25 00:00:00,CVaR-DFL-FRO,33.47549515950405,33
2022-04-25 00:15:00,CVaR-DFL-FRO,38.99504166914432,33
2022-04-25 00:30:00,CVaR-DFL-FRO,39.48238298742282,33
2022-04-25 00:45:00,CVaR-DFL-FRO,31.38694470400645,33
2022-04-25 01:00:00,CVaR-DFL-FRO,31.37550754651327,33
2022-04-25 01:15:00,CVaR-DFL-FRO,54.49657306225303,33
2022-04-25 01:30:00,CVaR-DFL-FRO,34.96706877555803,33
2022-04-25 01:45:00,CVaR-DFL-FRO,28.361304470872458,33
2022-04-25 02:00:00,CVaR-DFL-FRO,39.301186988848706,33
2022-04-25 02:15:00,CVaR-DFL-FRO,41.315967638618105,33
2022-04-25 02:30:00,CVaR-DFL-FRO,21.59879063823877,33
2022-04-25 02:45:00,CVaR-DFL-FRO,39.33038671494751,33
2022-04-25 03:00:00,CVaR-DFL-FRO,52.13912979491177,33
2022-04-25 03:15:00,CVaR-DFL-FRO,45.815629861839625,33
2022-04-25 03:30:00,CVaR-DFL-FRO,79.5509621276448,33
2022-04-25 03:45:00,CVaR-DFL-FRO,58.71972755523427,33
2022-04-25 04:00:00,CVaR-DFL-FRO,62.436357257553546,33
2022-04-25 04:15:00,CVaR-DFL-FRO,94.94727808798959,33
2022-04-25 04:30:00,CVaR-DFL-FRO,50.3926141685819,33
2022-04-25 04:45:00,CVaR-DFL-FRO,41.89759225348558,33
2022-04-25 05:00:00,CVaR-DFL-FRO,53.878215809622795,33
2022-04-25 05:15:00,CVaR-DFL-FRO,33.48655046377525,33
2022-04-25 05:30:00,CVaR-DFL-FRO,41.18385723979804,33
2022-04-25 05:45:00,CVaR-DFL-FRO,32.57974734385674,33
2022-04-25 06:00:00,CVaR-DFL-FRO,45.065045902523245,33
2022-04-25 06:15:00,CVaR-DFL-FRO,32.53751136059056,33
2022-04-25 06:30:00,CVaR-DFL-FRO,32.1859295874974,33
2022-04-25 06:45:00,CVaR-DFL-FRO,45.282110899711235,33
2022-04-25 07:00:00,CVaR-DFL-FRO,38.16487153898104,33
2022-04-25 07:15:00,CVaR-DFL-FRO,21.903680446854676,33
2022-04-25 07:30:00,CVaR-DFL-FRO,25.357493529561594,33
2022-04-25 07:45:00,CVaR-DFL-FRO,27.90250959293458,33
2022-04-25 08:00:00,CVaR-DFL-FRO,30.286738644896463,33
2022-04-25 08:15:00,CVaR-DFL-FRO,45.29545904954337,33
2022-04-25 08:30:00,CVaR-DFL-FRO,42.63010712735044,33
2022-04-25 08:45:00,CVaR-DFL-FRO,55.43021389933609,33
2022-04-25 09:00:00,CVaR-DFL-FRO,50.30897487358178,33
2022-04-25 09:15:00,CVaR-DFL-FRO,55.54423260139017,33
2022-04-25 09:30:00,CVaR-DFL-FRO,48.1048917170205,33
2022-04-25 09:45:00,CVaR-DFL-FRO,42.507822382712504,33
2022-04-25 10:00:00,CVaR-DFL-FRO,56.019242577305334,33
2022-04-25 10:15:00,CVaR-DFL-FRO,52.97774757797579,33
2022-04-25 10:30:00,CVaR-DFL-FRO,44.76005567972094,33
2022-04-25 10:45:00,CVaR-DFL-FRO,59.0845085487321,33
2022-04-25 11:00:00,CVaR-DFL-FRO,19.238120793716064,33
2022-04-25 11:15:00,CVaR-DFL-FRO,36.39846606995091,33
2022-04-25 11:30:00,CVaR-DFL-FRO,36.225800186657096,33
2022-04-25 11:45:00,CVaR-DFL-FRO,56.95379985508743,33
2022-04-25 12:00:00,CVaR-DFL-FRO,64.85405123367399,33
2022-04-25 12:15:00,CVaR-DFL-FRO,25.39983279906193,33
2022-04-25 12:30:00,CVaR-DFL-FRO,61.70908543510038,33
2022-04-25 12:45:00,CVaR-DFL-FRO,27.69399403180561,33
2022-04-25 13:00:00,CVaR-DFL-FRO,27.954940329237534,33
2022-04-25 13:15:00,CVaR-DFL-FRO,37.03838569051046,33
2022-04-25 13:30:00,CVaR-DFL-FRO,36.08653135374439,33
2022-04-25 13:45:00,CVaR-DFL-FRO,24.56108921082723,33
2022-04-25 14:00:00,CVaR-DFL-FRO,48.72795807545266,33
2022-04-25 14:15:00,CVaR-DFL-FRO,49.176332363504834,33
2022-04-25 14:30:00,CVaR-DFL-FRO,55.237301451928445,33
2022-04-25 14:45:00,CVaR-DFL-FRO,34.8190804254497,33
2022-04-25 15:00:00,CVaR-DFL-FRO,39.344587635136136,33
2022-04-25 15:15:00,CVaR-DFL-FRO,39.45649960433728,33
2022-04-25 15:30:00,CVaR-DFL-FRO,67.24299617877953,33
2022-04-25 15:45:00,CVaR-DFL-FRO,16.532988198892895,33
2022-04-25 16:00:00,CVaR-DFL-FRO,29.599608654276807,33
2022-04-25 16:15:00,CVaR-DFL-FRO,39.89924128047519,33
2022-04-25 16:30:00,CVaR-DFL-FRO,28.441716129804703,33
2022-04-25 16:45:00,CVaR-DFL-FRO,36.763240460254465,33
2022-04-25 17:00:00,CVaR-DFL-FRO,38.30289033362243,33
2022-04-25 17:15:00,CVaR-DFL-FRO,32.479248833812136,33
2022-04-25 17:30:00,CVaR-DFL-FRO,40.63536863688824,33
2022-04-25 17:45:00,CVaR-DFL-FRO,48.40058792390533,33
2022-04-25 18:00:00,CVaR-DFL-FRO,37.01563278521138,33
2022-04-25 18:15:00,CVaR-DFL-FRO,34.60650531509018,33
2022-04-25 18:30:00,CVaR-DFL-FRO,37.834157857949904,33
2022-04-25 18:45:00,CVaR-DFL-FRO,39.73893094617875,33
2022-04-25 19:00:00,CVaR-DFL-FRO,23.213431986846146,33
2022-04-25 19:15:00,CVaR-DFL-FRO,45.96261382134678,33
2022-04-25 19:30:00,CVaR-DFL-FRO,34.63006308794113,33
2022-04-25 19:45:00,CVaR-DFL-FRO,58.909956884733866,33
2022-04-25 20:00:00,CVaR-DFL-FRO,47.84676751458053,33
2022-04-25 20:15:00,CVaR-DFL-FRO,57.26177974776241,33
2022-04-25 20:30:00,CVaR-DFL-FRO,29.107329990350756,33
2022-04-25 20:45:00,CVaR-DFL-FRO,35.49604837075018,33
2022-04-25 21:00:00,CVaR-DFL-FRO,27.09054536637873,33
2022-04-25 21:15:00,CVaR-DFL-FRO,32.00408862736372,33
2022-04-25 21:30:00,CVaR-DFL-FRO,58.73787332656044,33
2022-04-25 21:45:00,CVaR-DFL-FRO,63.187678979587965,33
2022-04-25 22:00:00,CVaR-DFL-FRO,27.895007272231375,33
2022-04-25 22:15:00,CVaR-DFL-FRO,34.55197725541287,33
2022-04-25 22:30:00,CVaR-DFL-FRO,38.900216518575164,33
2022-04-25 22:45:00,CVaR-DFL-FRO,47.76596968804113,33
2022-04-25 23:00:00,CVaR-DFL-FRO,23.073491118680916,33
2022-04-25 23:15:00,CVaR-DFL-FRO,24.22372017080619,33
2022-04-25 23:30:00,CVaR-DFL-FRO,46.364649174367806,33
2022-04-25 23:45:00,CVaR-DFL-FRO,21.757950440955284,33
2022-04-25 02:15:00,CVaR-DFL-RTRO,33.2446174212713,33
2022-04-25 12:15:00,CVaR-DFL-RTRO,36.29029434914637,33
2022-04-25 16:00:00,CVaR-DFL-RTRO,37.315757776312815,33
2022-04-25 17:45:00,CVaR-DFL-RTRO,28.704018559103,33
2022-04-25 19:45:00,CVaR-DFL-RTRO,57.23863125234763,33
2022-04-25 20:45:00,CVaR-DFL-RTRO,50.963401462445766,33
2022-04-26 00:00:00,LSTM-FRO,31.450888096369802,33
2022-04-26 00:15:00,LSTM-FRO,28.312086142646315,33
2022-04-26 00:30:00,LSTM-FRO,32.07374543044371,33
2022-04-26 00:45:00,LSTM-FRO,19.103227875434964,33
2022-04-26 01:00:00,LSTM-FRO,25.810088018228978,33
2022-04-26 01:15:00,LSTM-FRO,26.3841166680618,33
2022-04-26 01:30:00,LSTM-FRO,31.308552169086607,33
2022-04-26 01:45:00,LSTM-FRO,22.864127654398402,33
2022-04-26 02:00:00,LSTM-FRO,14.29270933874992,33
2022-04-26 02:15:00,LSTM-FRO,20.405047212996042,33
2022-04-26 02:30:00,LSTM-FRO,26.364191146397747,33
2022-04-26 02:45:00,LSTM-FRO,27.204153823674318,33
2022-04-26 03:00:00,LSTM-FRO,40.8546362141864,33
2022-04-26 03:15:00,LSTM-FRO,30.988768929373325,33
2022-04-26 03:30:00,LSTM-FRO,27.324931879224092,33
2022-04-26 03:45:00,LSTM-FRO,26.55453847227083,33
2022-04-26 04:00:00,LSTM-FRO,35.32271975536842,33
2022-04-26 04:15:00,LSTM-FRO,23.085179969263116,33
2022-04-26 04:30:00,LSTM-FRO,25.844952937725893,33
2022-04-26 04:45:00,LSTM-FRO,20.366366134047173,33
2022-04-26 05:00:00,LSTM-FRO,38.2267049657946,33
2022-04-26 05:15:00,LSTM-FRO,29.543540162217244,33
2022-04-26 05:30:00,LSTM-FRO,22.414667228067188,33
2022-04-26 05:45:00,LSTM-FRO,26.013077542897197,33
2022-04-26 06:00:00,LSTM-FRO,30.42531242069739,33
2022-04-26 06:15:00,LSTM-FRO,25.138277988230005,33
2022-04-26 06:30:00,LSTM-FRO,23.40989215974487,33
2022-04-26 06:45:00,LSTM-FRO,22.71631329289482,33
2022-04-26 07:00:00,LSTM-FRO,29.149133155046812,33
2022-04-26 07:15:00,LSTM-FRO,24.46995977306661,33
2022-04-26 07:30:00,LSTM-FRO,23.889065362767976,33
2022-04-26 07:45:00,LSTM-FRO,19.142810930006533,33
2022-04-26 08:00:00,LSTM-FRO,27.298262899433027,33
2022-04-26 08:15:00,LSTM-FRO,25.580691988076154,33
2022-04-26 08:30:00,LSTM-FRO,24.694624252184074,33
2022-04-26 08:45:00,LSTM-FRO,28.141112085738726,33
2022-04-26 09:00:00,LSTM-FRO,32.30140306450903,33
2022-04-26 09:15:00,LSTM-FRO,31.927036047797223,33
2022-04-26 09:30:00,LSTM-FRO,30.75612442283768,33
2022-04-26 09:45:00,LSTM-FRO,25.201772088796098,33
2022-04-26 10:00:00,LSTM-FRO,23.21951102104848,33
2022-04-26 10:15:00,LSTM-FRO,20.599516346199245,33
2022-04-26 10:30:00,LSTM-FRO,23.067533902443408,33
2022-04-26 10:45:00,LSTM-FRO,26.90373540645459,33
2022-04-26 11:00:00,LSTM-FRO,21.97582337970862,33
2022-04-26 11:15:00,LSTM-FRO,27.42476298924877,33
2022-04-26 11:30:00,LSTM-FRO,21.009273497218928,33
2022-04-26 11:45:00,LSTM-FRO,17.643311786594108,33
2022-04-26 12:00:00,LSTM-FRO,32.88563355556412,33
2022-04-26 12:15:00,LSTM-FRO,23.765504528963106,33
2022-04-26 12:30:00,LSTM-FRO,21.697634632018037,33
2022-04-26 12:45:00,LSTM-FRO,20.342917022222284,33
2022-04-26 13:00:00,LSTM-FRO,29.770891798901335,33
2022-04-26 13:15:00,LSTM-FRO,37.806801173453415,33
2022-04-26 13:30:00,LSTM-FRO,24.194964130101763,33
2022-04-26 13:45:00,LSTM-FRO,25.3611163878333,33
2022-04-26 14:00:00,LSTM-FRO,35.03524787493524,33
2022-04-26 14:15:00,LSTM-FRO,16.993618481746537,33
2022-04-26 14:30:00,LSTM-FRO,43.86404148627085,33
2022-04-26 14:45:00,LSTM-FRO,49.446887794304295,33
2022-04-26 15:00:00,LSTM-FRO,13.570973445552648,33
2022-04-26 15:15:00,LSTM-FRO,26.124014032509933,33
2022-04-26 15:30:00,LSTM-FRO,22.350478202084858,33
2022-04-26 15:45:00,LSTM-FRO,25.049750675556194,33
2022-04-26 16:00:00,LSTM-FRO,24.102143824199125,33
2022-04-26 16:15:00,LSTM-FRO,32.82256328294997,33
2022-04-26 16:30:00,LSTM-FRO,26.02539078994568,33
2022-04-26 16:45:00,LSTM-FRO,21.298955473814775,33
2022-04-26 17:00:00,LSTM-FRO,25.63879968723167,33
2022-04-26 17:15:00,LSTM-FRO,30.46454701697477,33
2022-04-26 17:30:00,LSTM-FRO,19.889078811797415,33
2022-04-26 17:45:00,LSTM-FRO,17.70879970476275,33
2022-04-26 18:00:00,LSTM-FRO,44.14988545073903,33
2022-04-26 18:15:00,LSTM-FRO,22.783973818330214,33
2022-04-26 18:30:00,LSTM-FRO,25.863975313295747,33
2022-04-26 18:45:00,LSTM-FRO,24.227046210398186,33
2022-04-26 19:00:00,LSTM-FRO,30.720313613816078,33
2022-04-26 19:15:00,LSTM-FRO,41.77814525742738,33
2022-04-26 19:30:00,LSTM-FRO,30.966896262240507,33
2022-04-26 19:45:00,LSTM-FRO,18.28647641862336,33
2022-04-26 20:00:00,LSTM-FRO,18.913232978485304,33
2022-04-26 20:15:00,LSTM-FRO,24.21993519837811,33
2022-04-26 20:30:00,LSTM-FRO,25.027992972907168,33
2022-04-26 20:45:00,LSTM-FRO,17.375367339527475,33
2022-04-26 21:00:00,LSTM-FRO,32.885095288534,33
2022-04-26 21:15:00,LSTM-FRO,20.38139076097221,33
2022-04-26 21:30:00,LSTM-FRO,38.94734493197705,33
2022-04-26 21:45:00,LSTM-FRO,42.282943888840315,33
2022-04-26 22:00:00,LSTM-FRO,25.153841110751003,33
2022-04-26 22:15:00,LSTM-FRO,29.89023598643875,33
2022-04-26 22:30:00,LSTM-FRO,19.649740834525833,33
2022-04-26 22:45:00,LSTM-FRO,31.30882118311613,33
2022-04-26 23:00:00,LSTM-FRO,23.62406636834467,33
2022-04-26 23:15:00,LSTM-FRO,20.37671086927951,33
2022-04-26 23:30:00,LSTM-FRO,24.895760410280644,33
2022-04-26 23:45:00,LSTM-FRO,23.81726647410085,33
2022-04-26 00:00:00,Transformer-FRO,37.24202226926453,33
2022-04-26 00:15:00,Transformer-FRO,23.750392383872132,33
2022-04-26 00:30:00,Transformer-FRO,45.652460489506396,33
2022-04-26 00:45:00,Transformer-FRO,20.648752326517116,33
2022-04-26 01:00:00,Transformer-FRO,44.25861814429287,33
2022-04-26 01:15:00,Transformer-FRO,22.3685042764934,33
2022-04-26 01:30:00,Transformer-FRO,29.106074281825386,33
2022-04-26 01:45:00,Transformer-FRO,25.638985133858874,33
2022-04-26 02:00:00,Transformer-FRO,26.631357655738388,33
2022-04-26 02:15:00,Transformer-FRO,35.83701904445318,33
2022-04-26 02:30:00,Transformer-FRO,42.95173457731302,33
2022-04-26 02:45:00,Transformer-FRO,39.641746427891675,33
2022-04-26 03:00:00,Transformer-FRO,26.21260790599657,33
2022-04-26 03:15:00,Transformer-FRO,30.53832188048116,33
2022-04-26 03:30:00,Transformer-FRO,23.77028893676441,33
2022-04-26 03:45:00,Transformer-FRO,22.513733301335254,33
2022-04-26 04:00:00,Transformer-FRO,21.628297959272864,33
2022-04-26 04:15:00,Transformer-FRO,25.99119489032784,33
2022-04-26 04:30:00,Transformer-FRO,31.060163149995713,33
2022-04-26 04:45:00,Transformer-FRO,17.734713244649292,33
2022-04-26 05:00:00,Transformer-FRO,28.76591688807355,33
2022-04-26 05:15:00,Transformer-FRO,43.13250344817763,33
2022-04-26 05:30:00,Transformer-FRO,38.942763764734195,33
2022-04-26 05:45:00,Transformer-FRO,25.015260425098518,33
2022-04-26 06:00:00,Transformer-FRO,20.26784252114871,33
2022-04-26 06:15:00,Transformer-FRO,32.80011597989552,33
2022-04-26 06:30:00,Transformer-FRO,15.964358237368804,33
2022-04-26 06:45:00,Transformer-FRO,38.82423595196393,33
2022-04-26 07:00:00,Transformer-FRO,27.54529471815659,33
2022-04-26 07:15:00,Transformer-FRO,46.806393037186325,33
2022-04-26 07:30:00,Transformer-FRO,18.605380243423525,33
2022-04-26 07:45:00,Transformer-FRO,36.93877689471954,33
2022-04-26 08:00:00,Transformer-FRO,28.36483512461682,33
2022-04-26 08:15:00,Transformer-FRO,26.719042252086076,33
2022-04-26 08:30:00,Transformer-FRO,20.410379573228717,33
2022-04-26 08:45:00,Transformer-FRO,33.976600702540956,33
2022-04-26 09:00:00,Transformer-FRO,34.692205856625556,33
2022-04-26 09:15:00,Transformer-FRO,46.24939681247923,33
2022-04-26 09:30:00,Transformer-FRO,37.80992837889755,33
2022-04-26 09:45:00,Transformer-FRO,24.958824488374397,33
2022-04-26 10:00:00,Transformer-FRO,22.441978139697017,33
2022-04-26 10:15:00,Transformer-FRO,20.417535642637013,33
2022-04-26 10:30:00,Transformer-FRO,42.65650085735611,33
2022-04-26 10:45:00,Transformer-FRO,23.794359089868273,33
2022-04-26 11:00:00,Transformer-FRO,42.734050670640684,33
2022-04-26 11:15:00,Transformer-FRO,33.359666994858706,33
2022-04-26 11:30:00,Transformer-FRO,31.713584802636447,33
2022-04-26 11:45:00,Transformer-FRO,26.887092707798317,33
2022-04-26 12:00:00,Transformer-FRO,34.55338423845101,33
2022-04-26 12:15:00,Transformer-FRO,28.997175130052387,33
2022-04-26 12:30:00,Transformer-FRO,26.45597044467892,33
2022-04-26 12:45:00,Transformer-FRO,34.871370575243596,33
2022-04-26 13:00:00,Transformer-FRO,28.046987892291348,33
2022-04-26 13:15:00,Transformer-FRO,23.670307852113652,33
2022-04-26 13:30:00,Transformer-FRO,34.01255160444625,33
2022-04-26 13:45:00,Transformer-FRO,28.634712972592833,33
2022-04-26 14:00:00,Transformer-FRO,33.04835159406126,33
2022-04-26 14:15:00,Transformer-FRO,25.881673430324984,33
2022-04-26 14:30:00,Transformer-FRO,21.278874979206975,33
2022-04-26 14:45:00,Transformer-FRO,45.65306371585185,33
2022-04-26 15:00:00,Transformer-FRO,43.475915121935785,33
2022-04-26 15:15:00,Transformer-FRO,36.611150427080844,33
2022-04-26 15:30:00,Transformer-FRO,26.32871111605503,33
2022-04-26 15:45:00,Transformer-FRO,26.932794892232295,33
2022-04-26 16:00:00,Transformer-FRO,41.66295653286057,33
2022-04-26 16:15:00,Transformer-FRO,26.56170057117833,33
2022-04-26 16:30:00,Transformer-FRO,24.70989314618659,33
2022-04-26 16:45:00,Transformer-FRO,47.305806531430036,33
2022-04-26 17:00:00,Transformer-FRO,28.75604397623316,33
2022-04-26 17:15:00,Transformer-FRO,46.04954536020065,33
2022-04-26 17:30:00,Transformer-FRO,20.2598618273486,33
2022-04-26 17:45:00,Transformer-FRO,33.30015088563606,33
2022-04-26 18:00:00,Transformer-FRO,49.80868280594098,33
2022-04-26 18:15:00,Transformer-FRO,29.33916220479882,33
2022-04-26 18:30:00,Transformer-FRO,27.187569332988915,33
2022-04-26 18:45:00,Transformer-FRO,21.50834155304442,33
2022-04-26 19:00:00,Transformer-FRO,38.54529254144081,33
2022-04-26 19:15:00,Transformer-FRO,23.844050174780065,33
2022-04-26 19:30:00,Transformer-FRO,28.406787610038826,33
2022-04-26 19:45:00,Transformer-FRO,21.139305888521484,33
2022-04-26 20:00:00,Transformer-FRO,43.59198408755971,33
2022-04-26 20:15:00,Transformer-FRO,39.27712802903187,33
2022-04-26 20:30:00,Transformer-FRO,28.87627904488593,33
2022-04-26 20:45:00,Transformer-FRO,21.584333505261995,33
2022-04-26 21:00:00,Transformer-FRO,43.3554205607281,33
2022-04-26 21:15:00,Transformer-FRO,26.478489484465644,33
2022-04-26 21:30:00,Transformer-FRO,21.859983456231642,33
2022-04-26 21:45:00,Transformer-FRO,18.43657810061243,33
2022-04-26 22:00:00,Transformer-FRO,24.624134859212692,33
2022-04-26 22:15:00,Transformer-FRO,19.96655149193234,33
2022-04-26 22:30:00,Transformer-FRO,24.772341992827805,33
2022-04-26 22:45:00,Transformer-FRO,35.311761434100504,33
2022-04-26 23:00:00,Transformer-FRO,26.41356642250613,33
2022-04-26 23:15:00,Transformer-FRO,31.926358730812403,33
2022-04-26 23:30:00,Transformer-FRO,24.135096744318506,33
2022-04-26 23:45:00,Transformer-FRO,29.60982699425698,33
2022-04-26 00:00:00,DFL-FRO,32.699064702570965,33
2022-04-26 00:15:00,DFL-FRO,40.10807982221581,33
2022-04-26 00:30:00,DFL-FRO,23.29434472455285,33
2022-04-26 00:45:00,DFL-FRO,55.03894175081568,33
2022-04-26 01:00:00,DFL-FRO,31.54697538178539,33
2022-04-26 01:15:00,DFL-FRO,48.288419197813816,33
2022-04-26 01:30:00,DFL-FRO,34.81781882059721,33
2022-04-26 01:45:00,DFL-FRO,42.72885716031864,33
2022-04-26 02:00:00,DFL-FRO,43.44239836496397,33
2022-04-26 02:15:00,DFL-FRO,31.76544275011831,33
2022-04-26 02:30:00,DFL-FRO,48.84834702574648,33
2022-04-26 02:45:00,DFL-FRO,29.164683600412225,33
2022-04-26 03:00:00,DFL-FRO,44.75621365899273,33
2022-04-26 03:15:00,DFL-FRO,32.32112896280658,33
2022-04-26 03:30:00,DFL-FRO,39.7202310062315,33
2022-04-26 03:45:00,DFL-FRO,31.680998532456908,33
2022-04-26 04:00:00,DFL-FRO,36.539005373506626,33
2022-04-26 04:15:00,DFL-FRO,26.70856602838199,33
2022-04-26 04:30:00,DFL-FRO,38.60714916959074,33
2022-04-26 04:45:00,DFL-FRO,36.480119110955215,33
2022-04-26 05:00:00,DFL-FRO,30.998449169365873,33
2022-04-26 05:15:00,DFL-FRO,35.48536466810167,33
2022-04-26 05:30:00,DFL-FRO,37.40466313169524,33
2022-04-26 05:45:00,DFL-FRO,30.347150089304826,33
2022-04-26 06:00:00,DFL-FRO,34.763739300958974,33
2022-04-26 06:15:00,DFL-FRO,27.228143008234927,33
2022-04-26 06:30:00,DFL-FRO,69.27657933279151,33
2022-04-26 06:45:00,DFL-FRO,48.40407617505664,33
2022-04-26 07:00:00,DFL-FRO,38.88286028182715,33
2022-04-26 07:15:00,DFL-FRO,49.95240055159584,33
2022-04-26 07:30:00,DFL-FRO,20.757831110408908,33
2022-04-26 07:45:00,DFL-FRO,17.667756858359652,33
2022-04-26 08:00:00,DFL-FRO,32.239401702895655,33
2022-04-26 08:15:00,DFL-FRO,24.54011208830641,33
2022-04-26 08:30:00,DFL-FRO,33.73455444350074,33
2022-04-26 08:45:00,DFL-FRO,38.15900177369778,33
2022-04-26 09:00:00,DFL-FRO,46.568915865564996,33
2022-04-26 09:15:00,DFL-FRO,26.239609869111703,33
2022-04-26 09:30:00,DFL-FRO,40.278334763300926,33
2022-04-26 09:45:00,DFL-FRO,36.178463045657324,33
2022-04-26 10:00:00,DFL-FRO,39.697562566255385,33
2022-04-26 10:15:00,DFL-FRO,31.17500441490241,33
2022-04-26 10:30:00,DFL-FRO,52.977811544082286,33
2022-04-26 10:45:00,DFL-FRO,35.00920104824221,33
2022-04-26 11:00:00,DFL-FRO,59.07694844812876,33
2022-04-26 11:15:00,DFL-FRO,28.910581097736802,33
2022-04-26 11:30:00,DFL-FRO,44.32050974484428,33
2022-04-26 11:45:00,DFL-FRO,35.43950794016838,33
2022-04-26 12:00:00,DFL-FRO,32.88862395482621,33
2022-04-26 12:15:00,DFL-FRO,42.97646792645126,33
2022-04-26 12:30:00,DFL-FRO,33.15149217156289,33
2022-04-26 12:45:00,DFL-FRO,17.161723403423505,33
2022-04-26 13:00:00,DFL-FRO,15.347729382892325,33
2022-04-26 13:15:00,DFL-FRO,51.368355750760735,33
2022-04-26 13:30:00,DFL-FRO,50.76835187810602,33
2022-04-26 13:45:00,DFL-FRO,60.96946505773121,33
2022-04-26 14:00:00,DFL-FRO,35.85811392647732,33
2022-04-26 14:15:00,DFL-FRO,25.13480996060489,33
2022-04-26 14:30:00,DFL-FRO,32.057611838282554,33
2022-04-26 14:45:00,DFL-FRO,36.14858240572384,33
2022-04-26 15:00:00,DFL-FRO,27.2168684854724,33
2022-04-26 15:15:00,DFL-FRO,57.04494792834947,33
2022-04-26 15:30:00,DFL-FRO,67.25593138600917,33
2022-04-26 15:45:00,DFL-FRO,41.17083126392337,33
2022-04-26 16:00:00,DFL-FRO,35.92476803080977,33
2022-04-26 16:15:00,DFL-FRO,25.11848078133513,33
2022-04-26 16:30:00,DFL-FRO,55.444213858319756,33
2022-04-26 16:45:00,DFL-FRO,36.808087009882286,33
2022-04-26 17:00:00,DFL-FRO,33.2440837549372,33
2022-04-26 17:15:00,DFL-FRO,41.20403904395735,33
2022-04-26 17:30:00,DFL-FRO,30.60741108148552,33
2022-04-26 17:45:00,DFL-FRO,37.53905571274286,33
2022-04-26 18:00:00,DFL-FRO,24.10699703829332,33
2022-04-26 18:15:00,DFL-FRO,48.78279201572647,33
2022-04-26 18:30:00,DFL-FRO,35.00039884027462,33
2022-04-26 18:45:00,DFL-FRO,49.767445989177425,33
2022-04-26 19:00:00,DFL-FRO,34.06963144032562,33
2022-04-26 19:15:00,DFL-FRO,34.691730790825886,33
2022-04-26 19:30:00,DFL-FRO,25.703692462691528,33
2022-04-26 19:45:00,DFL-FRO,44.5300876754536,33
2022-04-26 20:00:00,DFL-FRO,28.23030752111815,33
2022-04-26 20:15:00,DFL-FRO,31.46606596462044,33
2022-04-26 20:30:00,DFL-FRO,36.044202345039906,33
2022-04-26 20:45:00,DFL-FRO,37.27169061335461,33
2022-04-26 21:00:00,DFL-FRO,22.399530902679547,33
2022-04-26 21:15:00,DFL-FRO,33.78911727093629,33
2022-04-26 21:30:00,DFL-FRO,44.972442899229954,33
2022-04-26 21:45:00,DFL-FRO,32.428188089483086,33
2022-04-26 22:00:00,DFL-FRO,33.846356744892965,33
2022-04-26 22:15:00,DFL-FRO,37.701868270283164,33
2022-04-26 22:30:00,DFL-FRO,34.7908558360078,33
2022-04-26 22:45:00,DFL-FRO,27.039394570646966,33
2022-04-26 23:00:00,DFL-FRO,35.67057634033563,33
2022-04-26 23:15:00,DFL-FRO,47.534640092042935,33
2022-04-26 23:30:00,DFL-FRO,26.884171763782565,33
2022-04-26 23:45:00,DFL-FRO,32.46305214054097,33
2022-04-26 00:00:00,CVaR-DFL-FRO,44.987477320524285,33
2022-04-26 00:15:00,CVaR-DFL-FRO,32.64469130410748,33
2022-04-26 00:30:00,CVaR-DFL-FRO,25.805138747537892,33
2022-04-26 00:45:00,CVaR-DFL-FRO,34.56905554927187,33
2022-04-26 01:00:00,CVaR-DFL-FRO,23.125515503911096,33
2022-04-26 01:15:00,CVaR-DFL-FRO,24.378678699356847,33
2022-04-26 01:30:00,CVaR-DFL-FRO,21.3563917791375,33
2022-04-26 01:45:00,CVaR-DFL-FRO,24.1282455958072,33
2022-04-26 02:00:00,CVaR-DFL-FRO,51.18405109150124,33
2022-04-26 02:15:00,CVaR-DFL-FRO,26.75968100064705,33
2022-04-26 02:30:00,CVaR-DFL-FRO,38.82149549380664,33
2022-04-26 02:45:00,CVaR-DFL-FRO,25.916643137808205,33
2022-04-26 03:00:00,CVaR-DFL-FRO,42.51974566229553,33
2022-04-26 03:15:00,CVaR-DFL-FRO,24.434812563273645,33
2022-04-26 03:30:00,CVaR-DFL-FRO,34.004906218786665,33
2022-04-26 03:45:00,CVaR-DFL-FRO,34.14893018838715,33
2022-04-26 04:00:00,CVaR-DFL-FRO,69.16539156709544,33
2022-04-26 04:15:00,CVaR-DFL-FRO,40.850320478068674,33
2022-04-26 04:30:00,CVaR-DFL-FRO,27.94939744598911,33
2022-04-26 04:45:00,CVaR-DFL-FRO,41.548475022234356,33
2022-04-26 05:00:00,CVaR-DFL-FRO,65.2137650972787,33
2022-04-26 05:15:00,CVaR-DFL-FRO,20.26237106161349,33
2022-04-26 05:30:00,CVaR-DFL-FRO,25.866997070931863,33
2022-04-26 05:45:00,CVaR-DFL-FRO,31.21320200106428,33
2022-04-26 06:00:00,CVaR-DFL-FRO,29.516215022562346,33
2022-04-26 06:15:00,CVaR-DFL-FRO,30.298624901237343,33
2022-04-26 06:30:00,CVaR-DFL-FRO,22.414700937288835,33
2022-04-26 06:45:00,CVaR-DFL-FRO,51.92968758176683,33
2022-04-26 07:00:00,CVaR-DFL-FRO,21.606465662512004,33
2022-04-26 07:15:00,CVaR-DFL-FRO,31.570464740691754,33
2022-04-26 07:30:00,CVaR-DFL-FRO,46.469107981656144,33
2022-04-26 07:45:00,CVaR-DFL-FRO,33.280464397610956,33
2022-04-26 08:00:00,CVaR-DFL-FRO,24.791306303086536,33
2022-04-26 08:15:00,CVaR-DFL-FRO,22.107770647748346,33
2022-04-26 08:30:00,CVaR-DFL-FRO,31.28007323664186,33
2022-04-26 08:45:00,CVaR-DFL-FRO,26.561909693859672,33
2022-04-26 09:00:00,CVaR-DFL-FRO,35.80203491368537,33
2022-04-26 09:15:00,CVaR-DFL-FRO,21.74875204198721,33
2022-04-26 09:30:00,CVaR-DFL-FRO,43.23138510036271,33
2022-04-26 09:45:00,CVaR-DFL-FRO,34.81966840502313,33
2022-04-26 10:00:00,CVaR-DFL-FRO,35.63145324227452,33
2022-04-26 10:15:00,CVaR-DFL-FRO,52.53117344656381,33
2022-04-26 10:30:00,CVaR-DFL-FRO,29.32720733010942,33
2022-04-26 10:45:00,CVaR-DFL-FRO,26.820366271712416,33
2022-04-26 11:00:00,CVaR-DFL-FRO,28.34355730467676,33
2022-04-26 11:15:00,CVaR-DFL-FRO,31.64583551794955,33
2022-04-26 11:30:00,CVaR-DFL-FRO,32.65880513787078,33
2022-04-26 11:45:00,CVaR-DFL-FRO,25.96173727323206,33
2022-04-26 12:00:00,CVaR-DFL-FRO,17.934101220866655,33
2022-04-26 12:15:00,CVaR-DFL-FRO,28.228028287657505,33
2022-04-26 12:30:00,CVaR-DFL-FRO,37.5609637319451,33
2022-04-26 12:45:00,CVaR-DFL-FRO,35.04409029243169,33
2022-04-26 13:00:00,CVaR-DFL-FRO,48.738935457485944,33
2022-04-26 13:15:00,CVaR-DFL-FRO,61.62049089539659,33
2022-04-26 13:30:00,CVaR-DFL-FRO,42.51710786416729,33
2022-04-26 13:45:00,CVaR-DFL-FRO,51.58550057513798,33
2022-04-26 14:00:00,CVaR-DFL-FRO,42.615363747135106,33
2022-04-26 14:15:00,CVaR-DFL-FRO,57.100038782738196,33
2022-04-26 14:30:00,CVaR-DFL-FRO,59.65236019435634,33
2022-04-26 14:45:00,CVaR-DFL-FRO,45.12422591641309,33
2022-04-26 15:00:00,CVaR-DFL-FRO,41.82434090938618,33
2022-04-26 15:15:00,CVaR-DFL-FRO,31.521342111781912,33
2022-04-26 15:30:00,CVaR-DFL-FRO,33.16551737336192,33
2022-04-26 15:45:00,CVaR-DFL-FRO,30.25090619078862,33
2022-04-26 16:00:00,CVaR-DFL-FRO,40.73422608703655,33
2022-04-26 16:15:00,CVaR-DFL-FRO,26.865907427614555,33
2022-04-26 16:30:00,CVaR-DFL-FRO,31.659783159678224,33
2022-04-26 16:45:00,CVaR-DFL-FRO,16.178446080715375,33
2022-04-26 17:00:00,CVaR-DFL-FRO,57.33418185780935,33
2022-04-26 17:15:00,CVaR-DFL-FRO,31.372638297762506,33
2022-04-26 17:30:00,CVaR-DFL-FRO,38.693504808797236,33
2022-04-26 17:45:00,CVaR-DFL-FRO,52.80420178808973,33
2022-04-26 18:00:00,CVaR-DFL-FRO,36.87361880309597,33
2022-04-26 18:15:00,CVaR-DFL-FRO,52.58444144616772,33
2022-04-26 18:30:00,CVaR-DFL-FRO,22.853515908440567,33
2022-04-26 18:45:00,CVaR-DFL-FRO,70.67444301660673,33
2022-04-26 19:00:00,CVaR-DFL-FRO,47.06803498497789,33
2022-04-26 19:15:00,CVaR-DFL-FRO,35.84617255994561,33
2022-04-26 19:30:00,CVaR-DFL-FRO,52.27110918743367,33
2022-04-26 19:45:00,CVaR-DFL-FRO,23.377733945498747,33
2022-04-26 20:00:00,CVaR-DFL-FRO,30.716397931484643,33
2022-04-26 20:15:00,CVaR-DFL-FRO,52.58291932478517,33
2022-04-26 20:30:00,CVaR-DFL-FRO,18.823542854583934,33
2022-04-26 20:45:00,CVaR-DFL-FRO,39.97316388315749,33
2022-04-26 21:00:00,CVaR-DFL-FRO,39.62397608239176,33
2022-04-26 21:15:00,CVaR-DFL-FRO,61.883702463523704,33
2022-04-26 21:30:00,CVaR-DFL-FRO,20.55794493163938,33
2022-04-26 21:45:00,CVaR-DFL-FRO,55.35118872847685,33
2022-04-26 22:00:00,CVaR-DFL-FRO,28.240801591601027,33
2022-04-26 22:15:00,CVaR-DFL-FRO,29.243495523816705,33
2022-04-26 22:30:00,CVaR-DFL-FRO,22.993854050489837,33
2022-04-26 22:45:00,CVaR-DFL-FRO,23.97102141779491,33
2022-04-26 23:00:00,CVaR-DFL-FRO,38.07361539977748,33
2022-04-26 23:15:00,CVaR-DFL-FRO,23.789662937208877,33
2022-04-26 23:30:00,CVaR-DFL-FRO,42.266581527345345,33
2022-04-26 23:45:00,CVaR-DFL-FRO,27.348453359842303,33
2022-04-26 00:15:00,CVaR-DFL-RTRO,36.39440637282894,33
2022-04-26 05:45:00,CVaR-DFL-RTRO,30.76889484500664,33
2022-04-26 15:15:00,CVaR-DFL-RTRO,48.042896233850165,33
2022-04-26 18:15:00,CVaR-DFL-RTRO,23.814705146378518,33
2022-04-26 21:30:00,CVaR-DFL-RTRO,23.99911761201266,33
2022-04-26 22:45:00,CVaR-DFL-RTRO,35.02812640746806,33
2022-04-27 00:00:00,LSTM-FRO,18.69904674272848,33
2022-04-27 00:15:00,LSTM-FRO,23.13457182743472,33
2022-04-27 00:30:00,LSTM-FRO,24.36062998971226,33
2022-04-27 00:45:00,LSTM-FRO,24.40804588815743,33
2022-04-27 01:00:00,LSTM-FRO,27.98796710740544,33
2022-04-27 01:15:00,LSTM-FRO,22.81831677899268,33
2022-04-27 01:30:00,LSTM-FRO,39.04217096888409,33
2022-04-27 01:45:00,LSTM-FRO,30.453631156145796,33
2022-04-27 02:00:00,LSTM-FRO,21.99969447709308,33
2022-04-27 02:15:00,LSTM-FRO,27.587768642616176,33
2022-04-27 02:30:00,LSTM-FRO,27.7928599023079,33
2022-04-27 02:45:00,LSTM-FRO,36.54666813841082,33
2022-04-27 03:00:00,LSTM-FRO,23.171575629312475,33
2022-04-27 03:15:00,LSTM-FRO,32.664179545921286,33
2022-04-27 03:30:00,LSTM-FRO,27.22548523169389,33
2022-04-27 03:45:00,LSTM-FRO,39.17697502317158,33
2022-04-27 04:00:00,LSTM-FRO,37.25222722634517,33
2022-04-27 04:15:00,LSTM-FRO,28.306629317086415,33
2022-04-27 04:30:00,LSTM-FRO,25.22417638337645,33
2022-04-27 04:45:00,LSTM-FRO,30.594635760440152,33
2022-04-27 05:00:00,LSTM-FRO,25.747722311337327,33
2022-04-27 05:15:00,LSTM-FRO,41.07791544431709,33
2022-04-27 05:30:00,LSTM-FRO,27.476895076951795,33
2022-04-27 05:45:00,LSTM-FRO,24.332522198410885,33
2022-04-27 06:00:00,LSTM-FRO,24.005058353535453,33
2022-04-27 06:15:00,LSTM-FRO,19.868307827747998,33
2022-04-27 06:30:00,LSTM-FRO,30.98071603682864,33
2022-04-27 06:45:00,LSTM-FRO,21.928578309676276,33
2022-04-27 07:00:00,LSTM-FRO,35.49264462344571,33
2022-04-27 07:15:00,LSTM-FRO,19.473760190183064,33
2022-04-27 07:30:00,LSTM-FRO,27.815378116948892,33
2022-04-27 07:45:00,LSTM-FRO,35.95968739419615,33
2022-04-27 08:00:00,LSTM-FRO,15.695063575579423,33
2022-04-27 08:15:00,LSTM-FRO,44.71512119544395,33
2022-04-27 08:30:00,LSTM-FRO,24.21283218424618,33
2022-04-27 08:45:00,LSTM-FRO,27.912285399770365,33
2022-04-27 09:00:00,LSTM-FRO,31.096738977312594,33
2022-04-27 09:15:00,LSTM-FRO,32.32800176348915,33
2022-04-27 09:30:00,LSTM-FRO,28.85843047985718,33
2022-04-27 09:45:00,LSTM-FRO,34.60609317809588,33
2022-04-27 10:00:00,LSTM-FRO,30.690521342181295,33
2022-04-27 10:15:00,LSTM-FRO,41.91727132568436,33
2022-04-27 10:30:00,LSTM-FRO,30.715624006785195,33
2022-04-27 10:45:00,LSTM-FRO,44.1171433491755,33
2022-04-27 11:00:00,LSTM-FRO,33.779468467518974,33
2022-04-27 11:15:00,LSTM-FRO,17.12142892551474,33
2022-04-27 11:30:00,LSTM-FRO,51.89059503027883,33
2022-04-27 11:45:00,LSTM-FRO,23.32353645705799,33
2022-04-27 12:00:00,LSTM-FRO,39.216113211630244,33
2022-04-27 12:15:00,LSTM-FRO,27.12274215957741,33
2022-04-27 12:30:00,LSTM-FRO,35.16398629864691,33
2022-04-27 12:45:00,LSTM-FRO,22.664744202038218,33
2022-04-27 13:00:00,LSTM-FRO,31.523498573302184,33
2022-04-27 13:15:00,LSTM-FRO,25.281815681989084,33
2022-04-27 13:30:00,LSTM-FRO,40.04642015850443,33
2022-04-27 13:45:00,LSTM-FRO,30.077265904770236,33
2022-04-27 14:00:00,LSTM-FRO,34.07641097848118,33
2022-04-27 14:15:00,LSTM-FRO,15.648522228976239,33
2022-04-27 14:30:00,LSTM-FRO,26.368343440627747,33
2022-04-27 14:45:00,LSTM-FRO,29.865716779340527,33
2022-04-27 15:00:00,LSTM-FRO,28.496538683334954,33
2022-04-27 15:15:00,LSTM-FRO,34.292794218571174,33
2022-04-27 15:30:00,LSTM-FRO,24.57647642055849,33
2022-04-27 15:45:00,LSTM-FRO,27.272908829755732,33
2022-04-27 16:00:00,LSTM-FRO,36.24065340739286,33
2022-04-27 16:15:00,LSTM-FRO,15.204694922711736,33
2022-04-27 16:30:00,LSTM-FRO,31.236800220647716,33
2022-04-27 16:45:00,LSTM-FRO,24.774822045415128,33
2022-04-27 17:00:00,LSTM-FRO,21.42627563120442,33
2022-04-27 17:15:00,LSTM-FRO,29.315969630910562,33
2022-04-27 17:30:00,LSTM-FRO,36.66364694288306,33
2022-04-27 17:45:00,LSTM-FRO,34.970785451083415,33
2022-04-27 18:00:00,LSTM-FRO,26.042441402450113,33
2022-04-27 18:15:00,LSTM-FRO,33.565285244324,33
2022-04-27 18:30:00,LSTM-FRO,33.50069246802394,33
2022-04-27 18:45:00,LSTM-FRO,26.356440340819805,33
2022-04-27 19:00:00,LSTM-FRO,22.638577097458302,33
2022-04-27 19:15:00,LSTM-FRO,22.969728409031383,33
2022-04-27 19:30:00,LSTM-FRO,33.24754895609867,33
2022-04-27 19:45:00,LSTM-FRO,26.657373938425163,33
2022-04-27 20:00:00,LSTM-FRO,20.718204529141712,33
2022-04-27 20:15:00,LSTM-FRO,17.648986821535143,33
2022-04-27 20:30:00,LSTM-FRO,33.197325379310385,33
2022-04-27 20:45:00,LSTM-FRO,23.48549717037463,33
2022-04-27 21:00:00,LSTM-FRO,29.270696211471936,33
2022-04-27 21:15:00,LSTM-FRO,36.77662179641533,33
2022-04-27 21:30:00,LSTM-FRO,19.39574948610963,33
2022-04-27 21:45:00,LSTM-FRO,26.637368375118367,33
2022-04-27 22:00:00,LSTM-FRO,25.810858761548122,33
2022-04-27 22:15:00,LSTM-FRO,29.635619387949717,33
2022-04-27 22:30:00,LSTM-FRO,36.771572861899244,33
2022-04-27 22:45:00,LSTM-FRO,19.296056729960558,33
2022-04-27 23:00:00,LSTM-FRO,31.083850914497205,33
2022-04-27 23:15:00,LSTM-FRO,34.9039524165238,33
2022-04-27 23:30:00,LSTM-FRO,25.70944016224055,33
2022-04-27 23:45:00,LSTM-FRO,26.02718714133999,33
2022-04-27 00:00:00,Transformer-FRO,33.17756797305063,33
2022-04-27 00:15:00,Transformer-FRO,35.28510724542501,33
2022-04-27 00:30:00,Transformer-FRO,35.09285407884809,33
2022-04-27 00:45:00,Transformer-FRO,23.520462909529968,33
2022-04-27 01:00:00,Transformer-FRO,39.22141173656631,33
2022-04-27 01:15:00,Transformer-FRO,41.0581418192108,33
2022-04-27 01:30:00,Transformer-FRO,31.839835514457736,33
2022-04-27 01:45:00,Transformer-FRO,20.59554128606712,33
2022-04-27 02:00:00,Transformer-FRO,29.45079459802377,33
2022-04-27 02:15:00,Transformer-FRO,31.908618176561394,33
2022-04-27 02:30:00,Transformer-FRO,22.549332488778383,33
2022-04-27 02:45:00,Transformer-FRO,27.635379366440027,33
2022-04-27 03:00:00,Transformer-FRO,21.05330321811392,33
2022-04-27 03:15:00,Transformer-FRO,35.514007659924694,33
2022-04-27 03:30:00,Transformer-FRO,31.67410971855655,33
2022-04-27 03:45:00,Transformer-FRO,19.801571687898207,33
2022-04-27 04:00:00,Transformer-FRO,33.23480225333922,33
2022-04-27 04:15:00,Transformer-FRO,29.898856052060264,33
2022-04-27 04:30:00,Transformer-FRO,34.68699495628841,33
2022-04-27 04:45:00,Transformer-FRO,27.41134670168939,33
2022-04-27 05:00:00,Transformer-FRO,24.64731780830265,33
2022-04-27 05:15:00,Transformer-FRO,24.84386675634647,33
2022-04-27 05:30:00,Transformer-FRO,26.388743719183896,33
2022-04-27 05:45:00,Transformer-FRO,30.488587917915716,33
2022-04-27 06:00:00,Transformer-FRO,31.52665844544309,33
2022-04-27 06:15:00,Transformer-FRO,28.876343487893166,33
2022-04-27 06:30:00,Transformer-FRO,27.186361710896662,33
2022-04-27 06:45:00,Transformer-FRO,27.698036498742123,33
2022-04-27 07:00:00,Transformer-FRO,58.12882426514319,33
2022-04-27 07:15:00,Transformer-FRO,24.84463635319279,33
2022-04-27 07:30:00,Transformer-FRO,26.25360826722203,33
2022-04-27 07:45:00,Transformer-FRO,71.27069650012767,33
2022-04-27 08:00:00,Transformer-FRO,33.83953360604151,33
2022-04-27 08:15:00,Transformer-FRO,21.214337028801246,33
2022-04-27 08:30:00,Transformer-FRO,37.74900845947321,33
2022-04-27 08:45:00,Transformer-FRO,23.96324824240315,33
2022-04-27 09:00:00,Transformer-FRO,38.40426035227573,33
2022-04-27 09:15:00,Transformer-FRO,28.725187436388172,33
2022-04-27 09:30:00,Transformer-FRO,27.070472244076324,33
2022-04-27 09:45:00,Transformer-FRO,46.04815295411413,33
2022-04-27 10:00:00,Transformer-FRO,35.13947786514104,33
2022-04-27 10:15:00,Transformer-FRO,39.0461120300732,33
2022-04-27 10:30:00,Transformer-FRO,33.96176478885362,33
2022-04-27 10:45:00,Transformer-FRO,27.03786427706811,33
2022-04-27 11:00:00,Transformer-FRO,35.551431614257076,33
2022-04-27 11:15:00,Transformer-FRO,41.512341454383076,33
2022-04-27 11:30:00,Transformer-FRO,31.418778773310923,33
2022-04-27 11:45:00,Transformer-FRO,48.404475153591044,33
2022-04-27 12:00:00,Transformer-FRO,37.82542718627547,33
2022-04-27 12:15:00,Transformer-FRO,32.054363655693344,33
2022-04-27 12:30:00,Transformer-FRO,32.38436408162853,33
2022-04-27 12:45:00,Transformer-FRO,31.43914317165549,33
2022-04-27 13:00:00,Transformer-FRO,21.93441283182593,33
2022-04-27 13:15:00,Transformer-FRO,29.639801778939514,33
2022-04-27 13:30:00,Transformer-FRO,32.130947910497575,33
2022-04-27 13:45:00,Transformer-FRO,27.237403173466888,33
2022-04-27 14:00:00,Transformer-FRO,33.116205211076526,33
2022-04-27 14:15:00,Transformer-FRO,30.50821737198416,33
2022-04-27 14:30:00,Transformer-FRO,37.07972991363873,33
2022-04-27 14:45:00,Transformer-FRO,36.031730960223825,33
2022-04-27 15:00:00,Transformer-FRO,31.683949359467043,33
2022-04-27 15:15:00,Transformer-FRO,21.284680561489864,33
2022-04-27 15:30:00,Transformer-FRO,48.26762394792347,33
2022-04-27 15:45:00,Transformer-FRO,29.244244879903157,33
2022-04-27 16:00:00,Transformer-FRO,29.710477017018086,33
2022-04-27 16:15:00,Transformer-FRO,27.761898262170206,33
2022-04-27 16:30:00,Transformer-FRO,26.73139428414041,33
2022-04-27 16:45:00,Transformer-FRO,45.27735700594608,33
2022-04-27 17:00:00,Transformer-FRO,43.45987372812233,33
2022-04-27 17:15:00,Transformer-FRO,34.04528756815628,33
2022-04-27 17:30:00,Transformer-FRO,29.506172555331247,33
2022-04-27 17:45:00,Transformer-FRO,35.62306507138388,33
2022-04-27 18:00:00,Transformer-FRO,30.92624811239437,33
2022-04-27 18:15:00,Transformer-FRO,28.880064419023036,33
2022-04-27 18:30:00,Transformer-FRO,33.11988806136873,33
2022-04-27 18:45:00,Transformer-FRO,27.0609151901586,33
2022-04-27 19:00:00,Transformer-FRO,32.39089493824689,33
2022-04-27 19:15:00,Transformer-FRO,31.989922499362997,33
2022-04-27 19:30:00,Transformer-FRO,35.47391885583673,33
2022-04-27 19:45:00,Transformer-FRO,25.84054840010033,33
2022-04-27 20:00:00,Transformer-FRO,36.473723645441666,33
2022-04-27 20:15:00,Transformer-FRO,23.98641800544707,33
2022-04-27 20:30:00,Transformer-FRO,26.154451692292994,33
2022-04-27 20:45:00,Transformer-FRO,26.45207439289997,33
2022-04-27 21:00:00,Transformer-FRO,22.97749962587536,33
2022-04-27 21:15:00,Transformer-FRO,39.480516819291616,33
2022-04-27 21:30:00,Transformer-FRO,23.599383570541555,33
2022-04-27 21:45:00,Transformer-FRO,25.311532227547602,33
2022-04-27 22:00:00,Transformer-FRO,42.01250347961651,33
2022-04-27 22:15:00,Transformer-FRO,26.1679086988376,33
2022-04-27 22:30:00,Transformer-FRO,28.89564514792354,33
2022-04-27 22:45:00,Transformer-FRO,23.337881546535993,33
2022-04-27 23:00:00,Transformer-FRO,37.65383882724675,33
2022-04-27 23:15:00,Transformer-FRO,37.78865872427741,33
2022-04-27 23:30:00,Transformer-FRO,36.74718759198297,33
2022-04-27 23:45:00,Transformer-FRO,34.87741769877354,33
2022-04-27 00:00:00,DFL-FRO,27.891253619700787,33
2022-04-27 00:15:00,DFL-FRO,25.7217710767058,33
2022-04-27 00:30:00,DFL-FRO,46.241322728377554,33
2022-04-27 00:45:00,DFL-FRO,39.94690496880369,33
2022-04-27 01:00:00,DFL-FRO,26.608759481637367,33
2022-04-27 01:15:00,DFL-FRO,32.639827140310466,33
2022-04-27 01:30:00,DFL-FRO,29.68984268219123,33
2022-04-27 01:45:00,DFL-FRO,23.571801619857723,33
2022-04-27 02:00:00,DFL-FRO,33.91771687655064,33
2022-04-27 02:15:00,DFL-FRO,28.75047628911803,33
2022-04-27 02:30:00,DFL-FRO,24.754413146875162,33
2022-04-27 02:45:00,DFL-FRO,21.37591157187729,33
2022-04-27 03:00:00,DFL-FRO,20.877470072037532,33
2022-04-27 03:15:00,DFL-FRO,29.105691521423473,33
2022-04-27 03:30:00,DFL-FRO,31.523132601785186,33
2022-04-27 03:45:00,DFL-FRO,25.292958059545818,33
2022-04-27 04:00:00,DFL-FRO,38.69716492281139,33
2022-04-27 04:15:00,DFL-FRO,31.69531671331251,33
2022-04-27 04:30:00,DFL-FRO,37.90892013669753,33
2022-04-27 04:45:00,DFL-FRO,30.67551183654774,33
2022-04-27 05:00:00,DFL-FRO,25.92217534230282,33
2022-04-27 05:15:00,DFL-FRO,33.32251922205794,33
2022-04-27 05:30:00,DFL-FRO,22.70492815031583,33
2022-04-27 05:45:00,DFL-FRO,37.51540581077077,33
2022-04-27 06:00:00,DFL-FRO,24.860783214585354,33
2022-04-27 06:15:00,DFL-FRO,41.691818293059654,33
2022-04-27 06:30:00,DFL-FRO,29.37432917803096,33
2022-04-27 06:45:00,DFL-FRO,43.402422045027734,33
2022-04-27 07:00:00,DFL-FRO,23.60853139220189,33
2022-04-27 07:15:00,DFL-FRO,26.72419286434651,33
2022-04-27 07:30:00,DFL-FRO,35.89448609447104,33
2022-04-27 07:45:00,DFL-FRO,44.72801098118899,33
2022-04-27 08:00:00,DFL-FRO,51.3592214150627,33
2022-04-27 08:15:00,DFL-FRO,32.653785887904924,33
2022-04-27 08:30:00,DFL-FRO,53.86779372042729,33
2022-04-27 08:45:00,DFL-FRO,29.776428690833775,33
2022-04-27 09:00:00,DFL-FRO,43.842869714784335,33
2022-04-27 09:15:00,DFL-FRO,24.825949373265452,33
2022-04-27 09:30:00,DFL-FRO,36.289385144071105,33
2022-04-27 09:45:00,DFL-FRO,16.808874254726152,33
2022-04-27 10:00:00,DFL-FRO,23.615322709651945,33
2022-04-27 10:15:00,DFL-FRO,36.76242181842742,33
2022-04-27 10:30:00,DFL-FRO,22.392248870182286,33
2022-04-27 10:45:00,DFL-FRO,36.35769802879815,33
2022-04-27 11:00:00,DFL-FRO,41.555251215156005,33
2022-04-27 11:15:00,DFL-FRO,28.071026949399702,33
2022-04-27 11:30:00,DFL-FRO,24.641432742599697,33
2022-04-27 11:45:00,DFL-FRO,28.284074561692936,33
2022-04-27 12:00:00,DFL-FRO,24.663007311737356,33
2022-04-27 12:15:00,DFL-FRO,31.381862635010048,33
2022-04-27 12:30:00,DFL-FRO,33.21102968587823,33
2022-04-27 12:45:00,DFL-FRO,29.641111637732255,33
2022-04-27 13:00:00,DFL-FRO,51.47026059215318,33
2022-04-27 13:15:00,DFL-FRO,26.415941073778498,33
2022-04-27 13:30:00,DFL-FRO,47.56823100902075,33
2022-04-27 13:45:00,DFL-FRO,24.150045779633118,33
2022-04-27 14:00:00,DFL-FRO,32.94085829002081,33
2022-04-27 14:15:00,DFL-FRO,44.885434000141764,33
2022-04-27 14:30:00,DFL-FRO,44.24283194830578,33
2022-04-27 14:45:00,DFL-FRO,28.712324986718553,33
2022-04-27 15:00:00,DFL-FRO,37.67916911101441,33
2022-04-27 15:15:00,DFL-FRO,36.29928211265204,33
2022-04-27 15:30:00,DFL-FRO,27.77056263292383,33
2022-04-27 15:45:00,DFL-FRO,38.32383544902482,33
2022-04-27 16:00:00,DFL-FRO,54.240537501289445,33
2022-04-27 16:15:00,DFL-FRO,36.813922707194216,33
2022-04-27 16:30:00,DFL-FRO,37.7978602508519,33
2022-04-27 16:45:00,DFL-FRO,38.92878346810614,33
2022-04-27 17:00:00,DFL-FRO,21.484331986859623,33
2022-04-27 17:15:00,DFL-FRO,36.69638517752593,33
2022-04-27 17:30:00,DFL-FRO,24.315346181283356,33
2022-04-27 17:45:00,DFL-FRO,27.386722517258722,33
2022-04-27 18:00:00,DFL-FRO,58.96075149700172,33
2022-04-27 18:15:00,DFL-FRO,30.08001494478076,33
2022-04-27 18:30:00,DFL-FRO,26.263493402374934,33
2022-04-27 18:45:00,DFL-FRO,44.50528569001047,33
2022-04-27 19:00:00,DFL-FRO,24.787957650430677,33
2022-04-27 19:15:00,DFL-FRO,28.495831898602635,33
2022-04-27 19:30:00,DFL-FRO,45.71789490861248,33
2022-04-27 19:45:00,DFL-FRO,32.66653997593607,33
2022-04-27 20:00:00,DFL-FRO,20.890310364904558,33
2022-04-27 20:15:00,DFL-FRO,37.56301264348172,33
2022-04-27 20:30:00,DFL-FRO,28.90331404398833,33
2022-04-27 20:45:00,DFL-FRO,49.57678994190729,33
2022-04-27 21:00:00,DFL-FRO,27.262611489496525,33
2022-04-27 21:15:00,DFL-FRO,43.26587993298909,33
2022-04-27 21:30:00,DFL-FRO,52.944428390930334,33
2022-04-27 21:45:00,DFL-FRO,25.465215116302254,33
2022-04-27 22:00:00,DFL-FRO,30.587575513495697,33
2022-04-27 22:15:00,DFL-FRO,35.97148887983934,33
2022-04-27 22:30:00,DFL-FRO,25.419823046958026,33
2022-04-27 22:45:00,DFL-FRO,34.80472625185118,33
2022-04-27 23:00:00,DFL-FRO,30.318511796489318,33
2022-04-27 23:15:00,DFL-FRO,30.148775660225784,33
2022-04-27 23:30:00,DFL-FRO,32.722759664285284,33
2022-04-27 23:45:00,DFL-FRO,32.92697447094763,33
2022-04-27 00:00:00,CVaR-DFL-FRO,31.814992180822593,33
2022-04-27 00:15:00,CVaR-DFL-FRO,32.24879902455787,33
2022-04-27 00:30:00,CVaR-DFL-FRO,36.92630941734833,33
2022-04-27 00:45:00,CVaR-DFL-FRO,37.78185233891665,33
2022-04-27 01:00:00,CVaR-DFL-FRO,33.43382213941358,33
2022-04-27 01:15:00,CVaR-DFL-FRO,42.36029688084327,33
2022-04-27 01:30:00,CVaR-DFL-FRO,21.81750105697005,33
2022-04-27 01:45:00,CVaR-DFL-FRO,30.541865463224347,33
2022-04-27 02:00:00,CVaR-DFL-FRO,35.123519317113974,33
2022-04-27 02:15:00,CVaR-DFL-FRO,29.37422945679633,33
2022-04-27 02:30:00,CVaR-DFL-FRO,63.50685060397198,33
2022-04-27 02:45:00,CVaR-DFL-FRO,38.53495895977969,33
2022-04-27 03:00:00,CVaR-DFL-FRO,40.46973134668886,33
2022-04-27 03:15:00,CVaR-DFL-FRO,32.97663869439026,33
2022-04-27 03:30:00,CVaR-DFL-FRO,38.123050193238164,33
2022-04-27 03:45:00,CVaR-DFL-FRO,26.277173541533553,33
2022-04-27 04:00:00,CVaR-DFL-FRO,36.34407326736217,33
2022-04-27 04:15:00,CVaR-DFL-FRO,28.646230442523578,33
2022-04-27 04:30:00,CVaR-DFL-FRO,35.15103556115698,33
2022-04-27 04:45:00,CVaR-DFL-FRO,17.31441987297567,33
2022-04-27 05:00:00,CVaR-DFL-FRO,26.998159059680575,33
2022-04-27 05:15:00,CVaR-DFL-FRO,60.33273459035696,33
2022-04-27 05:30:00,CVaR-DFL-FRO,49.56734927489166,33
2022-04-27 05:45:00,CVaR-DFL-FRO,57.680885392696354,33
2022-04-27 06:00:00,CVaR-DFL-FRO,58.92310874300532,33
2022-04-27 06:15:00,CVaR-DFL-FRO,47.204924209974756,33
2022-04-27 06:30:00,CVaR-DFL-FRO,33.28872466765993,33
2022-04-27 06:45:00,CVaR-DFL-FRO,27.769079921092448,33
2022-04-27 07:00:00,CVaR-DFL-FRO,54.678690513192265,33
2022-04-27 07:15:00,CVaR-DFL-FRO,39.08526237302403,33
2022-04-27 07:30:00,CVaR-DFL-FRO,83.05028964890845,33
2022-04-27 07:45:00,CVaR-DFL-FRO,34.20761391244538,33
2022-04-27 08:00:00,CVaR-DFL-FRO,70.65258738860081,33
2022-04-27 08:15:00,CVaR-DFL-FRO,36.49123247777028,33
2022-04-27 08:30:00,CVaR-DFL-FRO,57.98606387255643,33
2022-04-27 08:45:00,CVaR-DFL-FRO,64.85063280876032,33
2022-04-27 09:00:00,CVaR-DFL-FRO,27.892555874087385,33
2022-04-27 09:15:00,CVaR-DFL-FRO,32.95856258078371,33
2022-04-27 09:30:00,CVaR-DFL-FRO,27.805904882704212,33
2022-04-27 09:45:00,CVaR-DFL-FRO,26.157683535876508,33
2022-04-27 10:00:00,CVaR-DFL-FRO,47.11829936352653,33
2022-04-27 10:15:00,CVaR-DFL-FRO,36.04302421641009,33
2022-04-27 10:30:00,CVaR-DFL-FRO,38.93758971671515,33
2022-04-27 10:45:00,CVaR-DFL-FRO,45.52578459009517,33
2022-04-27 11:00:00,CVaR-DFL-FRO,21.530890557491887,33
2022-04-27 11:15:00,CVaR-DFL-FRO,57.106248418113246,33
2022-04-27 11:30:00,CVaR-DFL-FRO,34.377874835226514,33
2022-04-27 11:45:00,CVaR-DFL-FRO,45.19034877996981,33
2022-04-27 12:00:00,CVaR-DFL-FRO,46.44555799539292,33
2022-04-27 12:15:00,CVaR-DFL-FRO,58.61453613400285,33
2022-04-27 12:30:00,CVaR-DFL-FRO,37.08393556421111,33
2022-04-27 12:45:00,CVaR-DFL-FRO,19.823904926736063,33
2022-04-27 13:00:00,CVaR-DFL-FRO,38.99514758325932,33
2022-04-27 13:15:00,CVaR-DFL-FRO,40.77138392607966,33
2022-04-27 13:30:00,CVaR-DFL-FRO,27.794851258362534,33
2022-04-27 13:45:00,CVaR-DFL-FRO,40.10379449023095,33
2022-04-27 14:00:00,CVaR-DFL-FRO,34.250934979139075,33
2022-04-27 14:15:00,CVaR-DFL-FRO,25.2580667395467,33
2022-04-27 14:30:00,CVaR-DFL-FRO,47.18292540093469,33
2022-04-27 14:45:00,CVaR-DFL-FRO,32.16333806555073,33
2022-04-27 15:00:00,CVaR-DFL-FRO,33.77231491357271,33
2022-04-27 15:15:00,CVaR-DFL-FRO,33.18859567983901,33
2022-04-27 15:30:00,CVaR-DFL-FRO,56.20481414522835,33
2022-04-27 15:45:00,CVaR-DFL-FRO,37.82690606856795,33
2022-04-27 16:00:00,CVaR-DFL-FRO,39.26186750734853,33
2022-04-27 16:15:00,CVaR-DFL-FRO,33.415293851575825,33
2022-04-27 16:30:00,CVaR-DFL-FRO,44.225942069740434,33
2022-04-27 16:45:00,CVaR-DFL-FRO,58.22526376981076,33
2022-04-27 17:00:00,CVaR-DFL-FRO,46.83838560222064,33
2022-04-27 17:15:00,CVaR-DFL-FRO,47.40862270252479,33
2022-04-27 17:30:00,CVaR-DFL-FRO,46.23734558389482,33
2022-04-27 17:45:00,CVaR-DFL-FRO,24.966009783718878,33
2022-04-27 18:00:00,CVaR-DFL-FRO,29.192502686637567,33
2022-04-27 18:15:00,CVaR-DFL-FRO,35.94967644832745,33
2022-04-27 18:30:00,CVaR-DFL-FRO,30.5855032627751,33
2022-04-27 18:45:00,CVaR-DFL-FRO,27.535004445163253,33
2022-04-27 19:00:00,CVaR-DFL-FRO,21.432332450734357,33
2022-04-27 19:15:00,CVaR-DFL-FRO,25.228501371616993,33
2022-04-27 19:30:00,CVaR-DFL-FRO,35.37945076152171,33
2022-04-27 19:45:00,CVaR-DFL-FRO,37.49380799876436,33
2022-04-27 20:00:00,CVaR-DFL-FRO,29.954560092063883,33
2022-04-27 20:15:00,CVaR-DFL-FRO,39.25974077341689,33
2022-04-27 20:30:00,CVaR-DFL-FRO,33.48588710730978,33
2022-04-27 20:45:00,CVaR-DFL-FRO,53.73410339187633,33
2022-04-27 21:00:00,CVaR-DFL-FRO,36.43654884630613,33
2022-04-27 21:15:00,CVaR-DFL-FRO,47.54802061933534,33
2022-04-27 21:30:00,CVaR-DFL-FRO,40.80310531872963,33
2022-04-27 21:45:00,CVaR-DFL-FRO,24.797513061037396,33
2022-04-27 22:00:00,CVaR-DFL-FRO,37.24765383153363,33
2022-04-27 22:15:00,CVaR-DFL-FRO,26.111633975111108,33
2022-04-27 22:30:00,CVaR-DFL-FRO,37.0464094856529,33
2022-04-27 22:45:00,CVaR-DFL-FRO,30.403232280473524,33
2022-04-27 23:00:00,CVaR-DFL-FRO,43.12972309565834,33
2022-04-27 23:15:00,CVaR-DFL-FRO,25.261198261945744,33
2022-04-27 23:30:00,CVaR-DFL-FRO,38.48525849757032,33
2022-04-27 23:45:00,CVaR-DFL-FRO,45.7548296743732,33
2022-04-27 03:15:00,CVaR-DFL-RTRO,37.579478904387365,33
2022-04-27 14:45:00,CVaR-DFL-RTRO,54.33634007697638,33
2022-04-27 16:00:00,CVaR-DFL-RTRO,31.774401006729367,33
2022-04-27 17:00:00,CVaR-DFL-RTRO,59.569012436395624,33
2022-04-27 17:30:00,CVaR-DFL-RTRO,61.27985681079569,33
2022-04-27 17:45:00,CVaR-DFL-RTRO,49.67536709545291,33
2022-04-27 18:15:00,CVaR-DFL-RTRO,29.35274350697471,33
2022-04-27 18:45:00,CVaR-DFL-RTRO,20.35731526983126,33
2022-04-27 19:15:00,CVaR-DFL-RTRO,54.8428607707217,33
2022-04-27 19:30:00,CVaR-DFL-RTRO,40.887796307721835,33
2022-04-27 21:00:00,CVaR-DFL-RTRO,31.526917652533566,33
2022-04-27 23:15:00,CVaR-DFL-RTRO,56.4425715506303,33
2022-04-27 23:45:00,CVaR-DFL-RTRO,30.432882785429086,33
2022-04-28 00:00:00,LSTM-FRO,30.365659182352132,33
2022-04-28 00:15:00,LSTM-FRO,20.12544642828782,33
2022-04-28 00:30:00,LSTM-FRO,25.89525566921705,33
2022-04-28 00:45:00,LSTM-FRO,34.98645054773876,33
2022-04-28 01:00:00,LSTM-FRO,28.065501059126234,33
2022-04-28 01:15:00,LSTM-FRO,36.40469567108248,33
2022-04-28 01:30:00,LSTM-FRO,35.379175935150215,33
2022-04-28 01:45:00,LSTM-FRO,26.66859063331425,33
2022-04-28 02:00:00,LSTM-FRO,14.80445731793953,33
2022-04-28 02:15:00,LSTM-FRO,20.165047495952347,33
2022-04-28 02:30:00,LSTM-FRO,32.23881805857589,33
2022-04-28 02:45:00,LSTM-FRO,18.03598166771393,33
2022-04-28 03:00:00,LSTM-FRO,24.521025991531438,33
2022-04-28 03:15:00,LSTM-FRO,28.977394729540823,33
2022-04-28 03:30:00,LSTM-FRO,38.49255662332865,33
2022-04-28 03:45:00,LSTM-FRO,23.039057228333238,33
2022-04-28 04:00:00,LSTM-FRO,22.646440928687745,33
2022-04-28 04:15:00,LSTM-FRO,26.268693671636623,33
2022-04-28 04:30:00,LSTM-FRO,29.06797499763552,33
2022-04-28 04:45:00,LSTM-FRO,25.605872946051168,33
2022-04-28 05:00:00,LSTM-FRO,34.63802915400979,33
2022-04-28 05:15:00,LSTM-FRO,21.778577275178662,33
2022-04-28 05:30:00,LSTM-FRO,27.431968349912452,33
2022-04-28 05:45:00,LSTM-FRO,29.764311033182537,33
2022-04-28 06:00:00,LSTM-FRO,24.072483292443575,33
2022-04-28 06:15:00,LSTM-FRO,32.86290924245725,33
2022-04-28 06:30:00,LSTM-FRO,27.631002267068656,33
2022-04-28 06:45:00,LSTM-FRO,32.445951964407335,33
2022-04-28 07:00:00,LSTM-FRO,27.945935145948994,33
2022-04-28 07:15:00,LSTM-FRO,29.254589410864067,33
2022-04-28 07:30:00,LSTM-FRO,22.70961116094494,33
2022-04-28 07:45:00,LSTM-FRO,22.71884898749649,33
2022-04-28 08:00:00,LSTM-FRO,36.19483224581058,33
2022-04-28 08:15:00,LSTM-FRO,31.220733290995163,33
2022-04-28 08:30:00,LSTM-FRO,20.58862389915213,33
2022-04-28 08:45:00,LSTM-FRO,27.85319871249211,33
2022-04-28 09:00:00,LSTM-FRO,14.667455387133574,33
2022-04-28 09:15:00,LSTM-FRO,23.04530179495638,33
2022-04-28 09:30:00,LSTM-FRO,33.87916584516709,33
2022-04-28 09:45:00,LSTM-FRO,25.79362354826783,33
2022-04-28 10:00:00,LSTM-FRO,27.41649000231955,33
2022-04-28 10:15:00,LSTM-FRO,12.482298398770165,33
2022-04-28 10:30:00,LSTM-FRO,24.120751121118857,33
2022-04-28 10:45:00,LSTM-FRO,28.975878840232426,33
2022-04-28 11:00:00,LSTM-FRO,29.914706958799766,33
2022-04-28 11:15:00,LSTM-FRO,33.890462697691845,33
2022-04-28 11:30:00,LSTM-FRO,25.248348677555047,33
2022-04-28 11:45:00,LSTM-FRO,25.532639791023776,33
2022-04-28 12:00:00,LSTM-FRO,19.051181129518206,33
2022-04-28 12:15:00,LSTM-FRO,25.28473296534355,33
2022-04-28 12:30:00,LSTM-FRO,19.39156265963803,33
2022-04-28 12:45:00,LSTM-FRO,16.73754744729817,33
2022-04-28 13:00:00,LSTM-FRO,20.26956361476179,33
2022-04-28 13:15:00,LSTM-FRO,38.8723857221912,33
2022-04-28 13:30:00,LSTM-FRO,24.86900320142914,33
2022-04-28 13:45:00,LSTM-FRO,28.12733484788711,33
2022-04-28 14:00:00,LSTM-FRO,23.397654019913926,33
2022-04-28 14:15:00,LSTM-FRO,16.9801316273112,33
2022-04-28 14:30:00,LSTM-FRO,33.6679282270476,33
2022-04-28 14:45:00,LSTM-FRO,15.428789923082599,33
2022-04-28 15:00:00,LSTM-FRO,23.15634226860349,33
2022-04-28 15:15:00,LSTM-FRO,26.254393356375044,33
2022-04-28 15:30:00,LSTM-FRO,28.202368979074404,33
2022-04-28 15:45:00,LSTM-FRO,22.179555278515416,33
2022-04-28 16:00:00,LSTM-FRO,16.779233321429118,33
2022-04-28 16:15:00,LSTM-FRO,21.76792161554147,33
2022-04-28 16:30:00,LSTM-FRO,22.055801094280532,33
2022-04-28 16:45:00,LSTM-FRO,21.921468855271257,33
2022-04-28 17:00:00,LSTM-FRO,33.95606113067689,33
2022-04-28 17:15:00,LSTM-FRO,19.62650638620071,33
2022-04-28 17:30:00,LSTM-FRO,28.705871902201515,33
2022-04-28 17:45:00,LSTM-FRO,27.695854609359667,33
2022-04-28 18:00:00,LSTM-FRO,33.87429622464274,33
2022-04-28 18:15:00,LSTM-FRO,25.74196232329583,33
2022-04-28 18:30:00,LSTM-FRO,32.464571228618794,33
2022-04-28 18:45:00,LSTM-FRO,25.49059899206386,33
2022-04-28 19:00:00,LSTM-FRO,29.683571973021845,33
2022-04-28 19:15:00,LSTM-FRO,18.251468273535416,33
2022-04-28 19:30:00,LSTM-FRO,13.725158456198116,33
2022-04-28 19:45:00,LSTM-FRO,29.262979615761157,33
2022-04-28 20:00:00,LSTM-FRO,29.65966590957608,33
2022-04-28 20:15:00,LSTM-FRO,29.991498746695918,33
2022-04-28 20:30:00,LSTM-FRO,23.33057663471668,33
2022-04-28 20:45:00,LSTM-FRO,38.68777794860832,33
2022-04-28 21:00:00,LSTM-FRO,23.71472430256391,33
2022-04-28 21:15:00,LSTM-FRO,29.583043124930928,33
2022-04-28 21:30:00,LSTM-FRO,30.902013345836718,33
2022-04-28 21:45:00,LSTM-FRO,40.97722359955228,33
2022-04-28 22:00:00,LSTM-FRO,24.580581097470468,33
2022-04-28 22:15:00,LSTM-FRO,22.591332465708327,33
2022-04-28 22:30:00,LSTM-FRO,18.273454690033084,33
2022-04-28 22:45:00,LSTM-FRO,39.3010043304868,33
2022-04-28 23:00:00,LSTM-FRO,29.58699346469742,33
2022-04-28 23:15:00,LSTM-FRO,29.82301231108144,33
2022-04-28 23:30:00,LSTM-FRO,58.2044197992132,33
2022-04-28 23:45:00,LSTM-FRO,28.87982032312026,33
2022-04-28 00:00:00,Transformer-FRO,26.140081587975793,33
2022-04-28 00:15:00,Transformer-FRO,21.36013000729505,33
2022-04-28 00:30:00,Transformer-FRO,24.819359447695945,33
2022-04-28 00:45:00,Transformer-FRO,24.77614588925022,33
2022-04-28 01:00:00,Transformer-FRO,23.61924912297564,33
2022-04-28 01:15:00,Transformer-FRO,19.16373194429177,33
2022-04-28 01:30:00,Transformer-FRO,41.56084110200469,33
2022-04-28 01:45:00,Transformer-FRO,29.71780925085061,33
2022-04-28 02:00:00,Transformer-FRO,25.94044853690973,33
2022-04-28 02:15:00,Transformer-FRO,33.471662257505315,33
2022-04-28 02:30:00,Transformer-FRO,31.07484431062627,33
2022-04-28 02:45:00,Transformer-FRO,29.539914850570668,33
2022-04-28 03:00:00,Transformer-FRO,32.84716739331881,33
2022-04-28 03:15:00,Transformer-FRO,28.473921271221933,33
2022-04-28 03:30:00,Transformer-FRO,32.721563904251575,33
2022-04-28 03:45:00,Transformer-FRO,33.43241111512059,33
2022-04-28 04:00:00,Transformer-FRO,28.687216103653732,33
2022-04-28 04:15:00,Transformer-FRO,25.974621080632502,33
2022-04-28 04:30:00,Transformer-FRO,40.89698891302377,33
2022-04-28 04:45:00,Transformer-FRO,24.297047388728686,33
2022-04-28 05:00:00,Transformer-FRO,30.43887278548441,33
2022-04-28 05:15:00,Transformer-FRO,30.61771517421648,33
2022-04-28 05:30:00,Transformer-FRO,23.481659263620607,33
2022-04-28 05:45:00,Transformer-FRO,22.3050841960661,33
2022-04-28 06:00:00,Transformer-FRO,25.09121443784171,33
2022-04-28 06:15:00,Transformer-FRO,24.20703358471617,33
2022-04-28 06:30:00,Transformer-FRO,18.844216661268263,33
2022-04-28 06:45:00,Transformer-FRO,23.227719896055145,33
2022-04-28 07:00:00,Transformer-FRO,29.467490690025247,33
2022-04-28 07:15:00,Transformer-FRO,38.186807397605726,33
2022-04-28 07:30:00,Transformer-FRO,31.753484405172202,33
2022-04-28 07:45:00,Transformer-FRO,14.016969056949618,33
2022-04-28 08:00:00,Transformer-FRO,32.477146668552734,33
2022-04-28 08:15:00,Transformer-FRO,23.796724903010315,33
2022-04-28 08:30:00,Transformer-FRO,30.930260156887034,33
2022-04-28 08:45:00,Transformer-FRO,27.401500936466647,33
2022-04-28 09:00:00,Transformer-FRO,26.161886664806765,33
2022-04-28 09:15:00,Transformer-FRO,26.782683770056554,33
2022-04-28 09:30:00,Transformer-FRO,27.342674446662308,33
2022-04-28 09:45:00,Transformer-FRO,38.97159970246683,33
2022-04-28 10:00:00,Transformer-FRO,27.362277068949602,33
2022-04-28 10:15:00,Transformer-FRO,36.441745676641766,33
2022-04-28 10:30:00,Transformer-FRO,35.09142168974119,33
2022-04-28 10:45:00,Transformer-FRO,32.69463095993823,33
2022-04-28 11:00:00,Transformer-FRO,17.30572374789711,33
2022-04-28 11:15:00,Transformer-FRO,36.73674662352247,33
2022-04-28 11:30:00,Transformer-FRO,24.423368464758823,33
2022-04-28 11:45:00,Transformer-FRO,33.10991634554088,33
2022-04-28 12:00:00,Transformer-FRO,21.372592118269566,33
2022-04-28 12:15:00,Transformer-FRO,20.226684729959327,33
2022-04-28 12:30:00,Transformer-FRO,45.91035510880172,33
2022-04-28 12:45:00,Transformer-FRO,21.458933162095317,33
2022-04-28 13:00:00,Transformer-FRO,37.01855925515103,33
2022-04-28 13:15:00,Transformer-FRO,28.35961496883234,33
2022-04-28 13:30:00,Transformer-FRO,24.66378871282979,33
2022-04-28 13:45:00,Transformer-FRO,27.184302809682976,33
2022-04-28 14:00:00,Transformer-FRO,19.627302230250095,33
2022-04-28 14:15:00,Transformer-FRO,27.404207037327005,33
2022-04-28 14:30:00,Transformer-FRO,20.770533547455234,33
2022-04-28 14:45:00,Transformer-FRO,24.822091916473664,33
2022-04-28 15:00:00,Transformer-FRO,34.95878013081509,33
2022-04-28 15:15:00,Transformer-FRO,29.375704928725266,33
2022-04-28 15:30:00,Transformer-FRO,18.727126845624337,33
2022-04-28 15:45:00,Transformer-FRO,34.29611917592882,33
2022-04-28 16:00:00,Transformer-FRO,27.451530393174924,33
2022-04-28 16:15:00,Transformer-FRO,23.895440800521104,33
2022-04-28 16:30:00,Transformer-FRO,33.376669224203376,33
2022-04-28 16:45:00,Transformer-FRO,26.335298119676754,33
2022-04-28 17:00:00,Transformer-FRO,20.32874685420321,33
2022-04-28 17:15:00,Transformer-FRO,44.405057901810935,33
2022-04-28 17:30:00,Transformer-FRO,27.379115329254393,33
2022-04-28 17:45:00,Transformer-FRO,26.927863490638764,33
2022-04-28 18:00:00,Transformer-FRO,24.759991563808764,33
2022-04-28 18:15:00,Transformer-FRO,37.34496897789775,33
2022-04-28 18:30:00,Transformer-FRO,24.002905552990693,33
2022-04-28 18:45:00,Transformer-FRO,18.424627409917964,33
2022-04-28 19:00:00,Transformer-FRO,23.064592008852934,33
2022-04-28 19:15:00,Transformer-FRO,38.79386266266469,33
2022-04-28 19:30:00,Transformer-FRO,34.124434716253575,33
2022-04-28 19:45:00,Transformer-FRO,25.742505895852947,33
2022-04-28 20:00:00,Transformer-FRO,39.264205126848,33
2022-04-28 20:15:00,Transformer-FRO,33.387625997733224,33
2022-04-28 20:30:00,Transformer-FRO,25.665374271736717,33
2022-04-28 20:45:00,Transformer-FRO,26.34415550704725,33
2022-04-28 21:00:00,Transformer-FRO,29.953510485841544,33
2022-04-28 21:15:00,Transformer-FRO,22.166348508922034,33
2022-04-28 21:30:00,Transformer-FRO,27.534252053272905,33
2022-04-28 21:45:00,Transformer-FRO,29.79237472506351,33
2022-04-28 22:00:00,Transformer-FRO,17.758685354589517,33
2022-04-28 22:15:00,Transformer-FRO,26.184737463744987,33
2022-04-28 22:30:00,Transformer-FRO,25.423853498535873,33
2022-04-28 22:45:00,Transformer-FRO,35.90278746190173,33
2022-04-28 23:00:00,Transformer-FRO,17.04796670515176,33
2022-04-28 23:15:00,Transformer-FRO,24.91195415446663,33
2022-04-28 23:30:00,Transformer-FRO,24.27278641705047,33
2022-04-28 23:45:00,Transformer-FRO,35.275370751751225,33
2022-04-28 00:00:00,DFL-FRO,52.85353889597947,33
2022-04-28 00:15:00,DFL-FRO,38.53480332560633,33
2022-04-28 00:30:00,DFL-FRO,28.58039371627279,33
2022-04-28 00:45:00,DFL-FRO,34.25437873246277,33
2022-04-28 01:00:00,DFL-FRO,29.031128497326968,33
2022-04-28 01:15:00,DFL-FRO,40.71139248607752,33
2022-04-28 01:30:00,DFL-FRO,22.10507300316815,33
2022-04-28 01:45:00,DFL-FRO,25.470074321312076,33
2022-04-28 02:00:00,DFL-FRO,36.379768374830185,33
2022-04-28 02:15:00,DFL-FRO,45.08711428202798,33
2022-04-28 02:30:00,DFL-FRO,17.347358124017763,33
2022-04-28 02:45:00,DFL-FRO,46.994790659445485,33
2022-04-28 03:00:00,DFL-FRO,30.814413823707763,33
2022-04-28 03:15:00,DFL-FRO,18.955212047198078,33
2022-04-28 03:30:00,DFL-FRO,13.881853530964936,33
2022-04-28 03:45:00,DFL-FRO,20.923217040661395,33
2022-04-28 04:00:00,DFL-FRO,31.866050132939673,33
2022-04-28 04:15:00,DFL-FRO,31.45849868294685,33
2022-04-28 04:30:00,DFL-FRO,38.22451954613046,33
2022-04-28 04:45:00,DFL-FRO,27.492524829839528,33
2022-04-28 05:00:00,DFL-FRO,23.529851153512396,33
2022-04-28 05:15:00,DFL-FRO,28.55759846213573,33
2022-04-28 05:30:00,DFL-FRO,32.343005042517326,33
2022-04-28 05:45:00,DFL-FRO,34.16966604164608,33
2022-04-28 06:00:00,DFL-FRO,25.71633918282022,33
2022-04-28 06:15:00,DFL-FRO,41.19124044127535,33
2022-04-28 06:30:00,DFL-FRO,26.947111214389924,33
2022-04-28 06:45:00,DFL-FRO,25.145528063931387,33
2022-04-28 07:00:00,DFL-FRO,27.54693822130554,33
2022-04-28 07:15:00,DFL-FRO,43.230348545811744,33
2022-04-28 07:30:00,DFL-FRO,30.8774927337351,33
2022-04-28 07:45:00,DFL-FRO,26.403634805099603,33
2022-04-28 08:00:00,DFL-FRO,41.475279436259015,33
2022-04-28 08:15:00,DFL-FRO,58.21376684549051,33
2022-04-28 08:30:00,DFL-FRO,33.9694432346074,33
2022-04-28 08:45:00,DFL-FRO,45.18881983186709,33
2022-04-28 09:00:00,DFL-FRO,42.76591613401033,33
2022-04-28 09:15:00,DFL-FRO,27.065690423867736,33
2022-04-28 09:30:00,DFL-FRO,32.28019344106467,33
2022-04-28 09:45:00,DFL-FRO,22.4130473702364,33
2022-04-28 10:00:00,DFL-FRO,30.262933952703797,33
2022-04-28 10:15:00,DFL-FRO,26.91114024042827,33
2022-04-28 10:30:00,DFL-FRO,28.638886380610096,33
2022-04-28 10:45:00,DFL-FRO,25.99929144826679,33
2022-04-28 11:00:00,DFL-FRO,29.577998853778542,33
2022-04-28 11:15:00,DFL-FRO,37.16405052565286,33
2022-04-28 11:30:00,DFL-FRO,30.99218013795428,33
2022-04-28 11:45:00,DFL-FRO,19.058500452749925,33
2022-04-28 12:00:00,DFL-FRO,26.02665131310571,33
2022-04-28 12:15:00,DFL-FRO,20.981524473625406,33
2022-04-28 12:30:00,DFL-FRO,34.29641793963602,33
2022-04-28 12:45:00,DFL-FRO,36.86580697869839,33
2022-04-28 13:00:00,DFL-FRO,34.41597241030042,33
2022-04-28 13:15:00,DFL-FRO,25.728956652756473,33
2022-04-28 13:30:00,DFL-FRO,34.32312748697872,33
2022-04-28 13:45:00,DFL-FRO,28.10737189444786,33
2022-04-28 14:00:00,DFL-FRO,23.332766762183184,33
2022-04-28 14:15:00,DFL-FRO,39.400374040985675,33
2022-04-28 14:30:00,DFL-FRO,40.24478500164416,33
2022-04-28 14:45:00,DFL-FRO,41.73948286571565,33
2022-04-28 15:00:00,DFL-FRO,27.04526794960551,33
2022-04-28 15:15:00,DFL-FRO,44.50797939648688,33
2022-04-28 15:30:00,DFL-FRO,27.92416347480752,33
2022-04-28 15:45:00,DFL-FRO,38.44136707142255,33
2022-04-28 16:00:00,DFL-FRO,27.78963654184312,33
2022-04-28 16:15:00,DFL-FRO,30.102796652754723,33
2022-04-28 16:30:00,DFL-FRO,16.319427054630903,33
2022-04-28 16:45:00,DFL-FRO,29.456132478900777,33
2022-04-28 17:00:00,DFL-FRO,32.865215859207375,33
2022-04-28 17:15:00,DFL-FRO,28.581774539859456,33
2022-04-28 17:30:00,DFL-FRO,52.26905234597935,33
2022-04-28 17:45:00,DFL-FRO,23.175689713261757,33
2022-04-28 18:00:00,DFL-FRO,27.384762583588483,33
2022-04-28 18:15:00,DFL-FRO,24.90039951883657,33
2022-04-28 18:30:00,DFL-FRO,27.383268931783185,33
2022-04-28 18:45:00,DFL-FRO,42.7103608746399,33
2022-04-28 19:00:00,DFL-FRO,48.37071354589149,33
2022-04-28 19:15:00,DFL-FRO,26.357476460869876,33
2022-04-28 19:30:00,DFL-FRO,26.194819091374487,33
2022-04-28 19:45:00,DFL-FRO,23.2101847700468,33
2022-04-28 20:00:00,DFL-FRO,46.11030061569372,33
2022-04-28 20:15:00,DFL-FRO,43.790053511375916,33
2022-04-28 20:30:00,DFL-FRO,31.109075484727036,33
2022-04-28 20:45:00,DFL-FRO,21.714942021833693,33
2022-04-28 21:00:00,DFL-FRO,22.26292308589556,33
2022-04-28 21:15:00,DFL-FRO,33.60177815280634,33
2022-04-28 21:30:00,DFL-FRO,37.34161492845996,33
2022-04-28 21:45:00,DFL-FRO,18.0165061173321,33
2022-04-28 22:00:00,DFL-FRO,29.297351386993594,33
2022-04-28 22:15:00,DFL-FRO,50.29873738082456,33
2022-04-28 22:30:00,DFL-FRO,30.157142924946722,33
2022-04-28 22:45:00,DFL-FRO,48.52740563983754,33
2022-04-28 23:00:00,DFL-FRO,38.393673021271795,33
2022-04-28 23:15:00,DFL-FRO,23.686162284382156,33
2022-04-28 23:30:00,DFL-FRO,29.532089123898377,33
2022-04-28 23:45:00,DFL-FRO,30.912809186837038,33
2022-04-28 00:00:00,CVaR-DFL-FRO,25.83397845310452,33
2022-04-28 00:15:00,CVaR-DFL-FRO,55.70271479858019,33
2022-04-28 00:30:00,CVaR-DFL-FRO,25.77399807749738,33
2022-04-28 00:45:00,CVaR-DFL-FRO,48.77146151116082,33
2022-04-28 01:00:00,CVaR-DFL-FRO,30.482862118345658,33
2022-04-28 01:15:00,CVaR-DFL-FRO,34.62662833022525,33
2022-04-28 01:30:00,CVaR-DFL-FRO,41.54930323883918,33
2022-04-28 01:45:00,CVaR-DFL-FRO,28.988048136701558,33
2022-04-28 02:00:00,CVaR-DFL-FRO,41.62748893992823,33
2022-04-28 02:15:00,CVaR-DFL-FRO,18.4987651975909,33
2022-04-28 02:30:00,CVaR-DFL-FRO,40.004407057096316,33
2022-04-28 02:45:00,CVaR-DFL-FRO,16.228254775659913,33
2022-04-28 03:00:00,CVaR-DFL-FRO,32.53126097443253,33
2022-04-28 03:15:00,CVaR-DFL-FRO,45.49456608703869,33
2022-04-28 03:30:00,CVaR-DFL-FRO,42.33586954063424,33
2022-04-28 03:45:00,CVaR-DFL-FRO,23.33059049083281,33
2022-04-28 04:00:00,CVaR-DFL-FRO,24.281309067318837,33
2022-04-28 04:15:00,CVaR-DFL-FRO,28.188873154879413,33
2022-04-28 04:30:00,CVaR-DFL-FRO,36.978911582284425,33
2022-04-28 04:45:00,CVaR-DFL-FRO,18.58214738893103,33
2022-04-28 05:00:00,CVaR-DFL-FRO,34.76026023372493,33
2022-04-28 05:15:00,CVaR-DFL-FRO,38.44364302382579,33
2022-04-28 05:30:00,CVaR-DFL-FRO,31.96908309366537,33
2022-04-28 05:45:00,CVaR-DFL-FRO,41.081172047716166,33
2022-04-28 06:00:00,CVaR-DFL-FRO,37.41172517137973,33
2022-04-28 06:15:00,CVaR-DFL-FRO,29.5043387084224,33
2022-04-28 06:30:00,CVaR-DFL-FRO,19.14237275471181,33
2022-04-28 06:45:00,CVaR-DFL-FRO,36.37808546087038,33
2022-04-28 07:00:00,CVaR-DFL-FRO,25.968915951352887,33
2022-04-28 07:15:00,CVaR-DFL-FRO,29.170424271087203,33
2022-04-28 07:30:00,CVaR-DFL-FRO,40.49660272117743,33
2022-04-28 07:45:00,CVaR-DFL-FRO,54.1784372709382,33
2022-04-28 08:00:00,CVaR-DFL-FRO,34.493456231216186,33
2022-04-28 08:15:00,CVaR-DFL-FRO,41.44914511246144,33
2022-04-28 08:30:00,CVaR-DFL-FRO,22.29694753313505,33
2022-04-28 08:45:00,CVaR-DFL-FRO,37.66559569637925,33
2022-04-28 09:00:00,CVaR-DFL-FRO,34.260473208187044,33
2022-04-28 09:15:00,CVaR-DFL-FRO,51.10723500235334,33
2022-04-28 09:30:00,CVaR-DFL-FRO,29.515286061527387,33
2022-04-28 09:45:00,CVaR-DFL-FRO,32.38232851495545,33
2022-04-28 10:00:00,CVaR-DFL-FRO,48.47547671928219,33
2022-04-28 10:15:00,CVaR-DFL-FRO,33.92068937445144,33
2022-04-28 10:30:00,CVaR-DFL-FRO,24.743832877848693,33
2022-04-28 10:45:00,CVaR-DFL-FRO,77.0290033614013,33
2022-04-28 11:00:00,CVaR-DFL-FRO,24.977126047372334,33
2022-04-28 11:15:00,CVaR-DFL-FRO,34.20955516924744,33
2022-04-28 11:30:00,CVaR-DFL-FRO,38.866466844916545,33
2022-04-28 11:45:00,CVaR-DFL-FRO,37.92465380569773,33
2022-04-28 12:00:00,CVaR-DFL-FRO,32.90788000795955,33
2022-04-28 12:15:00,CVaR-DFL-FRO,32.95879501202915,33
2022-04-28 12:30:00,CVaR-DFL-FRO,32.449765397355016,33
2022-04-28 12:45:00,CVaR-DFL-FRO,24.689448095626055,33
2022-04-28 13:00:00,CVaR-DFL-FRO,68.00964305966254,33
2022-04-28 13:15:00,CVaR-DFL-FRO,32.60052563566557,33
2022-04-28 13:30:00,CVaR-DFL-FRO,42.00404066218178,33
2022-04-28 13:45:00,CVaR-DFL-FRO,31.4612401190251,33
2022-04-28 14:00:00,CVaR-DFL-FRO,31.265562307508766,33
2022-04-28 14:15:00,CVaR-DFL-FRO,30.304094450546245,33
2022-04-28 14:30:00,CVaR-DFL-FRO,21.579881618465397,33
2022-04-28 14:45:00,CVaR-DFL-FRO,33.206544126688016,33
2022-04-28 15:00:00,CVaR-DFL-FRO,30.762898121416445,33
2022-04-28 15:15:00,CVaR-DFL-FRO,50.200479853916164,33
2022-04-28 15:30:00,CVaR-DFL-FRO,24.07850334562217,33
2022-04-28 15:45:00,CVaR-DFL-FRO,29.181244685470467,33
2022-04-28 16:00:00,CVaR-DFL-FRO,26.412831032580222,33
2022-04-28 16:15:00,CVaR-DFL-FRO,54.60360883241548,33
2022-04-28 16:30:00,CVaR-DFL-FRO,26.651798986702193,33
2022-04-28 16:45:00,CVaR-DFL-FRO,41.5551741145377,33
2022-04-28 17:00:00,CVaR-DFL-FRO,47.160412058381425,33
2022-04-28 17:15:00,CVaR-DFL-FRO,33.35623863294432,33
2022-04-28 17:30:00,CVaR-DFL-FRO,22.769976426632493,33
2022-04-28 17:45:00,CVaR-DFL-FRO,22.859562677198895,33
2022-04-28 18:00:00,CVaR-DFL-FRO,45.572557302584656,33
2022-04-28 18:15:00,CVaR-DFL-FRO,23.605916243148386,33
2022-04-28 18:30:00,CVaR-DFL-FRO,39.417008051131745,33
2022-04-28 18:45:00,CVaR-DFL-FRO,36.16356942802956,33
2022-04-28 19:00:00,CVaR-DFL-FRO,39.23529509438868,33
2022-04-28 19:15:00,CVaR-DFL-FRO,40.4019924411324,33
2022-04-28 19:30:00,CVaR-DFL-FRO,26.12571958979113,33
2022-04-28 19:45:00,CVaR-DFL-FRO,25.78865441106332,33
2022-04-28 20:00:00,CVaR-DFL-FRO,43.5701507745769,33
2022-04-28 20:15:00,CVaR-DFL-FRO,28.712505226834367,33
2022-04-28 20:30:00,CVaR-DFL-FRO,14.870599789852292,33
2022-04-28 20:45:00,CVaR-DFL-FRO,42.68482669122091,33
2022-04-28 21:00:00,CVaR-DFL-FRO,25.307306144363054,33
2022-04-28 21:15:00,CVaR-DFL-FRO,40.34626759875124,33
2022-04-28 21:30:00,CVaR-DFL-FRO,53.76800931998008,33
2022-04-28 21:45:00,CVaR-DFL-FRO,35.08513339272069,33
2022-04-28 22:00:00,CVaR-DFL-FRO,47.53651582228333,33
2022-04-28 22:15:00,CVaR-DFL-FRO,36.60886970125027,33
2022-04-28 22:30:00,CVaR-DFL-FRO,57.114192057008275,33
2022-04-28 22:45:00,CVaR-DFL-FRO,25.105196779011848,33
2022-04-28 23:00:00,CVaR-DFL-FRO,34.814314079912734,33
2022-04-28 23:15:00,CVaR-DFL-FRO,43.00924919787414,33
2022-04-28 23:30:00,CVaR-DFL-FRO,32.90106045359265,33
2022-04-28 23:45:00,CVaR-DFL-FRO,49.900715850050275,33
2022-04-28 04:15:00,CVaR-DFL-RTRO,81.08628795287461,33
2022-04-28 08:45:00,CVaR-DFL-RTRO,25.504854666380133,33
2022-04-28 16:00:00,CVaR-DFL-RTRO,37.889890786726916,33
2022-04-28 16:15:00,CVaR-DFL-RTRO,34.03202724578507,33
2022-04-28 16:30:00,CVaR-DFL-RTRO,44.92319305893678,33
2022-04-28 16:45:00,CVaR-DFL-RTRO,42.805327141572796,33
2022-04-28 20:00:00,CVaR-DFL-RTRO,39.70774425001404,33
2022-04-28 20:15:00,CVaR-DFL-RTRO,58.23539343574507,33
2022-04-28 20:30:00,CVaR-DFL-RTRO,30.51729546694877,33
2022-04-28 21:30:00,CVaR-DFL-RTRO,31.080904922239714,33
2022-04-29 00:00:00,LSTM-FRO,23.59994432435462,33
2022-04-29 00:15:00,LSTM-FRO,18.977910596458287,33
2022-04-29 00:30:00,LSTM-FRO,25.521152136970077,33
2022-04-29 00:45:00,LSTM-FRO,24.782960290976256,33
2022-04-29 01:00:00,LSTM-FRO,21.205365435143896,33
2022-04-29 01:15:00,LSTM-FRO,32.17054463003576,33
2022-04-29 01:30:00,LSTM-FRO,25.45122760580218,33
2022-04-29 01:45:00,LSTM-FRO,33.73270982970272,33
2022-04-29 02:00:00,LSTM-FRO,24.599735129634542,33
2022-04-29 02:15:00,LSTM-FRO,25.677807711740943,33
2022-04-29 02:30:00,LSTM-FRO,22.430465360828556,33
2022-04-29 02:45:00,LSTM-FRO,25.78858692748611,33
2022-04-29 03:00:00,LSTM-FRO,30.892070644618652,33
2022-04-29 03:15:00,LSTM-FRO,23.29968042400257,33
2022-04-29 03:30:00,LSTM-FRO,29.424955167134517,33
2022-04-29 03:45:00,LSTM-FRO,21.06618173555251,33
2022-04-29 04:00:00,LSTM-FRO,31.257302985234894,33
2022-04-29 04:15:00,LSTM-FRO,22.33425127067675,33
2022-04-29 04:30:00,LSTM-FRO,31.99266653689607,33
2022-04-29 04:45:00,LSTM-FRO,26.23274767797543,33
2022-04-29 05:00:00,LSTM-FRO,37.84584565249301,33
2022-04-29 05:15:00,LSTM-FRO,19.336293620136587,33
2022-04-29 05:30:00,LSTM-FRO,17.834264400886166,33
2022-04-29 05:45:00,LSTM-FRO,22.13158586929562,33
2022-04-29 06:00:00,LSTM-FRO,18.248963028247303,33
2022-04-29 06:15:00,LSTM-FRO,18.25755966614213,33
2022-04-29 06:30:00,LSTM-FRO,30.19677387503221,33
2022-04-29 06:45:00,LSTM-FRO,25.80715931183493,33
2022-04-29 07:00:00,LSTM-FRO,22.90331999608431,33
2022-04-29 07:15:00,LSTM-FRO,23.442670795632395,33
2022-04-29 07:30:00,LSTM-FRO,22.23728639192052,33
2022-04-29 07:45:00,LSTM-FRO,39.09558974280797,33
2022-04-29 08:00:00,LSTM-FRO,21.478654705723923,33
2022-04-29 08:15:00,LSTM-FRO,18.537440479886907,33
2022-04-29 08:30:00,LSTM-FRO,31.54898879028353,33
2022-04-29 08:45:00,LSTM-FRO,24.4721980258966,33
2022-04-29 09:00:00,LSTM-FRO,43.099644002789695,33
2022-04-29 09:15:00,LSTM-FRO,22.63737557708721,33
2022-04-29 09:30:00,LSTM-FRO,31.946954610484564,33
2022-04-29 09:45:00,LSTM-FRO,33.89867094014282,33
2022-04-29 10:00:00,LSTM-FRO,22.665067059711973,33
2022-04-29 10:15:00,LSTM-FRO,21.43870987953179,33
2022-04-29 10:30:00,LSTM-FRO,31.11884687142615,33
2022-04-29 10:45:00,LSTM-FRO,29.84513537397945,33
2022-04-29 11:00:00,LSTM-FRO,18.13024305221799,33
2022-04-29 11:15:00,LSTM-FRO,19.4611176499185,33
2022-04-29 11:30:00,LSTM-FRO,13.666609594243814,33
2022-04-29 11:45:00,LSTM-FRO,29.999085751912165,33
2022-04-29 12:00:00,LSTM-FRO,24.19078781465313,33
2022-04-29 12:15:00,LSTM-FRO,24.80374745364035,33
2022-04-29 12:30:00,LSTM-FRO,16.896066851314906,33
2022-04-29 12:45:00,LSTM-FRO,19.609877153753256,33
2022-04-29 13:00:00,LSTM-FRO,22.913223401705295,33
2022-04-29 13:15:00,LSTM-FRO,21.82203789491068,33
2022-04-29 13:30:00,LSTM-FRO,26.609879559342136,33
2022-04-29 13:45:00,LSTM-FRO,29.909460317995734,33
2022-04-29 14:00:00,LSTM-FRO,45.6710459753243,33
2022-04-29 14:15:00,LSTM-FRO,25.70475296874051,33
2022-04-29 14:30:00,LSTM-FRO,34.1824267736926,33
2022-04-29 14:45:00,LSTM-FRO,20.97528048277218,33
2022-04-29 15:00:00,LSTM-FRO,16.966188767170696,33
2022-04-29 15:15:00,LSTM-FRO,23.647542185838876,33
2022-04-29 15:30:00,LSTM-FRO,17.298312101966975,33
2022-04-29 15:45:00,LSTM-FRO,25.92958363947895,33
2022-04-29 16:00:00,LSTM-FRO,21.237655034825142,33
2022-04-29 16:15:00,LSTM-FRO,15.817243433830342,33
2022-04-29 16:30:00,LSTM-FRO,39.94536889862849,33
2022-04-29 16:45:00,LSTM-FRO,22.5729321948565,33
2022-04-29 17:00:00,LSTM-FRO,17.125918891859783,33
2022-04-29 17:15:00,LSTM-FRO,32.36825105696473,33
2022-04-29 17:30:00,LSTM-FRO,21.51584500910182,33
2022-04-29 17:45:00,LSTM-FRO,33.96655185870603,33
2022-04-29 18:00:00,LSTM-FRO,21.490042249525274,33
2022-04-29 18:15:00,LSTM-FRO,22.55403609691687,33
2022-04-29 18:30:00,LSTM-FRO,28.1702805998807,33
2022-04-29 18:45:00,LSTM-FRO,29.982767014747328,33
2022-04-29 19:00:00,LSTM-FRO,31.33141122573211,33
2022-04-29 19:15:00,LSTM-FRO,25.25874354958557,33
2022-04-29 19:30:00,LSTM-FRO,29.500432734897082,33
2022-04-29 19:45:00,LSTM-FRO,31.152160348818704,33
2022-04-29 20:00:00,LSTM-FRO,27.168327562626825,33
2022-04-29 20:15:00,LSTM-FRO,24.925418290794923,33
2022-04-29 20:30:00,LSTM-FRO,17.97306317277688,33
2022-04-29 20:45:00,LSTM-FRO,30.027621380715622,33
2022-04-29 21:00:00,LSTM-FRO,26.10921392224193,33
2022-04-29 21:15:00,LSTM-FRO,23.28633870314869,33
2022-04-29 21:30:00,LSTM-FRO,35.60447949148434,33
2022-04-29 21:45:00,LSTM-FRO,18.052020818794603,33
2022-04-29 22:00:00,LSTM-FRO,39.03348498251232,33
2022-04-29 22:15:00,LSTM-FRO,25.690197696832563,33
2022-04-29 22:30:00,LSTM-FRO,27.9777836446072,33
2022-04-29 22:45:00,LSTM-FRO,23.395158890228057,33
2022-04-29 23:00:00,LSTM-FRO,16.999756262931715,33
2022-04-29 23:15:00,LSTM-FRO,24.944499114787916,33
2022-04-29 23:30:00,LSTM-FRO,28.09903830871917,33
2022-04-29 23:45:00,LSTM-FRO,30.61409814356176,33
2022-04-29 00:00:00,Transformer-FRO,16.608504563094282,33
2022-04-29 00:15:00,Transformer-FRO,19.661675638178078,33
2022-04-29 00:30:00,Transformer-FRO,49.9200438309655,33
2022-04-29 00:45:00,Transformer-FRO,22.089851021304902,33
2022-04-29 01:00:00,Transformer-FRO,42.45240335407395,33
2022-04-29 01:15:00,Transformer-FRO,23.01624302487531,33
2022-04-29 01:30:00,Transformer-FRO,27.968508757348577,33
2022-04-29 01:45:00,Transformer-FRO,34.48368224343127,33
2022-04-29 02:00:00,Transformer-FRO,23.70603357668695,33
2022-04-29 02:15:00,Transformer-FRO,44.309842963797806,33
2022-04-29 02:30:00,Transformer-FRO,29.90482651405836,33
2022-04-29 02:45:00,Transformer-FRO,33.04507314503606,33
2022-04-29 03:00:00,Transformer-FRO,27.357799115360397,33
2022-04-29 03:15:00,Transformer-FRO,34.784610471125134,33
2022-04-29 03:30:00,Transformer-FRO,44.15590871671321,33
2022-04-29 03:45:00,Transformer-FRO,28.34204182736371,33
2022-04-29 04:00:00,Transformer-FRO,45.917969434416804,33
2022-04-29 04:15:00,Transformer-FRO,25.023465066341362,33
2022-04-29 04:30:00,Transformer-FRO,35.74807238478946,33
2022-04-29 04:45:00,Transformer-FRO,33.288117312425996,33
2022-04-29 05:00:00,Transformer-FRO,22.227470216041837,33
2022-04-29 05:15:00,Transformer-FRO,30.99484548702381,33
2022-04-29 05:30:00,Transformer-FRO,29.379443521344548,33
2022-04-29 05:45:00,Transformer-FRO,23.50408213865998,33
2022-04-29 06:00:00,Transformer-FRO,32.175537891961824,33
2022-04-29 06:15:00,Transformer-FRO,30.45696287774452,33
2022-04-29 06:30:00,Transformer-FRO,28.776683364445763,33
2022-04-29 06:45:00,Transformer-FRO,28.806613923276082,33
2022-04-29 07:00:00,Transformer-FRO,28.646979972479592,33
2022-04-29 07:15:00,Transformer-FRO,26.656956432733026,33
2022-04-29 07:30:00,Transformer-FRO,30.406028587143357,33
2022-04-29 07:45:00,Transformer-FRO,24.814660717516073,33
2022-04-29 08:00:00,Transformer-FRO,58.39495109696628,33
2022-04-29 08:15:00,Transformer-FRO,20.347960710635462,33
2022-04-29 08:30:00,Transformer-FRO,25.198338034112084,33
2022-04-29 08:45:00,Transformer-FRO,25.719750414579426,33
2022-04-29 09:00:00,Transformer-FRO,49.771082631623074,33
2022-04-29 09:15:00,Transformer-FRO,20.824030923342523,33
2022-04-29 09:30:00,Transformer-FRO,32.7471647782822,33
2022-04-29 09:45:00,Transformer-FRO,31.274021612935385,33
2022-04-29 10:00:00,Transformer-FRO,31.972626984366613,33
2022-04-29 10:15:00,Transformer-FRO,40.40437908392358,33
2022-04-29 10:30:00,Transformer-FRO,40.190050225049255,33
2022-04-29 10:45:00,Transformer-FRO,26.08769227234214,33
2022-04-29 11:00:00,Transformer-FRO,30.83619866318327,33
2022-04-29 11:15:00,Transformer-FRO,18.084777568617532,33
2022-04-29 11:30:00,Transformer-FRO,30.08653581508922,33
2022-04-29 11:45:00,Transformer-FRO,23.86764797090245,33
2022-04-29 12:00:00,Transformer-FRO,27.9400499870727,33
2022-04-29 12:15:00,Transformer-FRO,18.94255184333282,33
2022-04-29 12:30:00,Transformer-FRO,32.56892611650795,33
2022-04-29 12:45:00,Transformer-FRO,18.887640277355406,33
2022-04-29 13:00:00,Transformer-FRO,30.47272140043952,33
2022-04-29 13:15:00,Transformer-FRO,21.335733937975558,33
2022-04-29 13:30:00,Transformer-FRO,23.525732823917348,33
2022-04-29 13:45:00,Transformer-FRO,39.55841630148905,33
2022-04-29 14:00:00,Transformer-FRO,34.15188531877596,33
2022-04-29 14:15:00,Transformer-FRO,39.501749076134416,33
2022-04-29 14:30:00,Transformer-FRO,43.93817435465084,33
2022-04-29 14:45:00,Transformer-FRO,23.998894132293756,33
2022-04-29 15:00:00,Transformer-FRO,43.25146688854225,33
2022-04-29 15:15:00,Transformer-FRO,20.05375865210158,33
2022-04-29 15:30:00,Transformer-FRO,35.581666308968295,33
2022-04-29 15:45:00,Transformer-FRO,25.802602070898878,33
2022-04-29 16:00:00,Transformer-FRO,23.038850754009626,33
2022-04-29 16:15:00,Transformer-FRO,34.3878064592457,33
2022-04-29 16:30:00,Transformer-FRO,37.464268386205624,33
2022-04-29 16:45:00,Transformer-FRO,37.17704656579881,33
2022-04-29 17:00:00,Transformer-FRO,31.00328611144724,33
2022-04-29 17:15:00,Transformer-FRO,30.34399509298342,33
2022-04-29 17:30:00,Transformer-FRO,33.61554828124272,33
2022-04-29 17:45:00,Transformer-FRO,31.72623135436196,33
2022-04-29 18:00:00,Transformer-FRO,33.74206930663254,33
2022-04-29 18:15:00,Transformer-FRO,30.916108729625037,33
2022-04-29 18:30:00,Transformer-FRO,36.48488684169174,33
2022-04-29 18:45:00,Transformer-FRO,19.230379455288105,33
2022-04-29 19:00:00,Transformer-FRO,28.34213340696747,33
2022-04-29 19:15:00,Transformer-FRO,20.48286680256891,33
2022-04-29 19:30:00,Transformer-FRO,31.50440300393965,33
2022-04-29 19:45:00,Transformer-FRO,44.88468759354262,33
2022-04-29 20:00:00,Transformer-FRO,25.931725565851444,33
2022-04-29 20:15:00,Transformer-FRO,30.306999244724956,33
2022-04-29 20:30:00,Transformer-FRO,35.67761429609784,33
2022-04-29 20:45:00,Transformer-FRO,17.15477873932666,33
2022-04-29 21:00:00,Transformer-FRO,25.610829413061236,33
2022-04-29 21:15:00,Transformer-FRO,32.22991913407836,33
2022-04-29 21:30:00,Transformer-FRO,13.83591046898741,33
2022-04-29 21:45:00,Transformer-FRO,22.762706259421204,33
2022-04-29 22:00:00,Transformer-FRO,39.00969729770125,33
2022-04-29 22:15:00,Transformer-FRO,38.03235878544377,33
2022-04-29 22:30:00,Transformer-FRO,32.31193758500235,33
2022-04-29 22:45:00,Transformer-FRO,36.85963790301397,33
2022-04-29 23:00:00,Transformer-FRO,31.005250314342494,33
2022-04-29 23:15:00,Transformer-FRO,33.8651134951211,33
2022-04-29 23:30:00,Transformer-FRO,27.019108676963338,33
2022-04-29 23:45:00,Transformer-FRO,30.217243806845683,33
2022-04-29 00:00:00,DFL-FRO,43.86199567324632,33
2022-04-29 00:15:00,DFL-FRO,47.1324958253784,33
2022-04-29 00:30:00,DFL-FRO,45.3083804154659,33
2022-04-29 00:45:00,DFL-FRO,27.529248369739104,33
2022-04-29 01:00:00,DFL-FRO,23.64605029608753,33
2022-04-29 01:15:00,DFL-FRO,44.027190151539756,33
2022-04-29 01:30:00,DFL-FRO,35.892702767124746,33
2022-04-29 01:45:00,DFL-FRO,33.80244018945536,33
2022-04-29 02:00:00,DFL-FRO,25.852455370453377,33
2022-04-29 02:15:00,DFL-FRO,34.72933695739165,33
2022-04-29 02:30:00,DFL-FRO,22.79523916844962,33
2022-04-29 02:45:00,DFL-FRO,36.80583111346518,33
2022-04-29 03:00:00,DFL-FRO,45.29542727569837,33
2022-04-29 03:15:00,DFL-FRO,48.59262000847588,33
2022-04-29 03:30:00,DFL-FRO,37.57750079709866,33
2022-04-29 03:45:00,DFL-FRO,20.986142559344636,33
2022-04-29 04:00:00,DFL-FRO,32.58845931959976,33
2022-04-29 04:15:00,DFL-FRO,55.99185388919001,33
2022-04-29 04:30:00,DFL-FRO,24.213906690188498,33
2022-04-29 04:45:00,DFL-FRO,30.340385598066725,33
2022-04-29 05:00:00,DFL-FRO,45.73473500877857,33
2022-04-29 05:15:00,DFL-FRO,36.632619128490695,33
2022-04-29 05:30:00,DFL-FRO,61.56426016817957,33
2022-04-29 05:45:00,DFL-FRO,25.147349663361034,33
2022-04-29 06:00:00,DFL-FRO,23.410147067819086,33
2022-04-29 06:15:00,DFL-FRO,43.38357547932818,33
2022-04-29 06:30:00,DFL-FRO,22.103416513989043,33
2022-04-29 06:45:00,DFL-FRO,29.199173325598473,33
2022-04-29 07:00:00,DFL-FRO,30.28577649298962,33
2022-04-29 07:15:00,DFL-FRO,41.16777142135433,33
2022-04-29 07:30:00,DFL-FRO,36.60337543393036,33
2022-04-29 07:45:00,DFL-FRO,35.034555752476685,33
2022-04-29 08:00:00,DFL-FRO,27.572838976522736,33
2022-04-29 08:15:00,DFL-FRO,43.273445824614896,33
2022-04-29 08:30:00,DFL-FRO,94.70730599523175,33
2022-04-29 08:45:00,DFL-FRO,37.39738990652959,33
2022-04-29 09:00:00,DFL-FRO,31.713588473011335,33
2022-04-29 09:15:00,DFL-FRO,21.484110975266738,33
2022-04-29 09:30:00,DFL-FRO,25.824739637449184,33
2022-04-29 09:45:00,DFL-FRO,29.061647200386695,33
2022-04-29 10:00:00,DFL-FRO,26.57580998094766,33
2022-04-29 10:15:00,DFL-FRO,30.707004858457257,33
2022-04-29 10:30:00,DFL-FRO,50.62400614268291,33
2022-04-29 10:45:00,DFL-FRO,43.66302229507586,33
2022-04-29 11:00:00,DFL-FRO,29.50947182548628,33
2022-04-29 11:15:00,DFL-FRO,22.027165527490183,33
2022-04-29 11:30:00,DFL-FRO,44.7744000475305,33
2022-04-29 11:45:00,DFL-FRO,30.42612809760452,33
2022-04-29 12:00:00,DFL-FRO,19.06532470175993,33
2022-04-29 12:15:00,DFL-FRO,37.618424235536224,33
2022-04-29 12:30:00,DFL-FRO,41.04975094733302,33
2022-04-29 12:45:00,DFL-FRO,15.689268928585218,33
2022-04-29 13:00:00,DFL-FRO,24.51300662188253,33
2022-04-29 13:15:00,DFL-FRO,29.909983133772936,33
2022-04-29 13:30:00,DFL-FRO,37.8506019300198,33
2022-04-29 13:45:00,DFL-FRO,26.715798317988316,33
2022-04-29 14:00:00,DFL-FRO,24.461235095204295,33
2022-04-29 14:15:00,DFL-FRO,37.77324638642082,33
2022-04-29 14:30:00,DFL-FRO,27.071191829811564,33
2022-04-29 14:45:00,DFL-FRO,35.87417884531509,33
2022-04-29 15:00:00,DFL-FRO,22.629184924245422,33
2022-04-29 15:15:00,DFL-FRO,21.160478706368973,33
2022-04-29 15:30:00,DFL-FRO,38.07017980403722,33
2022-04-29 15:45:00,DFL-FRO,33.093509717773195,33
2022-04-29 16:00:00,DFL-FRO,39.88573899964076,33
2022-04-29 16:15:00,DFL-FRO,26.59067876949016,33
2022-04-29 16:30:00,DFL-FRO,24.71499378753145,33
2022-04-29 16:45:00,DFL-FRO,45.06669545789939,33
2022-04-29 17:00:00,DFL-FRO,20.177928057899823,33
2022-04-29 17:15:00,DFL-FRO,43.715295974376396,33
2022-04-29 17:30:00,DFL-FRO,44.564500531565805,33
2022-04-29 17:45:00,DFL-FRO,39.198564186439086,33
2022-04-29 18:00:00,DFL-FRO,25.465109764434715,33
2022-04-29 18:15:00,DFL-FRO,24.567924046989514,33
2022-04-29 18:30:00,DFL-FRO,29.091256842016232,33
2022-04-29 18:45:00,DFL-FRO,21.50101977636056,33
2022-04-29 19:00:00,DFL-FRO,23.59392231905368,33
2022-04-29 19:15:00,DFL-FRO,36.915447171881,33
2022-04-29 19:30:00,DFL-FRO,36.96294906046157,33
2022-04-29 19:45:00,DFL-FRO,23.02315910861281,33
2022-04-29 20:00:00,DFL-FRO,37.23973894529792,33
2022-04-29 20:15:00,DFL-FRO,35.007605671488506,33
2022-04-29 20:30:00,DFL-FRO,46.97943255278135,33
2022-04-29 20:45:00,DFL-FRO,36.14592758636265,33
2022-04-29 21:00:00,DFL-FRO,41.42775154199463,33
2022-04-29 21:15:00,DFL-FRO,35.23047710243688,33
2022-04-29 21:30:00,DFL-FRO,40.529663762320595,33
2022-04-29 21:45:00,DFL-FRO,21.548539110201016,33
2022-04-29 22:00:00,DFL-FRO,29.81602968833948,33
2022-04-29 22:15:00,DFL-FRO,30.511638526882592,33
2022-04-29 22:30:00,DFL-FRO,28.81939482741469,33
2022-04-29 22:45:00,DFL-FRO,34.906137499199225,33
2022-04-29 23:00:00,DFL-FRO,36.80908552286098,33
2022-04-29 23:15:00,DFL-FRO,34.40754207750591,33
2022-04-29 23:30:00,DFL-FRO,29.360919028090166,33
2022-04-29 23:45:00,DFL-FRO,25.127311431996645,33
2022-04-29 00:00:00,CVaR-DFL-FRO,45.875272869691074,33
2022-04-29 00:15:00,CVaR-DFL-FRO,30.00661413451683,33
2022-04-29 00:30:00,CVaR-DFL-FRO,38.7580501410452,33
2022-04-29 00:45:00,CVaR-DFL-FRO,23.96501943647756,33
2022-04-29 01:00:00,CVaR-DFL-FRO,41.61248471518596,33
2022-04-29 01:15:00,CVaR-DFL-FRO,38.701669353860204,33
2022-04-29 01:30:00,CVaR-DFL-FRO,34.43961663917844,33
2022-04-29 01:45:00,CVaR-DFL-FRO,67.29088493795241,33
2022-04-29 02:00:00,CVaR-DFL-FRO,28.753171850284673,33
2022-04-29 02:15:00,CVaR-DFL-FRO,51.242770970788236,33
2022-04-29 02:30:00,CVaR-DFL-FRO,81.1110731287894,33
2022-04-29 02:45:00,CVaR-DFL-FRO,57.49125105553342,33
2022-04-29 03:00:00,CVaR-DFL-FRO,40.757612357250686,33
2022-04-29 03:15:00,CVaR-DFL-FRO,28.95085581893875,33
2022-04-29 03:30:00,CVaR-DFL-FRO,26.973861144107016,33
2022-04-29 03:45:00,CVaR-DFL-FRO,36.22500008256738,33
2022-04-29 04:00:00,CVaR-DFL-FRO,33.258011306367145,33
2022-04-29 04:15:00,CVaR-DFL-FRO,32.92389649646053,33
2022-04-29 04:30:00,CVaR-DFL-FRO,37.19570650331399,33
2022-04-29 04:45:00,CVaR-DFL-FRO,39.87328165987315,33
2022-04-29 05:00:00,CVaR-DFL-FRO,47.84451885286653,33
2022-04-29 05:15:00,CVaR-DFL-FRO,28.034051200189335,33
2022-04-29 05:30:00,CVaR-DFL-FRO,33.30712859889104,33
2022-04-29 05:45:00,CVaR-DFL-FRO,39.169220640553974,33
2022-04-29 06:00:00,CVaR-DFL-FRO,38.73644104670989,33
2022-04-29 06:15:00,CVaR-DFL-FRO,72.75874797547246,33
2022-04-29 06:30:00,CVaR-DFL-FRO,44.23330303602106,33
2022-04-29 06:45:00,CVaR-DFL-FRO,24.949049530950088,33
2022-04-29 07:00:00,CVaR-DFL-FRO,46.859855928597646,33
2022-04-29 07:15:00,CVaR-DFL-FRO,48.7502727616197,33
2022-04-29 07:30:00,CVaR-DFL-FRO,39.591245086304866,33
2022-04-29 07:45:00,CVaR-DFL-FRO,28.24706243758562,33
2022-04-29 08:00:00,CVaR-DFL-FRO,71.01111187488942,33
2022-04-29 08:15:00,CVaR-DFL-FRO,29.533112326184618,33
2022-04-29 08:30:00,CVaR-DFL-FRO,50.52263340412097,33
2022-04-29 08:45:00,CVaR-DFL-FRO,43.79368531712529,33
2022-04-29 09:00:00,CVaR-DFL-FRO,49.591489870468465,33
2022-04-29 09:15:00,CVaR-DFL-FRO,69.89215159100476,33
2022-04-29 09:30:00,CVaR-DFL-FRO,48.9924809311416,33
2022-04-29 09:45:00,CVaR-DFL-FRO,34.60887316748488,33
2022-04-29 10:00:00,CVaR-DFL-FRO,58.005861938238375,33
2022-04-29 10:15:00,CVaR-DFL-FRO,33.83981912506568,33
2022-04-29 10:30:00,CVaR-DFL-FRO,43.300682458757755,33
2022-04-29 10:45:00,CVaR-DFL-FRO,27.557309748960076,33
2022-04-29 11:00:00,CVaR-DFL-FRO,29.870384476112946,33
2022-04-29 11:15:00,CVaR-DFL-FRO,41.8197606091902,33
2022-04-29 11:30:00,CVaR-DFL-FRO,46.13723229608311,33
2022-04-29 11:45:00,CVaR-DFL-FRO,24.271107380691,33
2022-04-29 12:00:00,CVaR-DFL-FRO,48.02409074411367,33
2022-04-29 12:15:00,CVaR-DFL-FRO,31.91933255030432,33
2022-04-29 12:30:00,CVaR-DFL-FRO,61.21734072966607,33
2022-04-29 12:45:00,CVaR-DFL-FRO,36.90088445240758,33
2022-04-29 13:00:00,CVaR-DFL-FRO,29.044832673545635,33
2022-04-29 13:15:00,CVaR-DFL-FRO,42.13775963748541,33
2022-04-29 13:30:00,CVaR-DFL-FRO,30.974964705557905,33
2022-04-29 13:45:00,CVaR-DFL-FRO,61.01365452514519,33
2022-04-29 14:00:00,CVaR-DFL-FRO,41.165129942793826,33
2022-04-29 14:15:00,CVaR-DFL-FRO,39.26649923395976,33
2022-04-29 14:30:00,CVaR-DFL-FRO,49.45307183846982,33
2022-04-29 14:45:00,CVaR-DFL-FRO,30.134106121694895,33
2022-04-29 15:00:00,CVaR-DFL-FRO,27.590928307456892,33
2022-04-29 15:15:00,CVaR-DFL-FRO,46.71717268125288,33
2022-04-29 15:30:00,CVaR-DFL-FRO,29.261457096688943,33
2022-04-29 15:45:00,CVaR-DFL-FRO,29.258375799282202,33
2022-04-29 16:00:00,CVaR-DFL-FRO,53.357667397130385,33
2022-04-29 16:15:00,CVaR-DFL-FRO,48.43971721262068,33
2022-04-29 16:30:00,CVaR-DFL-FRO,27.894953511080654,33
2022-04-29 16:45:00,CVaR-DFL-FRO,33.96564769806112,33
2022-04-29 17:00:00,CVaR-DFL-FRO,31.09534995392824,33
2022-04-29 17:15:00,CVaR-DFL-FRO,71.41462505194279,33
2022-04-29 17:30:00,CVaR-DFL-FRO,54.516466478146,33
2022-04-29 17:45:00,CVaR-DFL-FRO,36.120711763504445,33
2022-04-29 18:00:00,CVaR-DFL-FRO,49.214217408312614,33
2022-04-29 18:15:00,CVaR-DFL-FRO,27.02307759505005,33
2022-04-29 18:30:00,CVaR-DFL-FRO,33.40644906933602,33
2022-04-29 18:45:00,CVaR-DFL-FRO,42.51934962620496,33
2022-04-29 19:00:00,CVaR-DFL-FRO,47.3574741072095,33
2022-04-29 19:15:00,CVaR-DFL-FRO,39.932553160845764,33
2022-04-29 19:30:00,CVaR-DFL-FRO,44.450197740761936,33
2022-04-29 19:45:00,CVaR-DFL-FRO,42.170871154813966,33
2022-04-29 20:00:00,CVaR-DFL-FRO,39.121793321132216,33
2022-04-29 20:15:00,CVaR-DFL-FRO,37.54545948678999,33
2022-04-29 20:30:00,CVaR-DFL-FRO,36.06002655904978,33
2022-04-29 20:45:00,CVaR-DFL-FRO,44.22906177129637,33
2022-04-29 21:00:00,CVaR-DFL-FRO,46.7528979209145,33
2022-04-29 21:15:00,CVaR-DFL-FRO,43.770711972139615,33
2022-04-29 21:30:00,CVaR-DFL-FRO,28.553671128525195,33
2022-04-29 21:45:00,CVaR-DFL-FRO,30.190433669009956,33
2022-04-29 22:00:00,CVaR-DFL-FRO,46.58012599897004,33
2022-04-29 22:15:00,CVaR-DFL-FRO,64.97424526469923,33
2022-04-29 22:30:00,CVaR-DFL-FRO,43.15125889817482,33
2022-04-29 22:45:00,CVaR-DFL-FRO,36.22368840601505,33
2022-04-29 23:00:00,CVaR-DFL-FRO,44.12494243757242,33
2022-04-29 23:15:00,CVaR-DFL-FRO,28.926142097935518,33
2022-04-29 23:30:00,CVaR-DFL-FRO,61.775475574284805,33
2022-04-29 23:45:00,CVaR-DFL-FRO,43.61124372159121,33
2022-04-29 00:45:00,CVaR-DFL-RTRO,47.046716322933044,33
2022-04-29 01:15:00,CVaR-DFL-RTRO,46.99567319910302,33
2022-04-29 11:45:00,CVaR-DFL-RTRO,38.962625790652616,33
2022-04-29 13:45:00,CVaR-DFL-RTRO,37.12178934199249,33
2022-04-29 15:15:00,CVaR-DFL-RTRO,39.37261055892641,33
2022-04-29 16:00:00,CVaR-DFL-RTRO,51.80846073129257,33
2022-04-29 16:30:00,CVaR-DFL-RTRO,53.66914583179485,33
2022-04-29 17:00:00,CVaR-DFL-RTRO,30.63815771796318,33
2022-04-29 17:15:00,CVaR-DFL-RTRO,52.407352455136326,33
2022-04-29 19:30:00,CVaR-DFL-RTRO,34.12921539434094,33
2022-04-29 19:45:00,CVaR-DFL-RTRO,47.941800307131906,33
2022-04-29 20:15:00,CVaR-DFL-RTRO,39.22817504327013,33
2022-04-10 00:00:00,LSTM-FRO,41.08344931088961,69
2022-04-10 00:15:00,LSTM-FRO,47.72223914182328,69
2022-04-10 00:30:00,LSTM-FRO,53.135111771838,69
2022-04-10 00:45:00,LSTM-FRO,36.640719343783694,69
2022-04-10 01:00:00,LSTM-FRO,44.80271619334825,69
2022-04-10 01:15:00,LSTM-FRO,42.67594159060389,69
2022-04-10 01:30:00,LSTM-FRO,40.10780946969802,69
2022-04-10 01:45:00,LSTM-FRO,40.860782493303034,69
2022-04-10 02:00:00,LSTM-FRO,60.32333114996088,69
2022-04-10 02:15:00,LSTM-FRO,39.26362923613765,69
2022-04-10 02:30:00,LSTM-FRO,52.60177355543281,69
2022-04-10 02:45:00,LSTM-FRO,49.37946904371874,69
2022-04-10 03:00:00,LSTM-FRO,32.13227297912721,69
2022-04-10 03:15:00,LSTM-FRO,51.98166695788313,69
2022-04-10 03:30:00,LSTM-FRO,31.9991853900791,69
2022-04-10 03:45:00,LSTM-FRO,53.42265861683847,69
2022-04-10 04:00:00,LSTM-FRO,40.17453800534662,69
2022-04-10 04:15:00,LSTM-FRO,45.72564578211046,69
2022-04-10 04:30:00,LSTM-FRO,32.971474004783396,69
2022-04-10 04:45:00,LSTM-FRO,47.05333100287775,69
2022-04-10 05:00:00,LSTM-FRO,57.584903136336806,69
2022-04-10 05:15:00,LSTM-FRO,37.26215502679745,69
2022-04-10 05:30:00,LSTM-FRO,39.17879187477473,69
2022-04-10 05:45:00,LSTM-FRO,51.14613174604652,69
2022-04-10 06:00:00,LSTM-FRO,51.468099371362044,69
2022-04-10 06:15:00,LSTM-FRO,24.76626465653346,69
2022-04-10 06:30:00,LSTM-FRO,75.67943171447871,69
2022-04-10 06:45:00,LSTM-FRO,52.10426819868978,69
2022-04-10 07:00:00,LSTM-FRO,54.35373123101792,69
2022-04-10 07:15:00,LSTM-FRO,44.014732541479496,69
2022-04-10 07:30:00,LSTM-FRO,28.639613798328476,69
2022-04-10 07:45:00,LSTM-FRO,54.051701751273875,69
2022-04-10 08:00:00,LSTM-FRO,39.59385777293857,69
2022-04-10 08:15:00,LSTM-FRO,52.30580789908593,69
2022-04-10 08:30:00,LSTM-FRO,43.19094995039162,69
2022-04-10 08:45:00,LSTM-FRO,48.43952960830935,69
2022-04-10 09:00:00,LSTM-FRO,37.56240602658722,69
2022-04-10 09:15:00,LSTM-FRO,56.68757224191632,69
2022-04-10 09:30:00,LSTM-FRO,33.85978842045115,69
2022-04-10 09:45:00,LSTM-FRO,80.18099771930518,69
2022-04-10 10:00:00,LSTM-FRO,80.02774823088482,69
2022-04-10 10:15:00,LSTM-FRO,68.74690422159568,69
2022-04-10 10:30:00,LSTM-FRO,62.85025841747121,69
2022-04-10 10:45:00,LSTM-FRO,44.67141368842053,69
2022-04-10 11:00:00,LSTM-FRO,61.15482033694605,69
2022-04-10 11:15:00,LSTM-FRO,44.54120224599795,69
2022-04-10 11:30:00,LSTM-FRO,30.89405462051439,69
2022-04-10 11:45:00,LSTM-FRO,66.54793300443279,69
2022-04-10 12:00:00,LSTM-FRO,60.57843037231453,69
2022-04-10 12:15:00,LSTM-FRO,45.272121902593724,69
2022-04-10 12:30:00,LSTM-FRO,33.54837899425467,69
2022-04-10 12:45:00,LSTM-FRO,39.38554946749565,69
2022-04-10 13:00:00,LSTM-FRO,28.88661717863305,69
2022-04-10 13:15:00,LSTM-FRO,57.84759613338872,69
2022-04-10 13:30:00,LSTM-FRO,30.510293517469165,69
2022-04-10 13:45:00,LSTM-FRO,49.0364953397598,69
2022-04-10 14:00:00,LSTM-FRO,36.92017036522183,69
2022-04-10 14:15:00,LSTM-FRO,31.893402469427823,69
2022-04-10 14:30:00,LSTM-FRO,48.443368926597714,69
2022-04-10 14:45:00,LSTM-FRO,41.96188911849903,69
2022-04-10 15:00:00,LSTM-FRO,56.315949795375516,69
2022-04-10 15:15:00,LSTM-FRO,33.19300548060395,69
2022-04-10 15:30:00,LSTM-FRO,37.72950949497533,69
2022-04-10 15:45:00,LSTM-FRO,25.057297490032557,69
2022-04-10 16:00:00,LSTM-FRO,26.36929884675003,69
2022-04-10 16:15:00,LSTM-FRO,71.66317552685578,69
2022-04-10 16:30:00,LSTM-FRO,76.98613227369354,69
2022-04-10 16:45:00,LSTM-FRO,46.704325740094525,69
2022-04-10 17:00:00,LSTM-FRO,37.10474387538337,69
2022-04-10 17:15:00,LSTM-FRO,42.33593208911668,69
2022-04-10 17:30:00,LSTM-FRO,56.818437099857135,69
2022-04-10 17:45:00,LSTM-FRO,40.10201500523312,69
2022-04-10 18:00:00,LSTM-FRO,48.43459872723104,69
2022-04-10 18:15:00,LSTM-FRO,45.48381385337927,69
2022-04-10 18:30:00,LSTM-FRO,39.55784651669877,69
2022-04-10 18:45:00,LSTM-FRO,39.98336030297451,69
2022-04-10 19:00:00,LSTM-FRO,49.116453167078184,69
2022-04-10 19:15:00,LSTM-FRO,35.7060736416933,69
2022-04-10 19:30:00,LSTM-FRO,51.10901686967954,69
2022-04-10 19:45:00,LSTM-FRO,40.53531705073816,69
2022-04-10 20:00:00,LSTM-FRO,47.11225179593299,69
2022-04-10 20:15:00,LSTM-FRO,64.58542490741881,69
2022-04-10 20:30:00,LSTM-FRO,43.74318682925469,69
2022-04-10 20:45:00,LSTM-FRO,57.48169122697362,69
2022-04-10 21:00:00,LSTM-FRO,29.09850720173521,69
2022-04-10 21:15:00,LSTM-FRO,40.547692388985716,69
2022-04-10 21:30:00,LSTM-FRO,45.94797386685387,69
2022-04-10 21:45:00,LSTM-FRO,73.95018832459515,69
2022-04-10 22:00:00,LSTM-FRO,27.897370333668857,69
2022-04-10 22:15:00,LSTM-FRO,44.54082918816321,69
2022-04-10 22:30:00,LSTM-FRO,65.77540414263386,69
2022-04-10 22:45:00,LSTM-FRO,37.468001656391614,69
2022-04-10 23:00:00,LSTM-FRO,43.2556450878915,69
2022-04-10 23:15:00,LSTM-FRO,49.59244764430605,69
2022-04-10 23:30:00,LSTM-FRO,47.792935200428,69
2022-04-10 23:45:00,LSTM-FRO,67.60147634620355,69
2022-04-10 00:00:00,Transformer-FRO,68.15532973806992,69
2022-04-10 00:15:00,Transformer-FRO,44.04628611703792,69
2022-04-10 00:30:00,Transformer-FRO,39.91768535253993,69
2022-04-10 00:45:00,Transformer-FRO,45.60303131316956,69
2022-04-10 01:00:00,Transformer-FRO,35.821684848697934,69
2022-04-10 01:15:00,Transformer-FRO,54.78515976916733,69
2022-04-10 01:30:00,Transformer-FRO,43.752544417120895,69
2022-04-10 01:45:00,Transformer-FRO,40.633722163419165,69
2022-04-10 02:00:00,Transformer-FRO,55.00021425620576,69
2022-04-10 02:15:00,Transformer-FRO,35.964537910912476,69
2022-04-10 02:30:00,Transformer-FRO,59.00664572652074,69
2022-04-10 02:45:00,Transformer-FRO,42.718623588273374,69
2022-04-10 03:00:00,Transformer-FRO,65.24574458272839,69
2022-04-10 03:15:00,Transformer-FRO,43.6749867843029,69
2022-04-10 03:30:00,Transformer-FRO,56.928882343968496,69
2022-04-10 03:45:00,Transformer-FRO,50.64305942740382,69
2022-04-10 04:00:00,Transformer-FRO,58.60205947996035,69
2022-04-10 04:15:00,Transformer-FRO,49.739331292882916,69
2022-04-10 04:30:00,Transformer-FRO,31.441120315967915,69
2022-04-10 04:45:00,Transformer-FRO,62.757911575730894,69
2022-04-10 05:00:00,Transformer-FRO,47.26067759339818,69
2022-04-10 05:15:00,Transformer-FRO,59.29755383582481,69
2022-04-10 05:30:00,Transformer-FRO,57.79439245356694,69
2022-04-10 05:45:00,Transformer-FRO,39.58076067024551,69
2022-04-10 06:00:00,Transformer-FRO,38.158332630449635,69
2022-04-10 06:15:00,Transformer-FRO,57.275160111238165,69
2022-04-10 06:30:00,Transformer-FRO,44.69769627665071,69
2022-04-10 06:45:00,Transformer-FRO,61.59418559816974,69
2022-04-10 07:00:00,Transformer-FRO,46.16703081930074,69
2022-04-10 07:15:00,Transformer-FRO,62.995618290130935,69
2022-04-10 07:30:00,Transformer-FRO,53.938614029424336,69
2022-04-10 07:45:00,Transformer-FRO,52.08324756391513,69
2022-04-10 08:00:00,Transformer-FRO,43.88704493556439,69
2022-04-10 08:15:00,Transformer-FRO,51.34029398146101,69
2022-04-10 08:30:00,Transformer-FRO,65.81790807180172,69
2022-04-10 08:45:00,Transformer-FRO,47.67156231073533,69
2022-04-10 09:00:00,Transformer-FRO,55.46473560616844,69
2022-04-10 09:15:00,Transformer-FRO,48.92796551014247,69
2022-04-10 09:30:00,Transformer-FRO,49.928256168818514,69
2022-04-10 09:45:00,Transformer-FRO,75.49919256433515,69
2022-04-10 10:00:00,Transformer-FRO,65.96920866097715,69
2022-04-10 10:15:00,Transformer-FRO,49.34793694219158,69
2022-04-10 10:30:00,Transformer-FRO,51.10217243140229,69
2022-04-10 10:45:00,Transformer-FRO,40.31879124495673,69
2022-04-10 11:00:00,Transformer-FRO,46.22951836036235,69
2022-04-10 11:15:00,Transformer-FRO,52.37264462058077,69
2022-04-10 11:30:00,Transformer-FRO,60.24207690260239,69
2022-04-10 11:45:00,Transformer-FRO,58.68273833181364,69
2022-04-10 12:00:00,Transformer-FRO,36.28649747456369,69
2022-04-10 12:15:00,Transformer-FRO,62.243662040233836,69
2022-04-10 12:30:00,Transformer-FRO,47.24734597651492,69
2022-04-10 12:45:00,Transformer-FRO,37.452389406678314,69
2022-04-10 13:00:00,Transformer-FRO,68.30731301950753,69
2022-04-10 13:15:00,Transformer-FRO,70.5864578793733,69
2022-04-10 13:30:00,Transformer-FRO,51.75788174983352,69
2022-04-10 13:45:00,Transformer-FRO,58.072312961615076,69
2022-04-10 14:00:00,Transformer-FRO,58.960068549625205,69
2022-04-10 14:15:00,Transformer-FRO,69.36466015278843,69
2022-04-10 14:30:00,Transformer-FRO,58.3625554512191,69
2022-04-10 14:45:00,Transformer-FRO,34.293248718797464,69
2022-04-10 15:00:00,Transformer-FRO,81.30432163897335,69
2022-04-10 15:15:00,Transformer-FRO,63.68776559191589,69
2022-04-10 15:30:00,Transformer-FRO,42.37541826424004,69
2022-04-10 15:45:00,Transformer-FRO,37.0416592959446,69
2022-04-10 16:00:00,Transformer-FRO,55.08784486257706,69
2022-04-10 16:15:00,Transformer-FRO,44.987533596362205,69
2022-04-10 16:30:00,Transformer-FRO,52.652410000737255,69
2022-04-10 16:45:00,Transformer-FRO,58.59455648081115,69
2022-04-10 17:00:00,Transformer-FRO,41.75614193614143,69
2022-04-10 17:15:00,Transformer-FRO,36.22227311899131,69
2022-04-10 17:30:00,Transformer-FRO,53.418161031286466,69
2022-04-10 17:45:00,Transformer-FRO,42.11466640896107,69
2022-04-10 18:00:00,Transformer-FRO,50.20657452947277,69
2022-04-10 18:15:00,Transformer-FRO,34.15481802259605,69
2022-04-10 18:30:00,Transformer-FRO,45.29199810590452,69
2022-04-10 18:45:00,Transformer-FRO,58.16488744448786,69
2022-04-10 19:00:00,Transformer-FRO,56.54765655829416,69
2022-04-10 19:15:00,Transformer-FRO,39.426866356821144,69
2022-04-10 19:30:00,Transformer-FRO,35.73690284191607,69
2022-04-10 19:45:00,Transformer-FRO,48.54228638796093,69
2022-04-10 20:00:00,Transformer-FRO,55.89474412316055,69
2022-04-10 20:15:00,Transformer-FRO,53.68627746216628,69
2022-04-10 20:30:00,Transformer-FRO,42.346540199920284,69
2022-04-10 20:45:00,Transformer-FRO,52.21610304154651,69
2022-04-10 21:00:00,Transformer-FRO,71.30350803106835,69
2022-04-10 21:15:00,Transformer-FRO,50.979271694835596,69
2022-04-10 21:30:00,Transformer-FRO,31.688083450952288,69
2022-04-10 21:45:00,Transformer-FRO,50.953640145482666,69
2022-04-10 22:00:00,Transformer-FRO,82.02564506496154,69
2022-04-10 22:15:00,Transformer-FRO,34.65255748400701,69
2022-04-10 22:30:00,Transformer-FRO,48.71789120082124,69
2022-04-10 22:45:00,Transformer-FRO,45.59581031557677,69
2022-04-10 23:00:00,Transformer-FRO,49.55872485685875,69
2022-04-10 23:15:00,Transformer-FRO,50.83584596107047,69
2022-04-10 23:30:00,Transformer-FRO,64.92379801491307,69
2022-04-10 23:45:00,Transformer-FRO,49.41664804675613,69
2022-04-10 00:00:00,DFL-FRO,57.664395307850995,69
2022-04-10 00:15:00,DFL-FRO,54.00003766681844,69
2022-04-10 00:30:00,DFL-FRO,49.3472803592773,69
2022-04-10 00:45:00,DFL-FRO,35.68399173158,69
2022-04-10 01:00:00,DFL-FRO,64.44104582484269,69
2022-04-10 01:15:00,DFL-FRO,106.47806151218869,69
2022-04-10 01:30:00,DFL-FRO,67.84853420930558,69
2022-04-10 01:45:00,DFL-FRO,72.37145836500528,69
2022-04-10 02:00:00,DFL-FRO,53.04935172122228,69
2022-04-10 02:15:00,DFL-FRO,55.63790758299843,69
2022-04-10 02:30:00,DFL-FRO,78.72340569233822,69
2022-04-10 02:45:00,DFL-FRO,105.12434450174382,69
2022-04-10 03:00:00,DFL-FRO,90.74738723397289,69
2022-04-10 03:15:00,DFL-FRO,74.83434282488054,69
2022-04-10 03:30:00,DFL-FRO,60.207326426311624,69
2022-04-10 03:45:00,DFL-FRO,63.249930328174095,69
2022-04-10 04:00:00,DFL-FRO,48.186001494866105,69
2022-04-10 04:15:00,DFL-FRO,39.60237232036788,69
2022-04-10 04:30:00,DFL-FRO,43.364760442373246,69
2022-04-10 04:45:00,DFL-FRO,60.45692998276505,69
2022-04-10 05:00:00,DFL-FRO,54.89407291863318,69
2022-04-10 05:15:00,DFL-FRO,39.36515227052085,69
2022-04-10 05:30:00,DFL-FRO,58.98756265122953,69
2022-04-10 05:45:00,DFL-FRO,54.485738430774944,69
2022-04-10 06:00:00,DFL-FRO,42.80444631040681,69
2022-04-10 06:15:00,DFL-FRO,53.69525306997103,69
2022-04-10 06:30:00,DFL-FRO,54.44693492738437,69
2022-04-10 06:45:00,DFL-FRO,50.085030333362035,69
2022-04-10 07:00:00,DFL-FRO,77.44506051820414,69
2022-04-10 07:15:00,DFL-FRO,34.82958704792448,69
2022-04-10 07:30:00,DFL-FRO,34.023657808975905,69
2022-04-10 07:45:00,DFL-FRO,59.66795354469433,69
2022-04-10 08:00:00,DFL-FRO,61.25310232686395,69
2022-04-10 08:15:00,DFL-FRO,66.82129758815091,69
2022-04-10 08:30:00,DFL-FRO,51.19568312591001,69
2022-04-10 08:45:00,DFL-FRO,45.99973177003693,69
2022-04-10 09:00:00,DFL-FRO,59.48956916493728,69
2022-04-10 09:15:00,DFL-FRO,52.623391059650295,69
2022-04-10 09:30:00,DFL-FRO,92.37962355566667,69
2022-04-10 09:45:00,DFL-FRO,54.396612027230155,69
2022-04-10 10:00:00,DFL-FRO,58.7239167108243,69
2022-04-10 10:15:00,DFL-FRO,119.93523791556922,69
2022-04-10 10:30:00,DFL-FRO,56.422316118367576,69
2022-04-10 10:45:00,DFL-FRO,69.75100563141504,69
2022-04-10 11:00:00,DFL-FRO,71.54967011310832,69
2022-04-10 11:15:00,DFL-FRO,73.28990318575167,69
2022-04-10 11:30:00,DFL-FRO,64.69095989930595,69
2022-04-10 11:45:00,DFL-FRO,62.96694296579351,69
2022-04-10 12:00:00,DFL-FRO,61.32592225846802,69
2022-04-10 12:15:00,DFL-FRO,50.66322266680399,69
2022-04-10 12:30:00,DFL-FRO,65.35259594561934,69
2022-04-10 12:45:00,DFL-FRO,105.7183622712927,69
2022-04-10 13:00:00,DFL-FRO,83.91268272507143,69
2022-04-10 13:15:00,DFL-FRO,64.9551394744516,69
2022-04-10 13:30:00,DFL-FRO,75.9110837862851,69
2022-04-10 13:45:00,DFL-FRO,46.63738612564185,69
2022-04-10 14:00:00,DFL-FRO,55.384274680940585,69
2022-04-10 14:15:00,DFL-FRO,77.90967619792755,69
2022-04-10 14:30:00,DFL-FRO,90.7273805434392,69
2022-04-10 14:45:00,DFL-FRO,47.95035602980898,69
2022-04-10 15:00:00,DFL-FRO,52.00274947954203,69
2022-04-10 15:15:00,DFL-FRO,110.37803819478677,69
2022-04-10 15:30:00,DFL-FRO,61.255421419075994,69
2022-04-10 15:45:00,DFL-FRO,99.7636832628421,69
2022-04-10 16:00:00,DFL-FRO,63.19883580877013,69
2022-04-10 16:15:00,DFL-FRO,63.90458486872055,69
2022-04-10 16:30:00,DFL-FRO,54.68520643179834,69
2022-04-10 16:45:00,DFL-FRO,77.79326638477941,69
2022-04-10 17:00:00,DFL-FRO,87.47194922956955,69
2022-04-10 17:15:00,DFL-FRO,44.50365657265662,69
2022-04-10 17:30:00,DFL-FRO,53.96476362840517,69
2022-04-10 17:45:00,DFL-FRO,77.19195055860685,69
2022-04-10 18:00:00,DFL-FRO,57.47104247651503,69
2022-04-10 18:15:00,DFL-FRO,51.8590659230537,69
2022-04-10 18:30:00,DFL-FRO,79.27895680477248,69
2022-04-10 18:45:00,DFL-FRO,81.40968324779597,69
2022-04-10 19:00:00,DFL-FRO,52.503685646735185,69
2022-04-10 19:15:00,DFL-FRO,63.29724091338704,69
2022-04-10 19:30:00,DFL-FRO,42.375943597765115,69
2022-04-10 19:45:00,DFL-FRO,46.29220927681061,69
2022-04-10 20:00:00,DFL-FRO,61.74004475173649,69
2022-04-10 20:15:00,DFL-FRO,60.143703632375306,69
2022-04-10 20:30:00,DFL-FRO,45.36817698949464,69
2022-04-10 20:45:00,DFL-FRO,48.69948176987981,69
2022-04-10 21:00:00,DFL-FRO,44.127674786643674,69
2022-04-10 21:15:00,DFL-FRO,67.78771292437844,69
2022-04-10 21:30:00,DFL-FRO,34.19859707963571,69
2022-04-10 21:45:00,DFL-FRO,44.799045288514286,69
2022-04-10 22:00:00,DFL-FRO,35.224869989266786,69
2022-04-10 22:15:00,DFL-FRO,67.10127730435337,69
2022-04-10 22:30:00,DFL-FRO,35.82893311495283,69
2022-04-10 22:45:00,DFL-FRO,60.14918010602656,69
2022-04-10 23:00:00,DFL-FRO,94.71632776297722,69
2022-04-10 23:15:00,DFL-FRO,95.62773956918592,69
2022-04-10 23:30:00,DFL-FRO,35.796831265371004,69
2022-04-10 23:45:00,DFL-FRO,64.85417138797933,69
2022-04-10 00:00:00,CVaR-DFL-FRO,38.77126181180994,69
2022-04-10 00:15:00,CVaR-DFL-FRO,53.75012306666145,69
2022-04-10 00:30:00,CVaR-DFL-FRO,80.66564642545428,69
2022-04-10 00:45:00,CVaR-DFL-FRO,66.69380858150805,69
2022-04-10 01:00:00,CVaR-DFL-FRO,44.80423993170745,69
2022-04-10 01:15:00,CVaR-DFL-FRO,68.85443944589423,69
2022-04-10 01:30:00,CVaR-DFL-FRO,28.213915999090936,69
2022-04-10 01:45:00,CVaR-DFL-FRO,44.29467353693404,69
2022-04-10 02:00:00,CVaR-DFL-FRO,43.35399686030379,69
2022-04-10 02:15:00,CVaR-DFL-FRO,56.96144570583927,69
2022-04-10 02:30:00,CVaR-DFL-FRO,52.316382249923976,69
2022-04-10 02:45:00,CVaR-DFL-FRO,53.29667022984631,69
2022-04-10 03:00:00,CVaR-DFL-FRO,52.76320754674567,69
2022-04-10 03:15:00,CVaR-DFL-FRO,56.00591580538345,69
2022-04-10 03:30:00,CVaR-DFL-FRO,65.50334439449817,69
2022-04-10 03:45:00,CVaR-DFL-FRO,58.19850834995489,69
2022-04-10 04:00:00,CVaR-DFL-FRO,51.04172742547778,69
2022-04-10 04:15:00,CVaR-DFL-FRO,62.817378605478325,69
2022-04-10 04:30:00,CVaR-DFL-FRO,71.42385236414493,69
2022-04-10 04:45:00,CVaR-DFL-FRO,47.01398205424331,69
2022-04-10 05:00:00,CVaR-DFL-FRO,54.63663784624127,69
2022-04-10 05:15:00,CVaR-DFL-FRO,79.06159951949833,69
2022-04-10 05:30:00,CVaR-DFL-FRO,39.84605912359387,69
2022-04-10 05:45:00,CVaR-DFL-FRO,96.0350526561176,69
2022-04-10 06:00:00,CVaR-DFL-FRO,37.09563902530751,69
2022-04-10 06:15:00,CVaR-DFL-FRO,50.10813091158441,69
2022-04-10 06:30:00,CVaR-DFL-FRO,41.72855643451614,69
2022-04-10 06:45:00,CVaR-DFL-FRO,107.84152388695829,69
2022-04-10 07:00:00,CVaR-DFL-FRO,47.76928203866484,69
2022-04-10 07:15:00,CVaR-DFL-FRO,47.80555704293137,69
2022-04-10 07:30:00,CVaR-DFL-FRO,49.724760022469546,69
2022-04-10 07:45:00,CVaR-DFL-FRO,57.26007280637113,69
2022-04-10 08:00:00,CVaR-DFL-FRO,50.36535339272463,69
2022-04-10 08:15:00,CVaR-DFL-FRO,53.43527681878698,69
2022-04-10 08:30:00,CVaR-DFL-FRO,19.122593086947614,69
2022-04-10 08:45:00,CVaR-DFL-FRO,56.59791588450718,69
2022-04-10 09:00:00,CVaR-DFL-FRO,55.928011161959276,69
2022-04-10 09:15:00,CVaR-DFL-FRO,76.16559753946183,69
2022-04-10 09:30:00,CVaR-DFL-FRO,82.66123205344034,69
2022-04-10 09:45:00,CVaR-DFL-FRO,52.5562632262927,69
2022-04-10 10:00:00,CVaR-DFL-FRO,71.21035088021618,69
2022-04-10 10:15:00,CVaR-DFL-FRO,39.86043113989845,69
2022-04-10 10:30:00,CVaR-DFL-FRO,70.1648085610413,69
2022-04-10 10:45:00,CVaR-DFL-FRO,46.78056877854139,69
2022-04-10 11:00:00,CVaR-DFL-FRO,38.870378905444475,69
2022-04-10 11:15:00,CVaR-DFL-FRO,52.589975540792125,69
2022-04-10 11:30:00,CVaR-DFL-FRO,84.97936155981495,69
2022-04-10 11:45:00,CVaR-DFL-FRO,58.75893634154331,69
2022-04-10 12:00:00,CVaR-DFL-FRO,87.48428604344856,69
2022-04-10 12:15:00,CVaR-DFL-FRO,44.35117294166652,69
2022-04-10 12:30:00,CVaR-DFL-FRO,76.37980773505639,69
2022-04-10 12:45:00,CVaR-DFL-FRO,45.666201149625905,69
2022-04-10 13:00:00,CVaR-DFL-FRO,59.552231968905964,69
2022-04-10 13:15:00,CVaR-DFL-FRO,59.3966523084751,69
2022-04-10 13:30:00,CVaR-DFL-FRO,67.95328197480488,69
2022-04-10 13:45:00,CVaR-DFL-FRO,60.01187641093643,69
2022-04-10 14:00:00,CVaR-DFL-FRO,44.479485259821004,69
2022-04-10 14:15:00,CVaR-DFL-FRO,72.6044167942186,69
2022-04-10 14:30:00,CVaR-DFL-FRO,93.93587642761705,69
2022-04-10 14:45:00,CVaR-DFL-FRO,46.6205114282694,69
2022-04-10 15:00:00,CVaR-DFL-FRO,31.925497989698925,69
2022-04-10 15:15:00,CVaR-DFL-FRO,64.69948196807405,69
2022-04-10 15:30:00,CVaR-DFL-FRO,50.32363780865688,69
2022-04-10 15:45:00,CVaR-DFL-FRO,53.46412663044897,69
2022-04-10 16:00:00,CVaR-DFL-FRO,65.82214686239571,69
2022-04-10 16:15:00,CVaR-DFL-FRO,48.45281387619078,69
2022-04-10 16:30:00,CVaR-DFL-FRO,51.28165868166453,69
2022-04-10 16:45:00,CVaR-DFL-FRO,53.967677401178335,69
2022-04-10 17:00:00,CVaR-DFL-FRO,86.779499693008,69
2022-04-10 17:15:00,CVaR-DFL-FRO,56.13590747017766,69
2022-04-10 17:30:00,CVaR-DFL-FRO,38.27546244880339,69
2022-04-10 17:45:00,CVaR-DFL-FRO,38.739104249814936,69
2022-04-10 18:00:00,CVaR-DFL-FRO,58.020912591758695,69
2022-04-10 18:15:00,CVaR-DFL-FRO,39.52585326464171,69
2022-04-10 18:30:00,CVaR-DFL-FRO,34.67375307108045,69
2022-04-10 18:45:00,CVaR-DFL-FRO,67.42171858487896,69
2022-04-10 19:00:00,CVaR-DFL-FRO,68.42795217060306,69
2022-04-10 19:15:00,CVaR-DFL-FRO,49.76407582223461,69
2022-04-10 19:30:00,CVaR-DFL-FRO,60.79624765473275,69
2022-04-10 19:45:00,CVaR-DFL-FRO,58.885584650045296,69
2022-04-10 20:00:00,CVaR-DFL-FRO,66.74953637554793,69
2022-04-10 20:15:00,CVaR-DFL-FRO,66.79661992428983,69
2022-04-10 20:30:00,CVaR-DFL-FRO,25.28631550034008,69
2022-04-10 20:45:00,CVaR-DFL-FRO,51.723474005925304,69
2022-04-10 21:00:00,CVaR-DFL-FRO,65.064312714717,69
2022-04-10 21:15:00,CVaR-DFL-FRO,49.13093538239336,69
2022-04-10 21:30:00,CVaR-DFL-FRO,56.24017151316361,69
2022-04-10 21:45:00,CVaR-DFL-FRO,69.81239169748984,69
2022-04-10 22:00:00,CVaR-DFL-FRO,57.00635112680676,69
2022-04-10 22:15:00,CVaR-DFL-FRO,87.78738966780917,69
2022-04-10 22:30:00,CVaR-DFL-FRO,78.23066503535938,69
2022-04-10 22:45:00,CVaR-DFL-FRO,53.66734104319408,69
2022-04-10 23:00:00,CVaR-DFL-FRO,52.39212795779138,69
2022-04-10 23:15:00,CVaR-DFL-FRO,23.482983191518887,69
2022-04-10 23:30:00,CVaR-DFL-FRO,50.39491872915045,69
2022-04-10 23:45:00,CVaR-DFL-FRO,36.93756561036482,69
2022-04-10 06:00:00,CVaR-DFL-RTRO,48.53449110835306,69
2022-04-10 09:00:00,CVaR-DFL-RTRO,48.17656476209882,69
2022-04-10 09:30:00,CVaR-DFL-RTRO,50.798255316832375,69
2022-04-10 12:00:00,CVaR-DFL-RTRO,73.63136063365924,69
2022-04-10 12:15:00,CVaR-DFL-RTRO,105.76513238664009,69
2022-04-10 14:15:00,CVaR-DFL-RTRO,61.16119582568721,69
2022-04-10 14:30:00,CVaR-DFL-RTRO,63.534884377137566,69
2022-04-10 15:00:00,CVaR-DFL-RTRO,68.76599250877797,69
2022-04-10 15:45:00,CVaR-DFL-RTRO,87.36894416621428,69
2022-04-10 16:15:00,CVaR-DFL-RTRO,63.516916089121345,69
2022-04-10 19:30:00,CVaR-DFL-RTRO,62.450383816495176,69
2022-04-10 21:00:00,CVaR-DFL-RTRO,48.809293107794396,69
2022-04-10 22:00:00,CVaR-DFL-RTRO,61.72853513546423,69
2022-04-11 00:00:00,LSTM-FRO,45.87389090344852,69
2022-04-11 00:15:00,LSTM-FRO,37.238269711936475,69
2022-04-11 00:30:00,LSTM-FRO,61.15377828189215,69
2022-04-11 00:45:00,LSTM-FRO,38.71232662900988,69
2022-04-11 01:00:00,LSTM-FRO,64.04178193569184,69
2022-04-11 01:15:00,LSTM-FRO,63.77948329305254,69
2022-04-11 01:30:00,LSTM-FRO,45.47356750109853,69
2022-04-11 01:45:00,LSTM-FRO,30.780278949949107,69
2022-04-11 02:00:00,LSTM-FRO,79.66467786378253,69
2022-04-11 02:15:00,LSTM-FRO,49.41686909639695,69
2022-04-11 02:30:00,LSTM-FRO,41.33714397936653,69
2022-04-11 02:45:00,LSTM-FRO,57.00257351193746,69
2022-04-11 03:00:00,LSTM-FRO,53.48365836262133,69
2022-04-11 03:15:00,LSTM-FRO,62.312872633346885,69
2022-04-11 03:30:00,LSTM-FRO,37.969920312769034,69
2022-04-11 03:45:00,LSTM-FRO,48.57065927459966,69
2022-04-11 04:00:00,LSTM-FRO,33.293733690680845,69
2022-04-11 04:15:00,LSTM-FRO,53.002901170993134,69
2022-04-11 04:30:00,LSTM-FRO,44.58109359975514,69
2022-04-11 04:45:00,LSTM-FRO,48.115993542257726,69
2022-04-11 05:00:00,LSTM-FRO,43.22117035599794,69
2022-04-11 05:15:00,LSTM-FRO,42.1005932021725,69
2022-04-11 05:30:00,LSTM-FRO,36.057298944743685,69
2022-04-11 05:45:00,LSTM-FRO,54.68009042226031,69
2022-04-11 06:00:00,LSTM-FRO,65.17300606566901,69
2022-04-11 06:15:00,LSTM-FRO,38.99073444623048,69
2022-04-11 06:30:00,LSTM-FRO,51.523132047225594,69
2022-04-11 06:45:00,LSTM-FRO,49.97712703977004,69
2022-04-11 07:00:00,LSTM-FRO,44.92987491062427,69
2022-04-11 07:15:00,LSTM-FRO,30.564324766636716,69
2022-04-11 07:30:00,LSTM-FRO,32.34039491425858,69
2022-04-11 07:45:00,LSTM-FRO,36.855776202635106,69
2022-04-11 08:00:00,LSTM-FRO,26.208776055170425,69
2022-04-11 08:15:00,LSTM-FRO,63.850352221797046,69
2022-04-11 08:30:00,LSTM-FRO,49.17465178325282,69
2022-04-11 08:45:00,LSTM-FRO,44.50264576652598,69
2022-04-11 09:00:00,LSTM-FRO,25.873861855402225,69
2022-04-11 09:15:00,LSTM-FRO,28.366405072371055,69
2022-04-11 09:30:00,LSTM-FRO,44.81228328602657,69
2022-04-11 09:45:00,LSTM-FRO,73.53355740490849,69
2022-04-11 10:00:00,LSTM-FRO,37.625515557138776,69
2022-04-11 10:15:00,LSTM-FRO,55.69653395406685,69
2022-04-11 10:30:00,LSTM-FRO,39.74942453941639,69
2022-04-11 10:45:00,LSTM-FRO,45.464751256957875,69
2022-04-11 11:00:00,LSTM-FRO,60.82520736366321,69
2022-04-11 11:15:00,LSTM-FRO,41.1088064409192,69
2022-04-11 11:30:00,LSTM-FRO,37.70625999585709,69
2022-04-11 11:45:00,LSTM-FRO,64.011483460207,69
2022-04-11 12:00:00,LSTM-FRO,45.35438661260117,69
2022-04-11 12:15:00,LSTM-FRO,58.968664365312215,69
2022-04-11 12:30:00,LSTM-FRO,37.75225398887619,69
2022-04-11 12:45:00,LSTM-FRO,63.82861225973998,69
2022-04-11 13:00:00,LSTM-FRO,48.02690887642098,69
2022-04-11 13:15:00,LSTM-FRO,50.00980819584318,69
2022-04-11 13:30:00,LSTM-FRO,46.345040572091776,69
2022-04-11 13:45:00,LSTM-FRO,39.49506095369445,69
2022-04-11 14:00:00,LSTM-FRO,44.81969268389483,69
2022-04-11 14:15:00,LSTM-FRO,40.123500541818295,69
2022-04-11 14:30:00,LSTM-FRO,57.0515079473137,69
2022-04-11 14:45:00,LSTM-FRO,42.61023971131317,69
2022-04-11 15:00:00,LSTM-FRO,30.79606401082356,69
2022-04-11 15:15:00,LSTM-FRO,29.41390524332297,69
2022-04-11 15:30:00,LSTM-FRO,29.06674506588314,69
2022-04-11 15:45:00,LSTM-FRO,52.36327272569314,69
2022-04-11 16:00:00,LSTM-FRO,33.58220864420335,69
2022-04-11 16:15:00,LSTM-FRO,48.34697220940302,69
2022-04-11 16:30:00,LSTM-FRO,46.402611097109116,69
2022-04-11 16:45:00,LSTM-FRO,44.116136332432724,69
2022-04-11 17:00:00,LSTM-FRO,50.05524556082776,69
2022-04-11 17:15:00,LSTM-FRO,46.656422144813135,69
2022-04-11 17:30:00,LSTM-FRO,22.710321432285284,69
2022-04-11 17:45:00,LSTM-FRO,41.33986067229029,69
2022-04-11 18:00:00,LSTM-FRO,49.88837228172764,69
2022-04-11 18:15:00,LSTM-FRO,67.68378652689655,69
2022-04-11 18:30:00,LSTM-FRO,68.47292313956558,69
2022-04-11 18:45:00,LSTM-FRO,31.84450244705622,69
2022-04-11 19:00:00,LSTM-FRO,41.06988078687996,69
2022-04-11 19:15:00,LSTM-FRO,30.26259924073625,69
2022-04-11 19:30:00,LSTM-FRO,65.6686743642971,69
2022-04-11 19:45:00,LSTM-FRO,57.82015902417606,69
2022-04-11 20:00:00,LSTM-FRO,48.96381948609172,69
2022-04-11 20:15:00,LSTM-FRO,46.74776833255333,69
2022-04-11 20:30:00,LSTM-FRO,63.41267076764342,69
2022-04-11 20:45:00,LSTM-FRO,60.773943807311454,69
2022-04-11 21:00:00,LSTM-FRO,59.96647194218127,69
2022-04-11 21:15:00,LSTM-FRO,50.28541005199928,69
2022-04-11 21:30:00,LSTM-FRO,41.07500526536716,69
2022-04-11 21:45:00,LSTM-FRO,54.36111400922041,69
2022-04-11 22:00:00,LSTM-FRO,55.0327919213502,69
2022-04-11 22:15:00,LSTM-FRO,42.74329897852873,69
2022-04-11 22:30:00,LSTM-FRO,41.05417499482647,69
2022-04-11 22:45:00,LSTM-FRO,59.59531881489396,69
2022-04-11 23:00:00,LSTM-FRO,68.08996002254135,69
2022-04-11 23:15:00,LSTM-FRO,37.14918183293247,69
2022-04-11 23:30:00,LSTM-FRO,41.969870164851535,69
2022-04-11 23:45:00,LSTM-FRO,48.96806269802463,69
2022-04-11 00:00:00,Transformer-FRO,42.321399377167594,69
2022-04-11 00:15:00,Transformer-FRO,78.85264048401216,69
2022-04-11 00:30:00,Transformer-FRO,54.03218698752347,69
2022-04-11 00:45:00,Transformer-FRO,55.58134048761708,69
2022-04-11 01:00:00,Transformer-FRO,76.35116449097352,69
2022-04-11 01:15:00,Transformer-FRO,43.13148685215565,69
2022-04-11 01:30:00,Transformer-FRO,47.34830204370943,69
2022-04-11 01:45:00,Transformer-FRO,35.030864461100556,69
2022-04-11 02:00:00,Transformer-FRO,46.331646180717954,69
2022-04-11 02:15:00,Transformer-FRO,32.95983465048806,69
2022-04-11 02:30:00,Transformer-FRO,58.78207337384489,69
2022-04-11 02:45:00,Transformer-FRO,54.00286705079044,69
2022-04-11 03:00:00,Transformer-FRO,45.09356142562839,69
2022-04-11 03:15:00,Transformer-FRO,47.20166870153648,69
2022-04-11 03:30:00,Transformer-FRO,58.98947372332213,69
2022-04-11 03:45:00,Transformer-FRO,36.11209710527804,69
2022-04-11 04:00:00,Transformer-FRO,51.07078056802269,69
2022-04-11 04:15:00,Transformer-FRO,58.05168902632523,69
2022-04-11 04:30:00,Transformer-FRO,30.551535887432692,69
2022-04-11 04:45:00,Transformer-FRO,57.83330238304444,69
2022-04-11 05:00:00,Transformer-FRO,31.418727434530425,69
2022-04-11 05:15:00,Transformer-FRO,46.992498704048046,69
2022-04-11 05:30:00,Transformer-FRO,35.85526425288054,69
2022-04-11 05:45:00,Transformer-FRO,70.14742683647597,69
2022-04-11 06:00:00,Transformer-FRO,35.91346014122684,69
2022-04-11 06:15:00,Transformer-FRO,31.61332861151601,69
2022-04-11 06:30:00,Transformer-FRO,50.14385036213424,69
2022-04-11 06:45:00,Transformer-FRO,43.5277591060789,69
2022-04-11 07:00:00,Transformer-FRO,32.82645074782417,69
2022-04-11 07:15:00,Transformer-FRO,55.50134821593384,69
2022-04-11 07:30:00,Transformer-FRO,28.942134010731287,69
2022-04-11 07:45:00,Transformer-FRO,37.05406483037693,69
2022-04-11 08:00:00,Transformer-FRO,41.74679119859392,69
2022-04-11 08:15:00,Transformer-FRO,59.61460768058066,69
2022-04-11 08:30:00,Transformer-FRO,67.72665282296224,69
2022-04-11 08:45:00,Transformer-FRO,64.43397815744643,69
2022-04-11 09:00:00,Transformer-FRO,46.56082191217065,69
2022-04-11 09:15:00,Transformer-FRO,25.856847429007914,69
2022-04-11 09:30:00,Transformer-FRO,53.597319060583224,69
2022-04-11 09:45:00,Transformer-FRO,70.86461184181583,69
2022-04-11 10:00:00,Transformer-FRO,66.65477274671987,69
2022-04-11 10:15:00,Transformer-FRO,54.6061675334807,69
2022-04-11 10:30:00,Transformer-FRO,35.61391951879398,69
2022-04-11 10:45:00,Transformer-FRO,42.289221785173105,69
2022-04-11 11:00:00,Transformer-FRO,79.8851033159477,69
2022-04-11 11:15:00,Transformer-FRO,33.58111504189785,69
2022-04-11 11:30:00,Transformer-FRO,35.999764863627455,69
2022-04-11 11:45:00,Transformer-FRO,61.81815454051003,69
2022-04-11 12:00:00,Transformer-FRO,43.33166988432024,69
2022-04-11 12:15:00,Transformer-FRO,35.685359398472784,69
2022-04-11 12:30:00,Transformer-FRO,71.92451417353301,69
2022-04-11 12:45:00,Transformer-FRO,54.57943689040282,69
2022-04-11 13:00:00,Transformer-FRO,43.888413221983,69
2022-04-11 13:15:00,Transformer-FRO,36.01901104878015,69
2022-04-11 13:30:00,Transformer-FRO,82.26701655359265,69
2022-04-11 13:45:00,Transformer-FRO,48.13836852433359,69
2022-04-11 14:00:00,Transformer-FRO,69.53470818298739,69
2022-04-11 14:15:00,Transformer-FRO,61.040912399232724,69
2022-04-11 14:30:00,Transformer-FRO,42.33743685510606,69
2022-04-11 14:45:00,Transformer-FRO,42.4246988917278,69
2022-04-11 15:00:00,Transformer-FRO,70.42135665003603,69
2022-04-11 15:15:00,Transformer-FRO,70.71709739991778,69
2022-04-11 15:30:00,Transformer-FRO,29.812734195157322,69
2022-04-11 15:45:00,Transformer-FRO,55.846448216333776,69
2022-04-11 16:00:00,Transformer-FRO,46.94851533970253,69
2022-04-11 16:15:00,Transformer-FRO,37.082040009041705,69
2022-04-11 16:30:00,Transformer-FRO,51.83705596270639,69
2022-04-11 16:45:00,Transformer-FRO,34.1693105213455,69
2022-04-11 17:00:00,Transformer-FRO,42.93787731741457,69
2022-04-11 17:15:00,Transformer-FRO,39.4043838687934,69
2022-04-11 17:30:00,Transformer-FRO,42.56924105133,69
2022-04-11 17:45:00,Transformer-FRO,47.55638163574861,69
2022-04-11 18:00:00,Transformer-FRO,37.25274053568301,69
2022-04-11 18:15:00,Transformer-FRO,72.7704716985645,69
2022-04-11 18:30:00,Transformer-FRO,55.036293440302,69
2022-04-11 18:45:00,Transformer-FRO,77.05902768026894,69
2022-04-11 19:00:00,Transformer-FRO,46.47892681008264,69
2022-04-11 19:15:00,Transformer-FRO,42.0331389877617,69
2022-04-11 19:30:00,Transformer-FRO,76.34191357917908,69
2022-04-11 19:45:00,Transformer-FRO,41.71612057022743,69
2022-04-11 20:00:00,Transformer-FRO,46.2604986281136,69
2022-04-11 20:15:00,Transformer-FRO,58.36088570473043,69
2022-04-11 20:30:00,Transformer-FRO,35.17246608669297,69
2022-04-11 20:45:00,Transformer-FRO,58.228911258335394,69
2022-04-11 21:00:00,Transformer-FRO,56.33342515497102,69
2022-04-11 21:15:00,Transformer-FRO,67.2702329964389,69
2022-04-11 21:30:00,Transformer-FRO,60.9842735906796,69
2022-04-11 21:45:00,Transformer-FRO,67.80570326256041,69
2022-04-11 22:00:00,Transformer-FRO,47.07976031407394,69
2022-04-11 22:15:00,Transformer-FRO,38.7554925144862,69
2022-04-11 22:30:00,Transformer-FRO,83.60943840519616,69
2022-04-11 22:45:00,Transformer-FRO,32.6394241876531,69
2022-04-11 23:00:00,Transformer-FRO,33.49624427881348,69
2022-04-11 23:15:00,Transformer-FRO,56.06858453868662,69
2022-04-11 23:30:00,Transformer-FRO,73.75215857143421,69
2022-04-11 23:45:00,Transformer-FRO,50.8780605477033,69
2022-04-11 00:00:00,DFL-FRO,33.348946147771564,69
2022-04-11 00:15:00,DFL-FRO,50.88588087936239,69
2022-04-11 00:30:00,DFL-FRO,34.51656367254905,69
2022-04-11 00:45:00,DFL-FRO,73.04376969837729,69
2022-04-11 01:00:00,DFL-FRO,37.85289910766705,69
2022-04-11 01:15:00,DFL-FRO,40.8453327151954,69
2022-04-11 01:30:00,DFL-FRO,67.75028306546399,69
2022-04-11 01:45:00,DFL-FRO,79.08577497303304,69
2022-04-11 02:00:00,DFL-FRO,56.02332214298,69
2022-04-11 02:15:00,DFL-FRO,68.83313486583152,69
2022-04-11 02:30:00,DFL-FRO,68.2064785993825,69
2022-04-11 02:45:00,DFL-FRO,55.137138599079236,69
2022-04-11 03:00:00,DFL-FRO,43.01314421482422,69
2022-04-11 03:15:00,DFL-FRO,68.73055097628192,69
2022-04-11 03:30:00,DFL-FRO,69.67260584864933,69
2022-04-11 03:45:00,DFL-FRO,75.42543165784694,69
2022-04-11 04:00:00,DFL-FRO,63.99425417841597,69
2022-04-11 04:15:00,DFL-FRO,42.12601172710715,69
2022-04-11 04:30:00,DFL-FRO,71.2091899429933,69
2022-04-11 04:45:00,DFL-FRO,58.5729125462101,69
2022-04-11 05:00:00,DFL-FRO,51.127991183732874,69
2022-04-11 05:15:00,DFL-FRO,53.91744290589239,69
2022-04-11 05:30:00,DFL-FRO,48.21770656945959,69
2022-04-11 05:45:00,DFL-FRO,75.31516010078727,69
2022-04-11 06:00:00,DFL-FRO,39.25863772461329,69
2022-04-11 06:15:00,DFL-FRO,44.260438413712315,69
2022-04-11 06:30:00,DFL-FRO,53.400140198317736,69
2022-04-11 06:45:00,DFL-FRO,92.42550930532862,69
2022-04-11 07:00:00,DFL-FRO,78.91746593381124,69
2022-04-11 07:15:00,DFL-FRO,36.865319059915244,69
2022-04-11 07:30:00,DFL-FRO,85.82388645944576,69
2022-04-11 07:45:00,DFL-FRO,85.77719643483009,69
2022-04-11 08:00:00,DFL-FRO,42.060529971269624,69
2022-04-11 08:15:00,DFL-FRO,28.748206416910282,69
2022-04-11 08:30:00,DFL-FRO,57.41273906741975,69
2022-04-11 08:45:00,DFL-FRO,80.45090576400771,69
2022-04-11 09:00:00,DFL-FRO,91.84036561498576,69
2022-04-11 09:15:00,DFL-FRO,45.82048999440351,69
2022-04-11 09:30:00,DFL-FRO,96.10488672371228,69
2022-04-11 09:45:00,DFL-FRO,31.232844556274006,69
2022-04-11 10:00:00,DFL-FRO,52.81107472222499,69
2022-04-11 10:15:00,DFL-FRO,52.08294727628642,69
2022-04-11 10:30:00,DFL-FRO,81.13340516393912,69
2022-04-11 10:45:00,DFL-FRO,84.54779462897088,69
2022-04-11 11:00:00,DFL-FRO,76.71869541135754,69
2022-04-11 11:15:00,DFL-FRO,40.01492401175743,69
2022-04-11 11:30:00,DFL-FRO,74.75942509970771,69
2022-04-11 11:45:00,DFL-FRO,67.65500381916432,69
2022-04-11 12:00:00,DFL-FRO,36.550240675182295,69
2022-04-11 12:15:00,DFL-FRO,32.68497163962509,69
2022-04-11 12:30:00,DFL-FRO,78.55521427820354,69
2022-04-11 12:45:00,DFL-FRO,55.689988674506935,69
2022-04-11 13:00:00,DFL-FRO,40.7604847222546,69
2022-04-11 13:15:00,DFL-FRO,55.25022327257629,69
2022-04-11 13:30:00,DFL-FRO,64.94050248561457,69
2022-04-11 13:45:00,DFL-FRO,57.240650958308755,69
2022-04-11 14:00:00,DFL-FRO,37.802103806382796,69
2022-04-11 14:15:00,DFL-FRO,99.79958006609246,69
2022-04-11 14:30:00,DFL-FRO,77.80956437239183,69
2022-04-11 14:45:00,DFL-FRO,53.30063103867142,69
2022-04-11 15:00:00,DFL-FRO,53.91045698698553,69
2022-04-11 15:15:00,DFL-FRO,64.85704201850136,69
2022-04-11 15:30:00,DFL-FRO,42.5910917769405,69
2022-04-11 15:45:00,DFL-FRO,64.18629297051518,69
2022-04-11 16:00:00,DFL-FRO,40.239503693977056,69
2022-04-11 16:15:00,DFL-FRO,57.44010514052652,69
2022-04-11 16:30:00,DFL-FRO,42.12516008404636,69
2022-04-11 16:45:00,DFL-FRO,42.730092231260144,69
2022-04-11 17:00:00,DFL-FRO,93.26381395677926,69
2022-04-11 17:15:00,DFL-FRO,59.58407911619253,69
2022-04-11 17:30:00,DFL-FRO,62.130449934957014,69
2022-04-11 17:45:00,DFL-FRO,33.20256133635979,69
2022-04-11 18:00:00,DFL-FRO,49.50445402043928,69
2022-04-11 18:15:00,DFL-FRO,66.74728704406019,69
2022-04-11 18:30:00,DFL-FRO,61.89804232920398,69
2022-04-11 18:45:00,DFL-FRO,31.89155161276165,69
2022-04-11 19:00:00,DFL-FRO,62.12573772352572,69
2022-04-11 19:15:00,DFL-FRO,64.9866936780631,69
2022-04-11 19:30:00,DFL-FRO,84.20132071082769,69
2022-04-11 19:45:00,DFL-FRO,48.69703019487032,69
2022-04-11 20:00:00,DFL-FRO,31.108403785153104,69
2022-04-11 20:15:00,DFL-FRO,44.21939847180693,69
2022-04-11 20:30:00,DFL-FRO,42.984491349651044,69
2022-04-11 20:45:00,DFL-FRO,72.14780829682287,69
2022-04-11 21:00:00,DFL-FRO,27.205704555597443,69
2022-04-11 21:15:00,DFL-FRO,51.626839391972304,69
2022-04-11 21:30:00,DFL-FRO,87.64743888886798,69
2022-04-11 21:45:00,DFL-FRO,58.71523632040611,69
2022-04-11 22:00:00,DFL-FRO,75.47427805584704,69
2022-04-11 22:15:00,DFL-FRO,36.85535140310378,69
2022-04-11 22:30:00,DFL-FRO,37.27203335321702,69
2022-04-11 22:45:00,DFL-FRO,87.93123978325733,69
2022-04-11 23:00:00,DFL-FRO,60.29484970440894,69
2022-04-11 23:15:00,DFL-FRO,60.329920317652636,69
2022-04-11 23:30:00,DFL-FRO,42.72926144710291,69
2022-04-11 23:45:00,DFL-FRO,60.287466225581966,69
2022-04-11 00:00:00,CVaR-DFL-FRO,78.66038325182053,69
2022-04-11 00:15:00,CVaR-DFL-FRO,125.38345733398475,69
2022-04-11 00:30:00,CVaR-DFL-FRO,63.59020442309757,69
2022-04-11 00:45:00,CVaR-DFL-FRO,45.32804163456712,69
2022-04-11 01:00:00,CVaR-DFL-FRO,25.51959257607671,69
2022-04-11 01:15:00,CVaR-DFL-FRO,32.99582269244856,69
2022-04-11 01:30:00,CVaR-DFL-FRO,87.92464112806152,69
2022-04-11 01:45:00,CVaR-DFL-FRO,40.231163255172035,69
2022-04-11 02:00:00,CVaR-DFL-FRO,49.098876128721045,69
2022-04-11 02:15:00,CVaR-DFL-FRO,66.97464536467815,69
2022-04-11 02:30:00,CVaR-DFL-FRO,86.01506958516406,69
2022-04-11 02:45:00,CVaR-DFL-FRO,51.70990692154365,69
2022-04-11 03:00:00,CVaR-DFL-FRO,48.598849037302564,69
2022-04-11 03:15:00,CVaR-DFL-FRO,56.13204095796771,69
2022-04-11 03:30:00,CVaR-DFL-FRO,45.42838644495711,69
2022-04-11 03:45:00,CVaR-DFL-FRO,46.174175292718424,69
2022-04-11 04:00:00,CVaR-DFL-FRO,62.21875553759318,69
2022-04-11 04:15:00,CVaR-DFL-FRO,58.09614073116222,69
2022-04-11 04:30:00,CVaR-DFL-FRO,104.68764911910789,69
2022-04-11 04:45:00,CVaR-DFL-FRO,62.728520213107004,69
2022-04-11 05:00:00,CVaR-DFL-FRO,77.81472009860403,69
2022-04-11 05:15:00,CVaR-DFL-FRO,39.72203331283008,69
2022-04-11 05:30:00,CVaR-DFL-FRO,64.38817091356253,69
2022-04-11 05:45:00,CVaR-DFL-FRO,44.13661756230563,69
2022-04-11 06:00:00,CVaR-DFL-FRO,61.91028600935186,69
2022-04-11 06:15:00,CVaR-DFL-FRO,67.65056856874524,69
2022-04-11 06:30:00,CVaR-DFL-FRO,55.76382660230972,69
2022-04-11 06:45:00,CVaR-DFL-FRO,113.79559960662048,69
2022-04-11 07:00:00,CVaR-DFL-FRO,84.61320319067819,69
2022-04-11 07:15:00,CVaR-DFL-FRO,78.43164164670927,69
2022-04-11 07:30:00,CVaR-DFL-FRO,69.21941698348766,69
2022-04-11 07:45:00,CVaR-DFL-FRO,93.64996997336428,69
2022-04-11 08:00:00,CVaR-DFL-FRO,35.56150251372236,69
2022-04-11 08:15:00,CVaR-DFL-FRO,83.14894081609837,69
2022-04-11 08:30:00,CVaR-DFL-FRO,40.69573953714245,69
2022-04-11 08:45:00,CVaR-DFL-FRO,46.30680771254323,69
2022-04-11 09:00:00,CVaR-DFL-FRO,65.09796830939115,69
2022-04-11 09:15:00,CVaR-DFL-FRO,79.77126353821642,69
2022-04-11 09:30:00,CVaR-DFL-FRO,38.74523211957647,69
2022-04-11 09:45:00,CVaR-DFL-FRO,47.03819773585129,69
2022-04-11 10:00:00,CVaR-DFL-FRO,56.57382963739479,69
2022-04-11 10:15:00,CVaR-DFL-FRO,51.917168873116374,69
2022-04-11 10:30:00,CVaR-DFL-FRO,71.12473494331324,69
2022-04-11 10:45:00,CVaR-DFL-FRO,155.34064194558835,69
2022-04-11 11:00:00,CVaR-DFL-FRO,62.35898299169773,69
2022-04-11 11:15:00,CVaR-DFL-FRO,43.97379715549341,69
2022-04-11 11:30:00,CVaR-DFL-FRO,37.10537763163848,69
2022-04-11 11:45:00,CVaR-DFL-FRO,49.780694329978054,69
2022-04-11 12:00:00,CVaR-DFL-FRO,41.328503417410495,69
2022-04-11 12:15:00,CVaR-DFL-FRO,63.275616905065114,69
2022-04-11 12:30:00,CVaR-DFL-FRO,62.979030102708286,69
2022-04-11 12:45:00,CVaR-DFL-FRO,47.74620215810031,69
2022-04-11 13:00:00,CVaR-DFL-FRO,100.14410927260391,69
2022-04-11 13:15:00,CVaR-DFL-FRO,43.97045935214786,69
2022-04-11 13:30:00,CVaR-DFL-FRO,52.97931508223858,69
2022-04-11 13:45:00,CVaR-DFL-FRO,66.64791120921677,69
2022-04-11 14:00:00,CVaR-DFL-FRO,71.94769925258232,69
2022-04-11 14:15:00,CVaR-DFL-FRO,80.84905610973617,69
2022-04-11 14:30:00,CVaR-DFL-FRO,62.53234738808316,69
2022-04-11 14:45:00,CVaR-DFL-FRO,75.49027945891731,69
2022-04-11 15:00:00,CVaR-DFL-FRO,44.91626734177602,69
2022-04-11 15:15:00,CVaR-DFL-FRO,72.51651106203076,69
2022-04-11 15:30:00,CVaR-DFL-FRO,72.22413087661066,69
2022-04-11 15:45:00,CVaR-DFL-FRO,86.81504890766024,69
2022-04-11 16:00:00,CVaR-DFL-FRO,33.15622493886301,69
2022-04-11 16:15:00,CVaR-DFL-FRO,41.74406092443626,69
2022-04-11 16:30:00,CVaR-DFL-FRO,70.46306517930398,69
2022-04-11 16:45:00,CVaR-DFL-FRO,24.626743974587907,69
2022-04-11 17:00:00,CVaR-DFL-FRO,63.74556699648167,69
2022-04-11 17:15:00,CVaR-DFL-FRO,75.69364468331851,69
2022-04-11 17:30:00,CVaR-DFL-FRO,46.13847967128245,69
2022-04-11 17:45:00,CVaR-DFL-FRO,48.22499724209869,69
2022-04-11 18:00:00,CVaR-DFL-FRO,39.68776955949039,69
2022-04-11 18:15:00,CVaR-DFL-FRO,46.91025212440719,69
2022-04-11 18:30:00,CVaR-DFL-FRO,47.32336248998034,69
2022-04-11 18:45:00,CVaR-DFL-FRO,44.67592007985623,69
2022-04-11 19:00:00,CVaR-DFL-FRO,43.9407904259217,69
2022-04-11 19:15:00,CVaR-DFL-FRO,50.604525365416166,69
2022-04-11 19:30:00,CVaR-DFL-FRO,50.41960764414596,69
2022-04-11 19:45:00,CVaR-DFL-FRO,96.84185656564458,69
2022-04-11 20:00:00,CVaR-DFL-FRO,48.75321907179823,69
2022-04-11 20:15:00,CVaR-DFL-FRO,60.95671060507072,69
2022-04-11 20:30:00,CVaR-DFL-FRO,46.13139257017237,69
2022-04-11 20:45:00,CVaR-DFL-FRO,45.954292602964536,69
2022-04-11 21:00:00,CVaR-DFL-FRO,32.797688085082946,69
2022-04-11 21:15:00,CVaR-DFL-FRO,34.14445365832619,69
2022-04-11 21:30:00,CVaR-DFL-FRO,38.1240116004032,69
2022-04-11 21:45:00,CVaR-DFL-FRO,58.06811659371891,69
2022-04-11 22:00:00,CVaR-DFL-FRO,76.06946386614776,69
2022-04-11 22:15:00,CVaR-DFL-FRO,31.99113835580518,69
2022-04-11 22:30:00,CVaR-DFL-FRO,46.52113813320529,69
2022-04-11 22:45:00,CVaR-DFL-FRO,36.32356949175658,69
2022-04-11 23:00:00,CVaR-DFL-FRO,50.70763822197494,69
2022-04-11 23:15:00,CVaR-DFL-FRO,76.06016234068372,69
2022-04-11 23:30:00,CVaR-DFL-FRO,47.98205102171467,69
2022-04-11 23:45:00,CVaR-DFL-FRO,54.144699176809155,69
2022-04-11 02:15:00,CVaR-DFL-RTRO,77.44227390783134,69
2022-04-11 02:30:00,CVaR-DFL-RTRO,49.11775689848005,69
2022-04-11 03:00:00,CVaR-DFL-RTRO,76.02134016583364,69
2022-04-11 04:45:00,CVaR-DFL-RTRO,56.69743582314557,69
2022-04-11 06:45:00,CVaR-DFL-RTRO,66.47583552121327,69
2022-04-11 13:45:00,CVaR-DFL-RTRO,80.43415040608609,69
2022-04-11 15:30:00,CVaR-DFL-RTRO,89.65683487111788,69
2022-04-11 16:45:00,CVaR-DFL-RTRO,69.05268616748405,69
2022-04-11 17:15:00,CVaR-DFL-RTRO,52.44306366530091,69
2022-04-11 17:45:00,CVaR-DFL-RTRO,58.42667379821953,69
2022-04-11 18:00:00,CVaR-DFL-RTRO,81.46106499645727,69
2022-04-11 18:15:00,CVaR-DFL-RTRO,49.24587444670581,69
2022-04-11 18:30:00,CVaR-DFL-RTRO,63.6086654816386,69
2022-04-11 19:00:00,CVaR-DFL-RTRO,59.72035652843685,69
2022-04-11 19:30:00,CVaR-DFL-RTRO,65.06742992946977,69
2022-04-11 20:30:00,CVaR-DFL-RTRO,49.42513255081218,69
2022-04-12 00:00:00,LSTM-FRO,44.0675306038636,69
2022-04-12 00:15:00,LSTM-FRO,49.256018836575066,69
2022-04-12 00:30:00,LSTM-FRO,24.65768005716495,69
2022-04-12 00:45:00,LSTM-FRO,42.41963059894004,69
2022-04-12 01:00:00,LSTM-FRO,50.75033690494362,69
2022-04-12 01:15:00,LSTM-FRO,44.9069929072179,69
2022-04-12 01:30:00,LSTM-FRO,34.82707619457086,69
2022-04-12 01:45:00,LSTM-FRO,30.512629772894417,69
2022-04-12 02:00:00,LSTM-FRO,39.461470067213384,69
2022-04-12 02:15:00,LSTM-FRO,41.149014532178604,69
2022-04-12 02:30:00,LSTM-FRO,39.60865025065147,69
2022-04-12 02:45:00,LSTM-FRO,36.95773712526821,69
2022-04-12 03:00:00,LSTM-FRO,29.46511816562786,69
2022-04-12 03:15:00,LSTM-FRO,42.99602571236994,69
2022-04-12 03:30:00,LSTM-FRO,43.51907421794219,69
2022-04-12 03:45:00,LSTM-FRO,40.666733676805286,69
2022-04-12 04:00:00,LSTM-FRO,39.75993957870228,69
2022-04-12 04:15:00,LSTM-FRO,58.94205300863291,69
2022-04-12 04:30:00,LSTM-FRO,33.05761563368566,69
2022-04-12 04:45:00,LSTM-FRO,53.340051504586704,69
2022-04-12 05:00:00,LSTM-FRO,32.16009874466486,69
2022-04-12 05:15:00,LSTM-FRO,51.07969036158065,69
2022-04-12 05:30:00,LSTM-FRO,52.70027149545209,69
2022-04-12 05:45:00,LSTM-FRO,35.924820785390345,69
2022-04-12 06:00:00,LSTM-FRO,58.67209218790364,69
2022-04-12 06:15:00,LSTM-FRO,43.499210412230575,69
2022-04-12 06:30:00,LSTM-FRO,31.02413791296783,69
2022-04-12 06:45:00,LSTM-FRO,35.20076256059688,69
2022-04-12 07:00:00,LSTM-FRO,51.385943731505,69
2022-04-12 07:15:00,LSTM-FRO,48.750827918210526,69
2022-04-12 07:30:00,LSTM-FRO,29.647729776697524,69
2022-04-12 07:45:00,LSTM-FRO,37.338944178344946,69
2022-04-12 08:00:00,LSTM-FRO,40.694316016209264,69
2022-04-12 08:15:00,LSTM-FRO,34.04104360517647,69
2022-04-12 08:30:00,LSTM-FRO,69.8882864960851,69
2022-04-12 08:45:00,LSTM-FRO,41.00339891453019,69
2022-04-12 09:00:00,LSTM-FRO,38.07198405754654,69
2022-04-12 09:15:00,LSTM-FRO,52.14077455188607,69
2022-04-12 09:30:00,LSTM-FRO,35.27987936213916,69
2022-04-12 09:45:00,LSTM-FRO,49.794306234200626,69
2022-04-12 10:00:00,LSTM-FRO,25.440145985801056,69
2022-04-12 10:15:00,LSTM-FRO,34.50522306299079,69
2022-04-12 10:30:00,LSTM-FRO,50.317586857368255,69
2022-04-12 10:45:00,LSTM-FRO,57.35032171602951,69
2022-04-12 11:00:00,LSTM-FRO,31.844601235006735,69
2022-04-12 11:15:00,LSTM-FRO,30.926554813353476,69
2022-04-12 11:30:00,LSTM-FRO,44.58724222584427,69
2022-04-12 11:45:00,LSTM-FRO,33.06877846650951,69
2022-04-12 12:00:00,LSTM-FRO,36.146214150916,69
2022-04-12 12:15:00,LSTM-FRO,48.183119163419754,69
2022-04-12 12:30:00,LSTM-FRO,33.73057195542785,69
2022-04-12 12:45:00,LSTM-FRO,23.608233700809972,69
2022-04-12 13:00:00,LSTM-FRO,27.892888971392356,69
2022-04-12 13:15:00,LSTM-FRO,38.764127411472884,69
2022-04-12 13:30:00,LSTM-FRO,24.220569955635995,69
2022-04-12 13:45:00,LSTM-FRO,35.88778067266598,69
2022-04-12 14:00:00,LSTM-FRO,27.26282651162851,69
2022-04-12 14:15:00,LSTM-FRO,58.36324386192221,69
2022-04-12 14:30:00,LSTM-FRO,66.58860151452072,69
2022-04-12 14:45:00,LSTM-FRO,29.646563511026113,69
2022-04-12 15:00:00,LSTM-FRO,41.241816965804894,69
2022-04-12 15:15:00,LSTM-FRO,30.383395684285407,69
2022-04-12 15:30:00,LSTM-FRO,35.77843826062248,69
2022-04-12 15:45:00,LSTM-FRO,60.80907012711449,69
2022-04-12 16:00:00,LSTM-FRO,34.39250024432139,69
2022-04-12 16:15:00,LSTM-FRO,35.98813039927449,69
2022-04-12 16:30:00,LSTM-FRO,30.520038571721898,69
2022-04-12 16:45:00,LSTM-FRO,51.559444226215554,69
2022-04-12 17:00:00,LSTM-FRO,17.043783693222604,69
2022-04-12 17:15:00,LSTM-FRO,34.59939436057604,69
2022-04-12 17:30:00,LSTM-FRO,38.224503865321985,69
2022-04-12 17:45:00,LSTM-FRO,32.754460936028636,69
2022-04-12 18:00:00,LSTM-FRO,48.02782266032558,69
2022-04-12 18:15:00,LSTM-FRO,52.28727046244764,69
2022-04-12 18:30:00,LSTM-FRO,27.126676547813897,69
2022-04-12 18:45:00,LSTM-FRO,65.40148123375249,69
2022-04-12 19:00:00,LSTM-FRO,27.05038186538106,69
2022-04-12 19:15:00,LSTM-FRO,53.436490955044924,69
2022-04-12 19:30:00,LSTM-FRO,40.14945085316696,69
2022-04-12 19:45:00,LSTM-FRO,34.07441788389668,69
2022-04-12 20:00:00,LSTM-FRO,34.89098699113098,69
2022-04-12 20:15:00,LSTM-FRO,38.34342118840212,69
2022-04-12 20:30:00,LSTM-FRO,40.74435235311619,69
2022-04-12 20:45:00,LSTM-FRO,30.691951960749122,69
2022-04-12 21:00:00,LSTM-FRO,36.46189455647236,69
2022-04-12 21:15:00,LSTM-FRO,31.86557622778596,69
2022-04-12 21:30:00,LSTM-FRO,28.50187812429885,69
2022-04-12 21:45:00,LSTM-FRO,31.494662520891776,69
2022-04-12 22:00:00,LSTM-FRO,28.971320306115206,69
2022-04-12 22:15:00,LSTM-FRO,34.79662252465932,69
2022-04-12 22:30:00,LSTM-FRO,43.10178957661843,69
2022-04-12 22:45:00,LSTM-FRO,39.85704369368997,69
2022-04-12 23:00:00,LSTM-FRO,63.4743273348899,69
2022-04-12 23:15:00,LSTM-FRO,22.199813610375077,69
2022-04-12 23:30:00,LSTM-FRO,43.50254202034656,69
2022-04-12 23:45:00,LSTM-FRO,38.72973898510568,69
2022-04-12 00:00:00,Transformer-FRO,59.335500727068855,69
2022-04-12 00:15:00,Transformer-FRO,47.238867394948905,69
2022-04-12 00:30:00,Transformer-FRO,51.54984105011576,69
2022-04-12 00:45:00,Transformer-FRO,40.66782989558388,69
2022-04-12 01:00:00,Transformer-FRO,57.77881385534042,69
2022-04-12 01:15:00,Transformer-FRO,30.323320856444198,69
2022-04-12 01:30:00,Transformer-FRO,60.26914948916055,69
2022-04-12 01:45:00,Transformer-FRO,49.00383847967412,69
2022-04-12 02:00:00,Transformer-FRO,43.463122902243846,69
2022-04-12 02:15:00,Transformer-FRO,46.42078314172966,69
2022-04-12 02:30:00,Transformer-FRO,47.30973263561202,69
2022-04-12 02:45:00,Transformer-FRO,68.95423037340383,69
2022-04-12 03:00:00,Transformer-FRO,113.77726501956364,69
2022-04-12 03:15:00,Transformer-FRO,67.58693923235627,69
2022-04-12 03:30:00,Transformer-FRO,42.592140420671605,69
2022-04-12 03:45:00,Transformer-FRO,58.01995155358423,69
2022-04-12 04:00:00,Transformer-FRO,58.67716030205436,69
2022-04-12 04:15:00,Transformer-FRO,38.80688360977996,69
2022-04-12 04:30:00,Transformer-FRO,35.58001094991973,69
2022-04-12 04:45:00,Transformer-FRO,48.49810584709111,69
2022-04-12 05:00:00,Transformer-FRO,60.75247587482111,69
2022-04-12 05:15:00,Transformer-FRO,32.49202744743003,69
2022-04-12 05:30:00,Transformer-FRO,40.912297037395504,69
2022-04-12 05:45:00,Transformer-FRO,57.168903992826905,69
2022-04-12 06:00:00,Transformer-FRO,49.833347957581076,69
2022-04-12 06:15:00,Transformer-FRO,71.10906120757569,69
2022-04-12 06:30:00,Transformer-FRO,34.22099025610341,69
2022-04-12 06:45:00,Transformer-FRO,90.58468079467075,69
2022-04-12 07:00:00,Transformer-FRO,33.11834553842312,69
2022-04-12 07:15:00,Transformer-FRO,29.167201657890928,69
2022-04-12 07:30:00,Transformer-FRO,48.552931497317154,69
2022-04-12 07:45:00,Transformer-FRO,36.76190811569018,69
2022-04-12 08:00:00,Transformer-FRO,48.80673209116067,69
2022-04-12 08:15:00,Transformer-FRO,48.36724723320037,69
2022-04-12 08:30:00,Transformer-FRO,46.86424716609023,69
2022-04-12 08:45:00,Transformer-FRO,39.6464350033543,69
2022-04-12 09:00:00,Transformer-FRO,55.135839885741575,69
2022-04-12 09:15:00,Transformer-FRO,45.41364237672774,69
2022-04-12 09:30:00,Transformer-FRO,65.58570974974182,69
2022-04-12 09:45:00,Transformer-FRO,47.051315008509306,69
2022-04-12 10:00:00,Transformer-FRO,38.41255356204606,69
2022-04-12 10:15:00,Transformer-FRO,31.860355341480233,69
2022-04-12 10:30:00,Transformer-FRO,47.15198046078169,69
2022-04-12 10:45:00,Transformer-FRO,35.50274251355434,69
2022-04-12 11:00:00,Transformer-FRO,34.76885097825823,69
2022-04-12 11:15:00,Transformer-FRO,56.50451143818089,69
2022-04-12 11:30:00,Transformer-FRO,31.12757969886818,69
2022-04-12 11:45:00,Transformer-FRO,71.03405487837679,69
2022-04-12 12:00:00,Transformer-FRO,51.37766200578393,69
2022-04-12 12:15:00,Transformer-FRO,48.742556610111485,69
2022-04-12 12:30:00,Transformer-FRO,37.722171063139044,69
2022-04-12 12:45:00,Transformer-FRO,60.07531736933896,69
2022-04-12 13:00:00,Transformer-FRO,49.26141542770694,69
2022-04-12 13:15:00,Transformer-FRO,41.28222797890386,69
2022-04-12 13:30:00,Transformer-FRO,51.91343342887651,69
2022-04-12 13:45:00,Transformer-FRO,31.90096769583853,69
2022-04-12 14:00:00,Transformer-FRO,32.29497173232675,69
2022-04-12 14:15:00,Transformer-FRO,36.89787294668402,69
2022-04-12 14:30:00,Transformer-FRO,53.96299252054088,69
2022-04-12 14:45:00,Transformer-FRO,49.256912911775004,69
2022-04-12 15:00:00,Transformer-FRO,64.66455927360812,69
2022-04-12 15:15:00,Transformer-FRO,38.85882086972263,69
2022-04-12 15:30:00,Transformer-FRO,57.19872402632993,69
2022-04-12 15:45:00,Transformer-FRO,47.867636333776936,69
2022-04-12 16:00:00,Transformer-FRO,38.62778304362972,69
2022-04-12 16:15:00,Transformer-FRO,54.464720820459604,69
2022-04-12 16:30:00,Transformer-FRO,48.46386077942042,69
2022-04-12 16:45:00,Transformer-FRO,41.89512342524384,69
2022-04-12 17:00:00,Transformer-FRO,49.83689880588284,69
2022-04-12 17:15:00,Transformer-FRO,47.67414298432375,69
2022-04-12 17:30:00,Transformer-FRO,47.37718281222064,69
2022-04-12 17:45:00,Transformer-FRO,44.308404211204646,69
2022-04-12 18:00:00,Transformer-FRO,35.17602321343885,69
2022-04-12 18:15:00,Transformer-FRO,50.261065534852,69
2022-04-12 18:30:00,Transformer-FRO,40.05560685828065,69
2022-04-12 18:45:00,Transformer-FRO,37.863295790083896,69
2022-04-12 19:00:00,Transformer-FRO,46.32283105697135,69
2022-04-12 19:15:00,Transformer-FRO,59.60563217204076,69
2022-04-12 19:30:00,Transformer-FRO,51.72296263276848,69
2022-04-12 19:45:00,Transformer-FRO,42.97039526579828,69
2022-04-12 20:00:00,Transformer-FRO,42.525869400742515,69
2022-04-12 20:15:00,Transformer-FRO,58.110535907612466,69
2022-04-12 20:30:00,Transformer-FRO,26.521919180602428,69
2022-04-12 20:45:00,Transformer-FRO,60.59017170670219,69
2022-04-12 21:00:00,Transformer-FRO,30.361464921510365,69
2022-04-12 21:15:00,Transformer-FRO,34.185245526467064,69
2022-04-12 21:30:00,Transformer-FRO,43.1583758313149,69
2022-04-12 21:45:00,Transformer-FRO,86.41833490639146,69
2022-04-12 22:00:00,Transformer-FRO,76.07811870707994,69
2022-04-12 22:15:00,Transformer-FRO,59.182571672534316,69
2022-04-12 22:30:00,Transformer-FRO,54.06099584009733,69
2022-04-12 22:45:00,Transformer-FRO,30.453790562398176,69
2022-04-12 23:00:00,Transformer-FRO,51.33836539870548,69
2022-04-12 23:15:00,Transformer-FRO,42.769923908557494,69
2022-04-12 23:30:00,Transformer-FRO,39.91128752257871,69
2022-04-12 23:45:00,Transformer-FRO,51.31241097703577,69
2022-04-12 00:00:00,DFL-FRO,68.02455180384327,69
2022-04-12 00:15:00,DFL-FRO,30.803694536695712,69
2022-04-12 00:30:00,DFL-FRO,54.35590019286288,69
2022-04-12 00:45:00,DFL-FRO,41.51698411763274,69
2022-04-12 01:00:00,DFL-FRO,47.40290711229922,69
2022-04-12 01:15:00,DFL-FRO,57.99744265824733,69
2022-04-12 01:30:00,DFL-FRO,38.81587633430159,69
2022-04-12 01:45:00,DFL-FRO,55.74290062665457,69
2022-04-12 02:00:00,DFL-FRO,50.11911810679762,69
2022-04-12 02:15:00,DFL-FRO,44.15968550571487,69
2022-04-12 02:30:00,DFL-FRO,46.594121700178285,69
2022-04-12 02:45:00,DFL-FRO,50.94374640504989,69
2022-04-12 03:00:00,DFL-FRO,42.84220965930867,69
2022-04-12 03:15:00,DFL-FRO,53.32326293950489,69
2022-04-12 03:30:00,DFL-FRO,49.1958394377412,69
2022-04-12 03:45:00,DFL-FRO,44.77886899975379,69
2022-04-12 04:00:00,DFL-FRO,83.37576828074492,69
2022-04-12 04:15:00,DFL-FRO,59.837787730182164,69
2022-04-12 04:30:00,DFL-FRO,47.76470951464065,69
2022-04-12 04:45:00,DFL-FRO,55.45443489529043,69
2022-04-12 05:00:00,DFL-FRO,39.82058764673241,69
2022-04-12 05:15:00,DFL-FRO,47.041026353565755,69
2022-04-12 05:30:00,DFL-FRO,48.6171237743396,69
2022-04-12 05:45:00,DFL-FRO,37.42208698134096,69
2022-04-12 06:00:00,DFL-FRO,59.36839960493043,69
2022-04-12 06:15:00,DFL-FRO,46.13531249398622,69
2022-04-12 06:30:00,DFL-FRO,48.13364984431399,69
2022-04-12 06:45:00,DFL-FRO,45.3203660502433,69
2022-04-12 07:00:00,DFL-FRO,122.7375353258707,69
2022-04-12 07:15:00,DFL-FRO,44.134397659407526,69
2022-04-12 07:30:00,DFL-FRO,29.670475457717025,69
2022-04-12 07:45:00,DFL-FRO,33.87004839253824,69
2022-04-12 08:00:00,DFL-FRO,65.94389989485454,69
2022-04-12 08:15:00,DFL-FRO,77.6178774777085,69
2022-04-12 08:30:00,DFL-FRO,43.89595854934542,69
2022-04-12 08:45:00,DFL-FRO,76.36758355973602,69
2022-04-12 09:00:00,DFL-FRO,65.61485663015371,69
2022-04-12 09:15:00,DFL-FRO,50.44370191370876,69
2022-04-12 09:30:00,DFL-FRO,49.44279250277006,69
2022-04-12 09:45:00,DFL-FRO,56.00544030832066,69
2022-04-12 10:00:00,DFL-FRO,68.18142153815478,69
2022-04-12 10:15:00,DFL-FRO,59.53529922721813,69
2022-04-12 10:30:00,DFL-FRO,43.957847864621506,69
2022-04-12 10:45:00,DFL-FRO,50.661749817260855,69
2022-04-12 11:00:00,DFL-FRO,93.12095984062341,69
2022-04-12 11:15:00,DFL-FRO,57.12915701938998,69
2022-04-12 11:30:00,DFL-FRO,68.02504900044678,69
2022-04-12 11:45:00,DFL-FRO,61.98165618342102,69
2022-04-12 12:00:00,DFL-FRO,57.48754446981064,69
2022-04-12 12:15:00,DFL-FRO,54.87549400636475,69
2022-04-12 12:30:00,DFL-FRO,68.56635205677867,69
2022-04-12 12:45:00,DFL-FRO,65.19100160621802,69
2022-04-12 13:00:00,DFL-FRO,57.334096303518635,69
2022-04-12 13:15:00,DFL-FRO,43.74787832060263,69
2022-04-12 13:30:00,DFL-FRO,59.33830770333077,69
2022-04-12 13:45:00,DFL-FRO,52.218945459999446,69
2022-04-12 14:00:00,DFL-FRO,48.77970474438057,69
2022-04-12 14:15:00,DFL-FRO,113.3957992396542,69
2022-04-12 14:30:00,DFL-FRO,34.45742318230895,69
2022-04-12 14:45:00,DFL-FRO,69.76018959012687,69
2022-04-12 15:00:00,DFL-FRO,41.71002709071239,69
2022-04-12 15:15:00,DFL-FRO,55.22524320023199,69
2022-04-12 15:30:00,DFL-FRO,109.92144112075272,69
2022-04-12 15:45:00,DFL-FRO,40.55202644994841,69
2022-04-12 16:00:00,DFL-FRO,43.37744870566235,69
2022-04-12 16:15:00,DFL-FRO,52.95397099164274,69
2022-04-12 16:30:00,DFL-FRO,41.89246300240437,69
2022-04-12 16:45:00,DFL-FRO,68.30863436138645,69
2022-04-12 17:00:00,DFL-FRO,45.760087407941434,69
2022-04-12 17:15:00,DFL-FRO,64.01186812220048,69
2022-04-12 17:30:00,DFL-FRO,36.56135441160259,69
2022-04-12 17:45:00,DFL-FRO,31.947707882288,69
2022-04-12 18:00:00,DFL-FRO,49.884049675082224,69
2022-04-12 18:15:00,DFL-FRO,34.171966314022036,69
2022-04-12 18:30:00,DFL-FRO,81.70740559023204,69
2022-04-12 18:45:00,DFL-FRO,34.54753267576623,69
2022-04-12 19:00:00,DFL-FRO,39.698572306059845,69
2022-04-12 19:15:00,DFL-FRO,59.81041725026653,69
2022-04-12 19:30:00,DFL-FRO,45.095101735636334,69
2022-04-12 19:45:00,DFL-FRO,34.65908901966353,69
2022-04-12 20:00:00,DFL-FRO,94.6775590745299,69
2022-04-12 20:15:00,DFL-FRO,40.10483691029245,69
2022-04-12 20:30:00,DFL-FRO,50.34724053035533,69
2022-04-12 20:45:00,DFL-FRO,50.16366248081202,69
2022-04-12 21:00:00,DFL-FRO,65.03776457598033,69
2022-04-12 21:15:00,DFL-FRO,60.639254773293516,69
2022-04-12 21:30:00,DFL-FRO,42.13469902190402,69
2022-04-12 21:45:00,DFL-FRO,48.538243534104645,69
2022-04-12 22:00:00,DFL-FRO,49.913114852932026,69
2022-04-12 22:15:00,DFL-FRO,65.75155816561339,69
2022-04-12 22:30:00,DFL-FRO,38.26066819673927,69
2022-04-12 22:45:00,DFL-FRO,94.09503765031502,69
2022-04-12 23:00:00,DFL-FRO,42.94703272926,69
2022-04-12 23:15:00,DFL-FRO,53.08520204739525,69
2022-04-12 23:30:00,DFL-FRO,38.3508084837622,69
2022-04-12 23:45:00,DFL-FRO,36.88315831490029,69
2022-04-12 00:00:00,CVaR-DFL-FRO,41.85277780782211,69
2022-04-12 00:15:00,CVaR-DFL-FRO,49.52430496525814,69
2022-04-12 00:30:00,CVaR-DFL-FRO,41.74601481080853,69
2022-04-12 00:45:00,CVaR-DFL-FRO,69.2865272124734,69
2022-04-12 01:00:00,CVaR-DFL-FRO,44.29627418782974,69
2022-04-12 01:15:00,CVaR-DFL-FRO,42.8354942761319,69
2022-04-12 01:30:00,CVaR-DFL-FRO,49.84432065086947,69
2022-04-12 01:45:00,CVaR-DFL-FRO,75.80757798281738,69
2022-04-12 02:00:00,CVaR-DFL-FRO,59.90834330851731,69
2022-04-12 02:15:00,CVaR-DFL-FRO,54.469447137922614,69
2022-04-12 02:30:00,CVaR-DFL-FRO,36.38717623114625,69
2022-04-12 02:45:00,CVaR-DFL-FRO,39.72820315186224,69
2022-04-12 03:00:00,CVaR-DFL-FRO,38.13006731454049,69
2022-04-12 03:15:00,CVaR-DFL-FRO,83.36317596058308,69
2022-04-12 03:30:00,CVaR-DFL-FRO,65.91268233144201,69
2022-04-12 03:45:00,CVaR-DFL-FRO,43.25479373815267,69
2022-04-12 04:00:00,CVaR-DFL-FRO,47.32527355118619,69
2022-04-12 04:15:00,CVaR-DFL-FRO,43.73288200631011,69
2022-04-12 04:30:00,CVaR-DFL-FRO,42.93870921428785,69
2022-04-12 04:45:00,CVaR-DFL-FRO,64.52625430857121,69
2022-04-12 05:00:00,CVaR-DFL-FRO,51.459986469144,69
2022-04-12 05:15:00,CVaR-DFL-FRO,105.37084191002798,69
2022-04-12 05:30:00,CVaR-DFL-FRO,81.95042470635921,69
2022-04-12 05:45:00,CVaR-DFL-FRO,83.42951546623661,69
2022-04-12 06:00:00,CVaR-DFL-FRO,68.78115762977482,69
2022-04-12 06:15:00,CVaR-DFL-FRO,49.39856685966078,69
2022-04-12 06:30:00,CVaR-DFL-FRO,67.26711488583072,69
2022-04-12 06:45:00,CVaR-DFL-FRO,50.51440376858736,69
2022-04-12 07:00:00,CVaR-DFL-FRO,91.93326725810152,69
2022-04-12 07:15:00,CVaR-DFL-FRO,63.4417476300818,69
2022-04-12 07:30:00,CVaR-DFL-FRO,60.77525553593236,69
2022-04-12 07:45:00,CVaR-DFL-FRO,58.33776870765477,69
2022-04-12 08:00:00,CVaR-DFL-FRO,95.04418994012725,69
2022-04-12 08:15:00,CVaR-DFL-FRO,36.37940922435444,69
2022-04-12 08:30:00,CVaR-DFL-FRO,97.90518966144674,69
2022-04-12 08:45:00,CVaR-DFL-FRO,53.06295709178965,69
2022-04-12 09:00:00,CVaR-DFL-FRO,36.68449090853036,69
2022-04-12 09:15:00,CVaR-DFL-FRO,44.71064796379663,69
2022-04-12 09:30:00,CVaR-DFL-FRO,34.06701481137362,69
2022-04-12 09:45:00,CVaR-DFL-FRO,68.41378962385578,69
2022-04-12 10:00:00,CVaR-DFL-FRO,41.003342113991216,69
2022-04-12 10:15:00,CVaR-DFL-FRO,59.076594453100405,69
2022-04-12 10:30:00,CVaR-DFL-FRO,79.12065872765632,69
2022-04-12 10:45:00,CVaR-DFL-FRO,45.80874592149764,69
2022-04-12 11:00:00,CVaR-DFL-FRO,51.76343963529871,69
2022-04-12 11:15:00,CVaR-DFL-FRO,37.84323312125491,69
2022-04-12 11:30:00,CVaR-DFL-FRO,49.91391921952364,69
2022-04-12 11:45:00,CVaR-DFL-FRO,122.31574193269722,69
2022-04-12 12:00:00,CVaR-DFL-FRO,71.03522017317842,69
2022-04-12 12:15:00,CVaR-DFL-FRO,51.816297761253885,69
2022-04-12 12:30:00,CVaR-DFL-FRO,46.65258334961297,69
2022-04-12 12:45:00,CVaR-DFL-FRO,55.417919503094694,69
2022-04-12 13:00:00,CVaR-DFL-FRO,58.39035815764765,69
2022-04-12 13:15:00,CVaR-DFL-FRO,49.45224320930143,69
2022-04-12 13:30:00,CVaR-DFL-FRO,65.90263341650348,69
2022-04-12 13:45:00,CVaR-DFL-FRO,42.06956879795896,69
2022-04-12 14:00:00,CVaR-DFL-FRO,42.00673373028781,69
2022-04-12 14:15:00,CVaR-DFL-FRO,62.790864982491726,69
2022-04-12 14:30:00,CVaR-DFL-FRO,39.41769769650134,69
2022-04-12 14:45:00,CVaR-DFL-FRO,69.99163142194503,69
2022-04-12 15:00:00,CVaR-DFL-FRO,55.895366753794356,69
2022-04-12 15:15:00,CVaR-DFL-FRO,32.28959902391557,69
2022-04-12 15:30:00,CVaR-DFL-FRO,58.02840435935308,69
2022-04-12 15:45:00,CVaR-DFL-FRO,33.714897410017585,69
2022-04-12 16:00:00,CVaR-DFL-FRO,69.24062369323546,69
2022-04-12 16:15:00,CVaR-DFL-FRO,52.06800222446966,69
2022-04-12 16:30:00,CVaR-DFL-FRO,98.28498488375295,69
2022-04-12 16:45:00,CVaR-DFL-FRO,77.62903768264644,69
2022-04-12 17:00:00,CVaR-DFL-FRO,40.72639095707399,69
2022-04-12 17:15:00,CVaR-DFL-FRO,30.45961812981539,69
2022-04-12 17:30:00,CVaR-DFL-FRO,44.67154917266879,69
2022-04-12 17:45:00,CVaR-DFL-FRO,38.79514076690107,69
2022-04-12 18:00:00,CVaR-DFL-FRO,97.5341404123247,69
2022-04-12 18:15:00,CVaR-DFL-FRO,55.962478622415944,69
2022-04-12 18:30:00,CVaR-DFL-FRO,74.45686498783074,69
2022-04-12 18:45:00,CVaR-DFL-FRO,51.4990085835288,69
2022-04-12 19:00:00,CVaR-DFL-FRO,53.16719635727207,69
2022-04-12 19:15:00,CVaR-DFL-FRO,55.58595454403983,69
2022-04-12 19:30:00,CVaR-DFL-FRO,78.46084970139579,69
2022-04-12 19:45:00,CVaR-DFL-FRO,61.68793030020315,69
2022-04-12 20:00:00,CVaR-DFL-FRO,40.76779839531508,69
2022-04-12 20:15:00,CVaR-DFL-FRO,91.71761851258267,69
2022-04-12 20:30:00,CVaR-DFL-FRO,51.37785440003835,69
2022-04-12 20:45:00,CVaR-DFL-FRO,48.90985376034795,69
2022-04-12 21:00:00,CVaR-DFL-FRO,23.847981362011144,69
2022-04-12 21:15:00,CVaR-DFL-FRO,68.0163359451167,69
2022-04-12 21:30:00,CVaR-DFL-FRO,57.87959630864663,69
2022-04-12 21:45:00,CVaR-DFL-FRO,57.860563967694375,69
2022-04-12 22:00:00,CVaR-DFL-FRO,49.69590631510016,69
2022-04-12 22:15:00,CVaR-DFL-FRO,47.17022291958728,69
2022-04-12 22:30:00,CVaR-DFL-FRO,50.19829336140821,69
2022-04-12 22:45:00,CVaR-DFL-FRO,64.58211180141123,69
2022-04-12 23:00:00,CVaR-DFL-FRO,68.11350171324696,69
2022-04-12 23:15:00,CVaR-DFL-FRO,52.34731971818935,69
2022-04-12 23:30:00,CVaR-DFL-FRO,74.80729004124893,69
2022-04-12 23:45:00,CVaR-DFL-FRO,54.81191694975029,69
2022-04-12 01:00:00,CVaR-DFL-RTRO,99.24873558284935,69
2022-04-12 01:45:00,CVaR-DFL-RTRO,44.09319310925478,69
2022-04-12 03:45:00,CVaR-DFL-RTRO,56.703697109082356,69
2022-04-12 12:15:00,CVaR-DFL-RTRO,63.13880860875052,69
2022-04-12 12:30:00,CVaR-DFL-RTRO,87.18268131065636,69
2022-04-12 14:00:00,CVaR-DFL-RTRO,102.8340504309897,69
2022-04-12 16:15:00,CVaR-DFL-RTRO,165.05380849649785,69
2022-04-12 16:30:00,CVaR-DFL-RTRO,63.106833910227145,69
2022-04-12 17:15:00,CVaR-DFL-RTRO,64.07076951086842,69
2022-04-12 17:45:00,CVaR-DFL-RTRO,86.90477652909256,69
2022-04-12 18:15:00,CVaR-DFL-RTRO,59.0924878318964,69
2022-04-12 18:45:00,CVaR-DFL-RTRO,69.6432290258829,69
2022-04-12 19:00:00,CVaR-DFL-RTRO,64.08420095904383,69
2022-04-12 19:15:00,CVaR-DFL-RTRO,32.800567827373165,69
2022-04-12 20:45:00,CVaR-DFL-RTRO,75.45783137914393,69
2022-04-13 00:00:00,LSTM-FRO,57.88332202497165,69
2022-04-13 00:15:00,LSTM-FRO,42.12653234732949,69
2022-04-13 00:30:00,LSTM-FRO,30.701381247145346,69
2022-04-13 00:45:00,LSTM-FRO,39.429186304829855,69
2022-04-13 01:00:00,LSTM-FRO,24.88720996200351,69
2022-04-13 01:15:00,LSTM-FRO,31.04105362838051,69
2022-04-13 01:30:00,LSTM-FRO,49.345021066465264,69
2022-04-13 01:45:00,LSTM-FRO,39.53582046776817,69
2022-04-13 02:00:00,LSTM-FRO,53.031491733419045,69
2022-04-13 02:15:00,LSTM-FRO,25.675335467266095,69
2022-04-13 02:30:00,LSTM-FRO,39.58427498730212,69
2022-04-13 02:45:00,LSTM-FRO,37.33483461444786,69
2022-04-13 03:00:00,LSTM-FRO,53.47721527511075,69
2022-04-13 03:15:00,LSTM-FRO,49.80870747397296,69
2022-04-13 03:30:00,LSTM-FRO,49.42866069944424,69
2022-04-13 03:45:00,LSTM-FRO,61.94550384370312,69
2022-04-13 04:00:00,LSTM-FRO,38.35538228519958,69
2022-04-13 04:15:00,LSTM-FRO,58.81860081052749,69
2022-04-13 04:30:00,LSTM-FRO,32.36773004418873,69
2022-04-13 04:45:00,LSTM-FRO,32.071118887122246,69
2022-04-13 05:00:00,LSTM-FRO,50.81893145556522,69
2022-04-13 05:15:00,LSTM-FRO,28.83382961869263,69
2022-04-13 05:30:00,LSTM-FRO,48.57390903696399,69
2022-04-13 05:45:00,LSTM-FRO,43.15218771398862,69
2022-04-13 06:00:00,LSTM-FRO,55.0574596776275,69
2022-04-13 06:15:00,LSTM-FRO,41.445389265493034,69
2022-04-13 06:30:00,LSTM-FRO,42.66461890897152,69
2022-04-13 06:45:00,LSTM-FRO,47.80572184121551,69
2022-04-13 07:00:00,LSTM-FRO,35.62144731959369,69
2022-04-13 07:15:00,LSTM-FRO,35.23406678129874,69
2022-04-13 07:30:00,LSTM-FRO,47.38947790248469,69
2022-04-13 07:45:00,LSTM-FRO,41.76033813719186,69
2022-04-13 08:00:00,LSTM-FRO,37.9795313720969,69
2022-04-13 08:15:00,LSTM-FRO,41.20325804176865,69
2022-04-13 08:30:00,LSTM-FRO,62.77755914439289,69
2022-04-13 08:45:00,LSTM-FRO,37.64063223518948,69
2022-04-13 09:00:00,LSTM-FRO,37.36758616598891,69
2022-04-13 09:15:00,LSTM-FRO,27.40327835258813,69
2022-04-13 09:30:00,LSTM-FRO,41.623594031360206,69
2022-04-13 09:45:00,LSTM-FRO,49.61054882108059,69
2022-04-13 10:00:00,LSTM-FRO,51.8948018052782,69
2022-04-13 10:15:00,LSTM-FRO,43.22704750628972,69
2022-04-13 10:30:00,LSTM-FRO,53.47701377371786,69
2022-04-13 10:45:00,LSTM-FRO,50.545177099008306,69
2022-04-13 11:00:00,LSTM-FRO,55.628434253127814,69
2022-04-13 11:15:00,LSTM-FRO,53.860576496200395,69
2022-04-13 11:30:00,LSTM-FRO,62.39135840285996,69
2022-04-13 11:45:00,LSTM-FRO,40.314035339262844,69
2022-04-13 12:00:00,LSTM-FRO,30.14909184059695,69
2022-04-13 12:15:00,LSTM-FRO,49.69574947063399,69
2022-04-13 12:30:00,LSTM-FRO,51.17491778236071,69
2022-04-13 12:45:00,LSTM-FRO,62.39162775964076,69
2022-04-13 13:00:00,LSTM-FRO,58.029678811283674,69
2022-04-13 13:15:00,LSTM-FRO,68.558737364831,69
2022-04-13 13:30:00,LSTM-FRO,49.15151133308296,69
2022-04-13 13:45:00,LSTM-FRO,44.55569872751821,69
2022-04-13 14:00:00,LSTM-FRO,29.713850666961903,69
2022-04-13 14:15:00,LSTM-FRO,45.45141741224188,69
2022-04-13 14:30:00,LSTM-FRO,36.620163704414225,69
2022-04-13 14:45:00,LSTM-FRO,44.36260682947405,69
2022-04-13 15:00:00,LSTM-FRO,42.64817328222325,69
2022-04-13 15:15:00,LSTM-FRO,47.35741714459219,69
2022-04-13 15:30:00,LSTM-FRO,41.053067168604144,69
2022-04-13 15:45:00,LSTM-FRO,53.19832553691535,69
2022-04-13 16:00:00,LSTM-FRO,21.235595221810563,69
2022-04-13 16:15:00,LSTM-FRO,44.12362879964062,69
2022-04-13 16:30:00,LSTM-FRO,56.89300999848704,69
2022-04-13 16:45:00,LSTM-FRO,67.27282928945604,69
2022-04-13 17:00:00,LSTM-FRO,50.55445270189118,69
2022-04-13 17:15:00,LSTM-FRO,64.2172898208898,69
2022-04-13 17:30:00,LSTM-FRO,43.890993723680154,69
2022-04-13 17:45:00,LSTM-FRO,42.098751024065685,69
2022-04-13 18:00:00,LSTM-FRO,48.04816548411489,69
2022-04-13 18:15:00,LSTM-FRO,42.03478793129077,69
2022-04-13 18:30:00,LSTM-FRO,34.56689504808407,69
2022-04-13 18:45:00,LSTM-FRO,36.96433546416678,69
2022-04-13 19:00:00,LSTM-FRO,31.82030432315381,69
2022-04-13 19:15:00,LSTM-FRO,48.03564013471917,69
2022-04-13 19:30:00,LSTM-FRO,42.188988581744184,69
2022-04-13 19:45:00,LSTM-FRO,38.43056957421431,69
2022-04-13 20:00:00,LSTM-FRO,36.49003326196177,69
2022-04-13 20:15:00,LSTM-FRO,47.755239920002886,69
2022-04-13 20:30:00,LSTM-FRO,51.17356875831735,69
2022-04-13 20:45:00,LSTM-FRO,31.673970338850307,69
2022-04-13 21:00:00,LSTM-FRO,30.44857188721115,69
2022-04-13 21:15:00,LSTM-FRO,53.459247333889245,69
2022-04-13 21:30:00,LSTM-FRO,29.78741545383267,69
2022-04-13 21:45:00,LSTM-FRO,48.26663557232586,69
2022-04-13 22:00:00,LSTM-FRO,63.13077304271961,69
2022-04-13 22:15:00,LSTM-FRO,63.16764079830732,69
2022-04-13 22:30:00,LSTM-FRO,50.62952921767548,69
2022-04-13 22:45:00,LSTM-FRO,50.261480727236396,69
2022-04-13 23:00:00,LSTM-FRO,74.04094852457536,69
2022-04-13 23:15:00,LSTM-FRO,23.412563151035233,69
2022-04-13 23:30:00,LSTM-FRO,37.439736893872656,69
2022-04-13 23:45:00,LSTM-FRO,52.055207916737174,69
2022-04-13 00:00:00,Transformer-FRO,63.80935662059969,69
2022-04-13 00:15:00,Transformer-FRO,45.83506650328866,69
2022-04-13 00:30:00,Transformer-FRO,47.909043912397074,69
2022-04-13 00:45:00,Transformer-FRO,43.12846638236215,69
2022-04-13 01:00:00,Transformer-FRO,40.45053423993089,69
2022-04-13 01:15:00,Transformer-FRO,40.19398125562538,69
2022-04-13 01:30:00,Transformer-FRO,49.668265785562596,69
2022-04-13 01:45:00,Transformer-FRO,37.89751448569738,69
2022-04-13 02:00:00,Transformer-FRO,59.25066420379502,69
2022-04-13 02:15:00,Transformer-FRO,54.827219370578554,69
2022-04-13 02:30:00,Transformer-FRO,61.53431152243469,69
2022-04-13 02:45:00,Transformer-FRO,34.57841680281885,69
2022-04-13 03:00:00,Transformer-FRO,29.834192051655958,69
2022-04-13 03:15:00,Transformer-FRO,46.25390077489739,69
2022-04-13 03:30:00,Transformer-FRO,98.0041272928524,69
2022-04-13 03:45:00,Transformer-FRO,64.24707092346569,69
2022-04-13 04:00:00,Transformer-FRO,40.11778300978681,69
2022-04-13 04:15:00,Transformer-FRO,51.67786005499064,69
2022-04-13 04:30:00,Transformer-FRO,55.89195241191086,69
2022-04-13 04:45:00,Transformer-FRO,32.50168182935813,69
2022-04-13 05:00:00,Transformer-FRO,65.98881060683986,69
2022-04-13 05:15:00,Transformer-FRO,44.34162440580909,69
2022-04-13 05:30:00,Transformer-FRO,45.23059131903698,69
2022-04-13 05:45:00,Transformer-FRO,46.58974305017548,69
2022-04-13 06:00:00,Transformer-FRO,62.25670707498263,69
2022-04-13 06:15:00,Transformer-FRO,38.08798716042694,69
2022-04-13 06:30:00,Transformer-FRO,29.77642344173914,69
2022-04-13 06:45:00,Transformer-FRO,50.33806504297932,69
2022-04-13 07:00:00,Transformer-FRO,27.293042329794304,69
2022-04-13 07:15:00,Transformer-FRO,42.83464985292152,69
2022-04-13 07:30:00,Transformer-FRO,62.94215277192642,69
2022-04-13 07:45:00,Transformer-FRO,53.785954517191186,69
2022-04-13 08:00:00,Transformer-FRO,60.63280837875086,69
2022-04-13 08:15:00,Transformer-FRO,54.36299576996794,69
2022-04-13 08:30:00,Transformer-FRO,86.37227719186596,69
2022-04-13 08:45:00,Transformer-FRO,39.76865290360952,69
2022-04-13 09:00:00,Transformer-FRO,51.326443532558336,69
2022-04-13 09:15:00,Transformer-FRO,41.34318666332024,69
2022-04-13 09:30:00,Transformer-FRO,59.305805598557036,69
2022-04-13 09:45:00,Transformer-FRO,45.572386761022784,69
2022-04-13 10:00:00,Transformer-FRO,72.22682067281843,69
2022-04-13 10:15:00,Transformer-FRO,40.363735481262474,69
2022-04-13 10:30:00,Transformer-FRO,66.63199172843032,69
2022-04-13 10:45:00,Transformer-FRO,53.98171061438112,69
2022-04-13 11:00:00,Transformer-FRO,45.91685815215607,69
2022-04-13 11:15:00,Transformer-FRO,53.27847251383199,69
2022-04-13 11:30:00,Transformer-FRO,49.541220639134295,69
2022-04-13 11:45:00,Transformer-FRO,50.769557600365566,69
2022-04-13 12:00:00,Transformer-FRO,43.89150527143659,69
2022-04-13 12:15:00,Transformer-FRO,38.61964365784133,69
2022-04-13 12:30:00,Transformer-FRO,42.45996263469955,69
2022-04-13 12:45:00,Transformer-FRO,29.960484082730588,69
2022-04-13 13:00:00,Transformer-FRO,57.56992173536066,69
2022-04-13 13:15:00,Transformer-FRO,33.64116903560828,69
2022-04-13 13:30:00,Transformer-FRO,43.76933981983354,69
2022-04-13 13:45:00,Transformer-FRO,54.75379753698821,69
2022-04-13 14:00:00,Transformer-FRO,57.53193922022661,69
2022-04-13 14:15:00,Transformer-FRO,29.259691160615294,69
2022-04-13 14:30:00,Transformer-FRO,45.21693795891788,69
2022-04-13 14:45:00,Transformer-FRO,52.150951734880096,69
2022-04-13 15:00:00,Transformer-FRO,46.931192379612085,69
2022-04-13 15:15:00,Transformer-FRO,65.55414170564575,69
2022-04-13 15:30:00,Transformer-FRO,37.437253787135205,69
2022-04-13 15:45:00,Transformer-FRO,27.255067683412936,69
2022-04-13 16:00:00,Transformer-FRO,57.10096735218677,69
2022-04-13 16:15:00,Transformer-FRO,40.29832696282147,69
2022-04-13 16:30:00,Transformer-FRO,29.381877530779168,69
2022-04-13 16:45:00,Transformer-FRO,44.443951518166145,69
2022-04-13 17:00:00,Transformer-FRO,63.657361600388,69
2022-04-13 17:15:00,Transformer-FRO,33.397645251846015,69
2022-04-13 17:30:00,Transformer-FRO,84.72739062677276,69
2022-04-13 17:45:00,Transformer-FRO,37.28192199677126,69
2022-04-13 18:00:00,Transformer-FRO,47.35791687080212,69
2022-04-13 18:15:00,Transformer-FRO,33.78095501349058,69
2022-04-13 18:30:00,Transformer-FRO,46.80504818513794,69
2022-04-13 18:45:00,Transformer-FRO,44.72954695282172,69
2022-04-13 19:00:00,Transformer-FRO,31.49937144791159,69
2022-04-13 19:15:00,Transformer-FRO,96.17166770427814,69
2022-04-13 19:30:00,Transformer-FRO,40.735844746709546,69
2022-04-13 19:45:00,Transformer-FRO,40.74506106161327,69
2022-04-13 20:00:00,Transformer-FRO,59.493776589406096,69
2022-04-13 20:15:00,Transformer-FRO,74.0314098925235,69
2022-04-13 20:30:00,Transformer-FRO,61.96587454124788,69
2022-04-13 20:45:00,Transformer-FRO,33.93817825728484,69
2022-04-13 21:00:00,Transformer-FRO,48.93811255837892,69
2022-04-13 21:15:00,Transformer-FRO,28.46306657921089,69
2022-04-13 21:30:00,Transformer-FRO,58.46664691003006,69
2022-04-13 21:45:00,Transformer-FRO,30.334432633368632,69
2022-04-13 22:00:00,Transformer-FRO,37.617850020610426,69
2022-04-13 22:15:00,Transformer-FRO,46.26567753807498,69
2022-04-13 22:30:00,Transformer-FRO,51.95252804649625,69
2022-04-13 22:45:00,Transformer-FRO,43.282012963516095,69
2022-04-13 23:00:00,Transformer-FRO,68.5897276742714,69
2022-04-13 23:15:00,Transformer-FRO,55.829140294681444,69
2022-04-13 23:30:00,Transformer-FRO,54.70679518200908,69
2022-04-13 23:45:00,Transformer-FRO,33.69135299005244,69
2022-04-13 00:00:00,DFL-FRO,48.74716444492922,69
2022-04-13 00:15:00,DFL-FRO,99.89723422037207,69
2022-04-13 00:30:00,DFL-FRO,108.25948340255418,69
2022-04-13 00:45:00,DFL-FRO,70.68412563512749,69
2022-04-13 01:00:00,DFL-FRO,81.85037696948432,69
2022-04-13 01:15:00,DFL-FRO,25.605098909850696,69
2022-04-13 01:30:00,DFL-FRO,57.87991889220839,69
2022-04-13 01:45:00,DFL-FRO,83.48815317439805,69
2022-04-13 02:00:00,DFL-FRO,79.4027459537187,69
2022-04-13 02:15:00,DFL-FRO,43.33576452907048,69
2022-04-13 02:30:00,DFL-FRO,56.28854294033616,69
2022-04-13 02:45:00,DFL-FRO,29.878654300633237,69
2022-04-13 03:00:00,DFL-FRO,68.72238033515846,69
2022-04-13 03:15:00,DFL-FRO,35.92987207762755,69
2022-04-13 03:30:00,DFL-FRO,84.1583728633655,69
2022-04-13 03:45:00,DFL-FRO,85.409346284423,69
2022-04-13 04:00:00,DFL-FRO,53.48894422055314,69
2022-04-13 04:15:00,DFL-FRO,70.85639529256521,69
2022-04-13 04:30:00,DFL-FRO,57.51985915019215,69
2022-04-13 04:45:00,DFL-FRO,65.48092137736178,69
2022-04-13 05:00:00,DFL-FRO,44.2317499333293,69
2022-04-13 05:15:00,DFL-FRO,72.91102867370185,69
2022-04-13 05:30:00,DFL-FRO,38.4728532714147,69
2022-04-13 05:45:00,DFL-FRO,36.475809196694065,69
2022-04-13 06:00:00,DFL-FRO,59.086791995888916,69
2022-04-13 06:15:00,DFL-FRO,57.615055014961364,69
2022-04-13 06:30:00,DFL-FRO,66.04538975057328,69
2022-04-13 06:45:00,DFL-FRO,50.90765817153908,69
2022-04-13 07:00:00,DFL-FRO,104.1654958160916,69
2022-04-13 07:15:00,DFL-FRO,63.994546274888975,69
2022-04-13 07:30:00,DFL-FRO,65.31420909106515,69
2022-04-13 07:45:00,DFL-FRO,64.65996675438967,69
2022-04-13 08:00:00,DFL-FRO,81.18040041837536,69
2022-04-13 08:15:00,DFL-FRO,71.96031687404584,69
2022-04-13 08:30:00,DFL-FRO,69.2880120520565,69
2022-04-13 08:45:00,DFL-FRO,75.28576931755664,69
2022-04-13 09:00:00,DFL-FRO,36.53060640185717,69
2022-04-13 09:15:00,DFL-FRO,36.922319951071174,69
2022-04-13 09:30:00,DFL-FRO,59.857185016921285,69
2022-04-13 09:45:00,DFL-FRO,57.836267790083475,69
2022-04-13 10:00:00,DFL-FRO,72.03742931528157,69
2022-04-13 10:15:00,DFL-FRO,61.50351168897716,69
2022-04-13 10:30:00,DFL-FRO,72.07925051079323,69
2022-04-13 10:45:00,DFL-FRO,43.0202851602913,69
2022-04-13 11:00:00,DFL-FRO,60.97152197695368,69
2022-04-13 11:15:00,DFL-FRO,41.875980489911775,69
2022-04-13 11:30:00,DFL-FRO,68.21702288325751,69
2022-04-13 11:45:00,DFL-FRO,35.98108341687204,69
2022-04-13 12:00:00,DFL-FRO,67.47841788313899,69
2022-04-13 12:15:00,DFL-FRO,40.38991087176325,69
2022-04-13 12:30:00,DFL-FRO,54.87889790729152,69
2022-04-13 12:45:00,DFL-FRO,78.74214390780193,69
2022-04-13 13:00:00,DFL-FRO,65.21280497244432,69
2022-04-13 13:15:00,DFL-FRO,38.424262513018576,69
2022-04-13 13:30:00,DFL-FRO,50.57968503956645,69
2022-04-13 13:45:00,DFL-FRO,40.02226016244305,69
2022-04-13 14:00:00,DFL-FRO,37.8951529695653,69
2022-04-13 14:15:00,DFL-FRO,63.22315649435985,69
2022-04-13 14:30:00,DFL-FRO,71.6415761162341,69
2022-04-13 14:45:00,DFL-FRO,69.26038840468185,69
2022-04-13 15:00:00,DFL-FRO,72.50311990348136,69
2022-04-13 15:15:00,DFL-FRO,60.95144308265987,69
2022-04-13 15:30:00,DFL-FRO,56.612677245920906,69
2022-04-13 15:45:00,DFL-FRO,45.16827403350326,69
2022-04-13 16:00:00,DFL-FRO,54.00939652713909,69
2022-04-13 16:15:00,DFL-FRO,42.109705805160964,69
2022-04-13 16:30:00,DFL-FRO,48.171011960746426,69
2022-04-13 16:45:00,DFL-FRO,62.71214893241575,69
2022-04-13 17:00:00,DFL-FRO,59.15561864552748,69
2022-04-13 17:15:00,DFL-FRO,145.32222562355273,69
2022-04-13 17:30:00,DFL-FRO,41.81997513930842,69
2022-04-13 17:45:00,DFL-FRO,59.03391194030815,69
2022-04-13 18:00:00,DFL-FRO,40.909568643706265,69
2022-04-13 18:15:00,DFL-FRO,54.81294413358103,69
2022-04-13 18:30:00,DFL-FRO,55.44649093124843,69
2022-04-13 18:45:00,DFL-FRO,77.63703066244389,69
2022-04-13 19:00:00,DFL-FRO,53.86336738286031,69
2022-04-13 19:15:00,DFL-FRO,57.940149189519914,69
2022-04-13 19:30:00,DFL-FRO,54.15849570100789,69
2022-04-13 19:45:00,DFL-FRO,41.17244278181597,69
2022-04-13 20:00:00,DFL-FRO,50.870365558977426,69
2022-04-13 20:15:00,DFL-FRO,54.90356260158586,69
2022-04-13 20:30:00,DFL-FRO,62.44527106778809,69
2022-04-13 20:45:00,DFL-FRO,71.61424628116241,69
2022-04-13 21:00:00,DFL-FRO,57.23632225959744,69
2022-04-13 21:15:00,DFL-FRO,56.95286462136195,69
2022-04-13 21:30:00,DFL-FRO,37.61733936304312,69
2022-04-13 21:45:00,DFL-FRO,71.2267272864763,69
2022-04-13 22:00:00,DFL-FRO,50.245059277421475,69
2022-04-13 22:15:00,DFL-FRO,75.52297705489715,69
2022-04-13 22:30:00,DFL-FRO,88.696294981332,69
2022-04-13 22:45:00,DFL-FRO,57.99588475075701,69
2022-04-13 23:00:00,DFL-FRO,45.807468576203895,69
2022-04-13 23:15:00,DFL-FRO,60.869085373047575,69
2022-04-13 23:30:00,DFL-FRO,67.48588658082879,69
2022-04-13 23:45:00,DFL-FRO,55.94309620811846,69
2022-04-13 00:00:00,CVaR-DFL-FRO,68.21206223069446,69
2022-04-13 00:15:00,CVaR-DFL-FRO,66.86436839822429,69
2022-04-13 00:30:00,CVaR-DFL-FRO,51.7975722448132,69
2022-04-13 00:45:00,CVaR-DFL-FRO,34.87111773623909,69
2022-04-13 01:00:00,CVaR-DFL-FRO,66.03603686071877,69
2022-04-13 01:15:00,CVaR-DFL-FRO,45.602066400564134,69
2022-04-13 01:30:00,CVaR-DFL-FRO,61.372951588690746,69
2022-04-13 01:45:00,CVaR-DFL-FRO,60.21082403250406,69
2022-04-13 02:00:00,CVaR-DFL-FRO,32.47896377517415,69
2022-04-13 02:15:00,CVaR-DFL-FRO,58.947657681811265,69
2022-04-13 02:30:00,CVaR-DFL-FRO,67.20824536057934,69
2022-04-13 02:45:00,CVaR-DFL-FRO,69.74851575112832,69
2022-04-13 03:00:00,CVaR-DFL-FRO,59.598362362000316,69
2022-04-13 03:15:00,CVaR-DFL-FRO,31.623322406369983,69
2022-04-13 03:30:00,CVaR-DFL-FRO,84.6491159675234,69
2022-04-13 03:45:00,CVaR-DFL-FRO,65.13602132694477,69
2022-04-13 04:00:00,CVaR-DFL-FRO,39.96635933679469,69
2022-04-13 04:15:00,CVaR-DFL-FRO,45.320973060522014,69
2022-04-13 04:30:00,CVaR-DFL-FRO,61.68725937086663,69
2022-04-13 04:45:00,CVaR-DFL-FRO,70.65401421008643,69
2022-04-13 05:00:00,CVaR-DFL-FRO,49.62418188205326,69
2022-04-13 05:15:00,CVaR-DFL-FRO,73.83927544134741,69
2022-04-13 05:30:00,CVaR-DFL-FRO,33.43800978542919,69
2022-04-13 05:45:00,CVaR-DFL-FRO,41.95964873778415,69
2022-04-13 06:00:00,CVaR-DFL-FRO,30.800105044288248,69
2022-04-13 06:15:00,CVaR-DFL-FRO,43.84217697802763,69
2022-04-13 06:30:00,CVaR-DFL-FRO,90.77695648558331,69
2022-04-13 06:45:00,CVaR-DFL-FRO,107.203806105719,69
2022-04-13 07:00:00,CVaR-DFL-FRO,61.750120117173616,69
2022-04-13 07:15:00,CVaR-DFL-FRO,47.415669346252045,69
2022-04-13 07:30:00,CVaR-DFL-FRO,53.78838970384365,69
2022-04-13 07:45:00,CVaR-DFL-FRO,66.37580350716219,69
2022-04-13 08:00:00,CVaR-DFL-FRO,35.84549622497238,69
2022-04-13 08:15:00,CVaR-DFL-FRO,48.37101243803867,69
2022-04-13 08:30:00,CVaR-DFL-FRO,88.78899303148954,69
2022-04-13 08:45:00,CVaR-DFL-FRO,41.918395468941064,69
2022-04-13 09:00:00,CVaR-DFL-FRO,45.85529248242589,69
2022-04-13 09:15:00,CVaR-DFL-FRO,57.749200700564856,69
2022-04-13 09:30:00,CVaR-DFL-FRO,62.663922332991625,69
2022-04-13 09:45:00,CVaR-DFL-FRO,47.60866124741933,69
2022-04-13 10:00:00,CVaR-DFL-FRO,58.87426984955901,69
2022-04-13 10:15:00,CVaR-DFL-FRO,69.1347440932624,69
2022-04-13 10:30:00,CVaR-DFL-FRO,104.12371032085363,69
2022-04-13 10:45:00,CVaR-DFL-FRO,55.36351281977291,69
2022-04-13 11:00:00,CVaR-DFL-FRO,56.804899141037865,69
2022-04-13 11:15:00,CVaR-DFL-FRO,91.31067206920537,69
2022-04-13 11:30:00,CVaR-DFL-FRO,48.71370994184103,69
2022-04-13 11:45:00,CVaR-DFL-FRO,38.5292542123813,69
2022-04-13 12:00:00,CVaR-DFL-FRO,62.04336652654226,69
2022-04-13 12:15:00,CVaR-DFL-FRO,79.65684704481494,69
2022-04-13 12:30:00,CVaR-DFL-FRO,64.15852592777524,69
2022-04-13 12:45:00,CVaR-DFL-FRO,55.85529249749185,69
2022-04-13 13:00:00,CVaR-DFL-FRO,37.1100500973029,69
2022-04-13 13:15:00,CVaR-DFL-FRO,56.512239650709006,69
2022-04-13 13:30:00,CVaR-DFL-FRO,83.5315375618717,69
2022-04-13 13:45:00,CVaR-DFL-FRO,39.5956725540976,69
2022-04-13 14:00:00,CVaR-DFL-FRO,53.413645165284116,69
2022-04-13 14:15:00,CVaR-DFL-FRO,51.155969075638396,69
2022-04-13 14:30:00,CVaR-DFL-FRO,46.57287259172286,69
2022-04-13 14:45:00,CVaR-DFL-FRO,61.99971874033848,69
2022-04-13 15:00:00,CVaR-DFL-FRO,65.77535480220006,69
2022-04-13 15:15:00,CVaR-DFL-FRO,65.56715388381042,69
2022-04-13 15:30:00,CVaR-DFL-FRO,42.80142618734645,69
2022-04-13 15:45:00,CVaR-DFL-FRO,34.95649780585228,69
2022-04-13 16:00:00,CVaR-DFL-FRO,62.271667583763616,69
2022-04-13 16:15:00,CVaR-DFL-FRO,49.355311113285424,69
2022-04-13 16:30:00,CVaR-DFL-FRO,100.31571019374388,69
2022-04-13 16:45:00,CVaR-DFL-FRO,101.72772672786617,69
2022-04-13 17:00:00,CVaR-DFL-FRO,105.04890810520061,69
2022-04-13 17:15:00,CVaR-DFL-FRO,43.27932897989361,69
2022-04-13 17:30:00,CVaR-DFL-FRO,68.33263258760604,69
2022-04-13 17:45:00,CVaR-DFL-FRO,74.86116955238003,69
2022-04-13 18:00:00,CVaR-DFL-FRO,72.35375031423237,69
2022-04-13 18:15:00,CVaR-DFL-FRO,51.67065455385843,69
2022-04-13 18:30:00,CVaR-DFL-FRO,84.70250342392092,69
2022-04-13 18:45:00,CVaR-DFL-FRO,57.527397575797025,69
2022-04-13 19:00:00,CVaR-DFL-FRO,59.792350385689986,69
2022-04-13 19:15:00,CVaR-DFL-FRO,36.11927279985742,69
2022-04-13 19:30:00,CVaR-DFL-FRO,69.90935090199694,69
2022-04-13 19:45:00,CVaR-DFL-FRO,53.16108988895285,69
2022-04-13 20:00:00,CVaR-DFL-FRO,66.20409620853393,69
2022-04-13 20:15:00,CVaR-DFL-FRO,61.7598965738641,69
2022-04-13 20:30:00,CVaR-DFL-FRO,60.75578206293624,69
2022-04-13 20:45:00,CVaR-DFL-FRO,56.72904743049215,69
2022-04-13 21:00:00,CVaR-DFL-FRO,72.97473766493465,69
2022-04-13 21:15:00,CVaR-DFL-FRO,54.15986534973657,69
2022-04-13 21:30:00,CVaR-DFL-FRO,37.03373205842835,69
2022-04-13 21:45:00,CVaR-DFL-FRO,68.32408445531298,69
2022-04-13 22:00:00,CVaR-DFL-FRO,45.03062094352757,69
2022-04-13 22:15:00,CVaR-DFL-FRO,38.53031727670697,69
2022-04-13 22:30:00,CVaR-DFL-FRO,42.217081813978524,69
2022-04-13 22:45:00,CVaR-DFL-FRO,62.66752706421067,69
2022-04-13 23:00:00,CVaR-DFL-FRO,55.863689833164585,69
2022-04-13 23:15:00,CVaR-DFL-FRO,30.16997772942745,69
2022-04-13 23:30:00,CVaR-DFL-FRO,51.21526497948143,69
2022-04-13 23:45:00,CVaR-DFL-FRO,81.93148340286972,69
2022-04-13 06:00:00,CVaR-DFL-RTRO,63.80264024020934,69
2022-04-13 11:15:00,CVaR-DFL-RTRO,84.58658416308509,69
2022-04-13 12:15:00,CVaR-DFL-RTRO,96.12388547753625,69
2022-04-13 14:15:00,CVaR-DFL-RTRO,67.55081052635137,69
2022-04-13 15:15:00,CVaR-DFL-RTRO,64.47747100435315,69
2022-04-13 16:45:00,CVaR-DFL-RTRO,81.2906904768447,69
2022-04-13 17:45:00,CVaR-DFL-RTRO,64.172495858828,69
2022-04-13 22:00:00,CVaR-DFL-RTRO,62.56363600505671,69
2022-04-14 00:00:00,LSTM-FRO,61.12548760508584,69
2022-04-14 00:15:00,LSTM-FRO,58.486337362670646,69
2022-04-14 00:30:00,LSTM-FRO,42.7103766957238,69
2022-04-14 00:45:00,LSTM-FRO,26.036558961161692,69
2022-04-14 01:00:00,LSTM-FRO,42.92561078562408,69
2022-04-14 01:15:00,LSTM-FRO,36.83288238829442,69
2022-04-14 01:30:00,LSTM-FRO,43.12522630427195,69
2022-04-14 01:45:00,LSTM-FRO,37.64513140896916,69
2022-04-14 02:00:00,LSTM-FRO,44.32140567498344,69
2022-04-14 02:15:00,LSTM-FRO,34.321587788496046,69
2022-04-14 02:30:00,LSTM-FRO,32.30309307344734,69
2022-04-14 02:45:00,LSTM-FRO,60.55904027700123,69
2022-04-14 03:00:00,LSTM-FRO,34.926695277684615,69
2022-04-14 03:15:00,LSTM-FRO,44.556477552291334,69
2022-04-14 03:30:00,LSTM-FRO,56.61623031793214,69
2022-04-14 03:45:00,LSTM-FRO,56.047592708454836,69
2022-04-14 04:00:00,LSTM-FRO,54.39177704129901,69
2022-04-14 04:15:00,LSTM-FRO,48.07228913060108,69
2022-04-14 04:30:00,LSTM-FRO,53.43297593890097,69
2022-04-14 04:45:00,LSTM-FRO,62.889193000666374,69
2022-04-14 05:00:00,LSTM-FRO,49.56931354499703,69
2022-04-14 05:15:00,LSTM-FRO,28.091386935434528,69
2022-04-14 05:30:00,LSTM-FRO,39.01676071273806,69
2022-04-14 05:45:00,LSTM-FRO,53.06359153226917,69
2022-04-14 06:00:00,LSTM-FRO,38.06320732493815,69
2022-04-14 06:15:00,LSTM-FRO,66.91249607060792,69
2022-04-14 06:30:00,LSTM-FRO,43.85170618689537,69
2022-04-14 06:45:00,LSTM-FRO,45.516511184544775,69
2022-04-14 07:00:00,LSTM-FRO,59.088131017595444,69
2022-04-14 07:15:00,LSTM-FRO,42.55390620570061,69
2022-04-14 07:30:00,LSTM-FRO,46.56861790675293,69
2022-04-14 07:45:00,LSTM-FRO,55.83440470552616,69
2022-04-14 08:00:00,LSTM-FRO,30.786475190462838,69
2022-04-14 08:15:00,LSTM-FRO,41.47343248130003,69
2022-04-14 08:30:00,LSTM-FRO,54.86221910488842,69
2022-04-14 08:45:00,LSTM-FRO,45.292549691215314,69
2022-04-14 09:00:00,LSTM-FRO,64.39485714530919,69
2022-04-14 09:15:00,LSTM-FRO,29.9957136135696,69
2022-04-14 09:30:00,LSTM-FRO,29.148872940646722,69
2022-04-14 09:45:00,LSTM-FRO,54.049289290045884,69
2022-04-14 10:00:00,LSTM-FRO,55.369369015232024,69
2022-04-14 10:15:00,LSTM-FRO,42.44294952480853,69
2022-04-14 10:30:00,LSTM-FRO,49.26378869488051,69
2022-04-14 10:45:00,LSTM-FRO,53.71815634807694,69
2022-04-14 11:00:00,LSTM-FRO,36.31976460413632,69
2022-04-14 11:15:00,LSTM-FRO,37.30871985765919,69
2022-04-14 11:30:00,LSTM-FRO,46.72611199486721,69
2022-04-14 11:45:00,LSTM-FRO,55.90404753438294,69
2022-04-14 12:00:00,LSTM-FRO,33.24726356614428,69
2022-04-14 12:15:00,LSTM-FRO,42.3929264039412,69
2022-04-14 12:30:00,LSTM-FRO,41.90315522207463,69
2022-04-14 12:45:00,LSTM-FRO,49.481494217182096,69
2022-04-14 13:00:00,LSTM-FRO,44.45558731512601,69
2022-04-14 13:15:00,LSTM-FRO,38.847187363914074,69
2022-04-14 13:30:00,LSTM-FRO,60.953680846260895,69
2022-04-14 13:45:00,LSTM-FRO,38.91186019782738,69
2022-04-14 14:00:00,LSTM-FRO,41.40271344248787,69
2022-04-14 14:15:00,LSTM-FRO,29.878666334756748,69
2022-04-14 14:30:00,LSTM-FRO,37.245295875225466,69
2022-04-14 14:45:00,LSTM-FRO,50.715421195994054,69
2022-04-14 15:00:00,LSTM-FRO,48.28679881633462,69
2022-04-14 15:15:00,LSTM-FRO,51.78896195731914,69
2022-04-14 15:30:00,LSTM-FRO,51.161785929497114,69
2022-04-14 15:45:00,LSTM-FRO,75.24684858003965,69
2022-04-14 16:00:00,LSTM-FRO,36.926587191937394,69
2022-04-14 16:15:00,LSTM-FRO,29.669932378909024,69
2022-04-14 16:30:00,LSTM-FRO,34.22455837841094,69
2022-04-14 16:45:00,LSTM-FRO,37.338670598860475,69
2022-04-14 17:00:00,LSTM-FRO,34.88577864837681,69
2022-04-14 17:15:00,LSTM-FRO,45.61273304287025,69
2022-04-14 17:30:00,LSTM-FRO,61.01628399197916,69
2022-04-14 17:45:00,LSTM-FRO,65.57472325250288,69
2022-04-14 18:00:00,LSTM-FRO,50.56582222872274,69
2022-04-14 18:15:00,LSTM-FRO,76.265392861943,69
2022-04-14 18:30:00,LSTM-FRO,40.73999954478636,69
2022-04-14 18:45:00,LSTM-FRO,29.572554295261,69
2022-04-14 19:00:00,LSTM-FRO,58.036035184606796,69
2022-04-14 19:15:00,LSTM-FRO,28.081571863640686,69
2022-04-14 19:30:00,LSTM-FRO,36.86041949444458,69
2022-04-14 19:45:00,LSTM-FRO,50.76683396036341,69
2022-04-14 20:00:00,LSTM-FRO,43.42227008055496,69
2022-04-14 20:15:00,LSTM-FRO,42.46743343831336,69
2022-04-14 20:30:00,LSTM-FRO,33.12369084636875,69
2022-04-14 20:45:00,LSTM-FRO,44.43211238367374,69
2022-04-14 21:00:00,LSTM-FRO,57.31908976323298,69
2022-04-14 21:15:00,LSTM-FRO,44.7766607161102,69
2022-04-14 21:30:00,LSTM-FRO,36.17088042310689,69
2022-04-14 21:45:00,LSTM-FRO,32.57327727062542,69
2022-04-14 22:00:00,LSTM-FRO,36.3587055463583,69
2022-04-14 22:15:00,LSTM-FRO,49.16420199556787,69
2022-04-14 22:30:00,LSTM-FRO,48.56641310829928,69
2022-04-14 22:45:00,LSTM-FRO,36.441746130761196,69
2022-04-14 23:00:00,LSTM-FRO,25.576788640280874,69
2022-04-14 23:15:00,LSTM-FRO,49.50701100143206,69
2022-04-14 23:30:00,LSTM-FRO,35.563286452763165,69
2022-04-14 23:45:00,LSTM-FRO,52.966335710934274,69
2022-04-14 00:00:00,Transformer-FRO,35.02050868576205,69
2022-04-14 00:15:00,Transformer-FRO,47.04359482213,69
2022-04-14 00:30:00,Transformer-FRO,83.20276233777562,69
2022-04-14 00:45:00,Transformer-FRO,54.882510163320546,69
2022-04-14 01:00:00,Transformer-FRO,46.83776827818135,69
2022-04-14 01:15:00,Transformer-FRO,49.61405737525038,69
2022-04-14 01:30:00,Transformer-FRO,28.746801622228467,69
2022-04-14 01:45:00,Transformer-FRO,33.82366390006701,69
2022-04-14 02:00:00,Transformer-FRO,23.61776571243771,69
2022-04-14 02:15:00,Transformer-FRO,70.73157994014787,69
2022-04-14 02:30:00,Transformer-FRO,67.12242681808155,69
2022-04-14 02:45:00,Transformer-FRO,50.05186885481803,69
2022-04-14 03:00:00,Transformer-FRO,46.82439319288929,69
2022-04-14 03:15:00,Transformer-FRO,30.269309583916474,69
2022-04-14 03:30:00,Transformer-FRO,42.72285640081665,69
2022-04-14 03:45:00,Transformer-FRO,71.88463641996344,69
2022-04-14 04:00:00,Transformer-FRO,46.77961390081084,69
2022-04-14 04:15:00,Transformer-FRO,39.07212997654843,69
2022-04-14 04:30:00,Transformer-FRO,28.69513623503924,69
2022-04-14 04:45:00,Transformer-FRO,64.6168734343927,69
2022-04-14 05:00:00,Transformer-FRO,44.4039816665424,69
2022-04-14 05:15:00,Transformer-FRO,28.70505980956282,69
2022-04-14 05:30:00,Transformer-FRO,35.60169060288024,69
2022-04-14 05:45:00,Transformer-FRO,32.49279788430883,69
2022-04-14 06:00:00,Transformer-FRO,43.70142540632955,69
2022-04-14 06:15:00,Transformer-FRO,47.707334572276956,69
2022-04-14 06:30:00,Transformer-FRO,39.69789938422407,69
2022-04-14 06:45:00,Transformer-FRO,55.28166386834339,69
2022-04-14 07:00:00,Transformer-FRO,46.147317970539724,69
2022-04-14 07:15:00,Transformer-FRO,59.51485229898882,69
2022-04-14 07:30:00,Transformer-FRO,41.2259305108984,69
2022-04-14 07:45:00,Transformer-FRO,99.39845946032403,69
2022-04-14 08:00:00,Transformer-FRO,39.07372417171039,69
2022-04-14 08:15:00,Transformer-FRO,35.79499888841508,69
2022-04-14 08:30:00,Transformer-FRO,34.674397248537275,69
2022-04-14 08:45:00,Transformer-FRO,42.81532887969673,69
2022-04-14 09:00:00,Transformer-FRO,28.982572181149273,69
2022-04-14 09:15:00,Transformer-FRO,48.79587580359218,69
2022-04-14 09:30:00,Transformer-FRO,27.622909217132644,69
2022-04-14 09:45:00,Transformer-FRO,47.14712400679886,69
2022-04-14 10:00:00,Transformer-FRO,31.879151690813735,69
2022-04-14 10:15:00,Transformer-FRO,40.96975433524555,69
2022-04-14 10:30:00,Transformer-FRO,52.8692651847951,69
2022-04-14 10:45:00,Transformer-FRO,82.05591226889513,69
2022-04-14 11:00:00,Transformer-FRO,34.213806873637964,69
2022-04-14 11:15:00,Transformer-FRO,43.49197913779799,69
2022-04-14 11:30:00,Transformer-FRO,37.49676650728391,69
2022-04-14 11:45:00,Transformer-FRO,36.10612810807649,69
2022-04-14 12:00:00,Transformer-FRO,37.582069117957914,69
2022-04-14 12:15:00,Transformer-FRO,55.95809308364194,69
2022-04-14 12:30:00,Transformer-FRO,39.85387944551179,69
2022-04-14 12:45:00,Transformer-FRO,80.90261393927604,69
2022-04-14 13:00:00,Transformer-FRO,50.35260815658806,69
2022-04-14 13:15:00,Transformer-FRO,34.82080310906735,69
2022-04-14 13:30:00,Transformer-FRO,41.12463656756244,69
2022-04-14 13:45:00,Transformer-FRO,36.747014665644016,69
2022-04-14 14:00:00,Transformer-FRO,55.61183194177933,69
2022-04-14 14:15:00,Transformer-FRO,29.59432200940853,69
2022-04-14 14:30:00,Transformer-FRO,31.964197738256207,69
2022-04-14 14:45:00,Transformer-FRO,38.80122314101753,69
2022-04-14 15:00:00,Transformer-FRO,53.952398977695786,69
2022-04-14 15:15:00,Transformer-FRO,62.20219049009293,69
2022-04-14 15:30:00,Transformer-FRO,64.62082563207674,69
2022-04-14 15:45:00,Transformer-FRO,51.857044919114436,69
2022-04-14 16:00:00,Transformer-FRO,44.2571487050262,69
2022-04-14 16:15:00,Transformer-FRO,55.53359653935352,69
2022-04-14 16:30:00,Transformer-FRO,33.630348097494554,69
2022-04-14 16:45:00,Transformer-FRO,28.05962849905134,69
2022-04-14 17:00:00,Transformer-FRO,50.622378359404635,69
2022-04-14 17:15:00,Transformer-FRO,34.859843234671295,69
2022-04-14 17:30:00,Transformer-FRO,44.45888110680056,69
2022-04-14 17:45:00,Transformer-FRO,46.63718859919625,69
2022-04-14 18:00:00,Transformer-FRO,48.21321432616946,69
2022-04-14 18:15:00,Transformer-FRO,57.628561820962105,69
2022-04-14 18:30:00,Transformer-FRO,56.07412879674592,69
2022-04-14 18:45:00,Transformer-FRO,47.55532007366125,69
2022-04-14 19:00:00,Transformer-FRO,40.33131642448147,69
2022-04-14 19:15:00,Transformer-FRO,46.49428361541697,69
2022-04-14 19:30:00,Transformer-FRO,38.75444037266168,69
2022-04-14 19:45:00,Transformer-FRO,42.97633863485383,69
2022-04-14 20:00:00,Transformer-FRO,89.00145962817534,69
2022-04-14 20:15:00,Transformer-FRO,47.3980096434441,69
2022-04-14 20:30:00,Transformer-FRO,50.80086249183368,69
2022-04-14 20:45:00,Transformer-FRO,37.67445785017727,69
2022-04-14 21:00:00,Transformer-FRO,58.8681794674052,69
2022-04-14 21:15:00,Transformer-FRO,55.04233415564033,69
2022-04-14 21:30:00,Transformer-FRO,55.14322507575231,69
2022-04-14 21:45:00,Transformer-FRO,47.80061778272084,69
2022-04-14 22:00:00,Transformer-FRO,59.08351833931085,69
2022-04-14 22:15:00,Transformer-FRO,62.82673106123596,69
2022-04-14 22:30:00,Transformer-FRO,48.65140207544916,69
2022-04-14 22:45:00,Transformer-FRO,43.89549667601366,69
2022-04-14 23:00:00,Transformer-FRO,56.987914560885,69
2022-04-14 23:15:00,Transformer-FRO,35.78763625942377,69
2022-04-14 23:30:00,Transformer-FRO,37.55304512593621,69
2022-04-14 23:45:00,Transformer-FRO,44.59716182773556,69
2022-04-14 00:00:00,DFL-FRO,61.357607743626666,69
2022-04-14 00:15:00,DFL-FRO,37.00526053310217,69
2022-04-14 00:30:00,DFL-FRO,42.51441497578294,69
2022-04-14 00:45:00,DFL-FRO,45.73047317067196,69
2022-04-14 01:00:00,DFL-FRO,49.11145778732803,69
2022-04-14 01:15:00,DFL-FRO,44.07734588496071,69
2022-04-14 01:30:00,DFL-FRO,47.6542125244249,69
2022-04-14 01:45:00,DFL-FRO,47.75853792102905,69
2022-04-14 02:00:00,DFL-FRO,42.80911212557771,69
2022-04-14 02:15:00,DFL-FRO,39.04203520235562,69
2022-04-14 02:30:00,DFL-FRO,65.91837518656594,69
2022-04-14 02:45:00,DFL-FRO,26.80773551700966,69
2022-04-14 03:00:00,DFL-FRO,45.82827061981725,69
2022-04-14 03:15:00,DFL-FRO,42.54554188095403,69
2022-04-14 03:30:00,DFL-FRO,54.667455694550426,69
2022-04-14 03:45:00,DFL-FRO,32.210399872085766,69
2022-04-14 04:00:00,DFL-FRO,42.176052067028046,69
2022-04-14 04:15:00,DFL-FRO,47.18565134276167,69
2022-04-14 04:30:00,DFL-FRO,65.70648753647195,69
2022-04-14 04:45:00,DFL-FRO,53.34658463359363,69
2022-04-14 05:00:00,DFL-FRO,34.770436930243605,69
2022-04-14 05:15:00,DFL-FRO,42.32291482870865,69
2022-04-14 05:30:00,DFL-FRO,62.37894484018332,69
2022-04-14 05:45:00,DFL-FRO,34.601103495602075,69
2022-04-14 06:00:00,DFL-FRO,47.502738051017744,69
2022-04-14 06:15:00,DFL-FRO,48.44463636495127,69
2022-04-14 06:30:00,DFL-FRO,43.556025270320355,69
2022-04-14 06:45:00,DFL-FRO,103.99124441242712,69
2022-04-14 07:00:00,DFL-FRO,43.22579952060172,69
2022-04-14 07:15:00,DFL-FRO,55.14774583725541,69
2022-04-14 07:30:00,DFL-FRO,39.118114423474665,69
2022-04-14 07:45:00,DFL-FRO,56.37574789708215,69
2022-04-14 08:00:00,DFL-FRO,62.11062981334803,69
2022-04-14 08:15:00,DFL-FRO,41.138727762586406,69
2022-04-14 08:30:00,DFL-FRO,47.82502123997702,69
2022-04-14 08:45:00,DFL-FRO,37.718876914559694,69
2022-04-14 09:00:00,DFL-FRO,35.156353921475166,69
2022-04-14 09:15:00,DFL-FRO,65.09186301227437,69
2022-04-14 09:30:00,DFL-FRO,41.53521003784776,69
2022-04-14 09:45:00,DFL-FRO,24.566094007905853,69
2022-04-14 10:00:00,DFL-FRO,79.96211436762003,69
2022-04-14 10:15:00,DFL-FRO,38.724674290223525,69
2022-04-14 10:30:00,DFL-FRO,45.30506961073604,69
2022-04-14 10:45:00,DFL-FRO,77.20058455874525,69
2022-04-14 11:00:00,DFL-FRO,46.66376000114433,69
2022-04-14 11:15:00,DFL-FRO,46.380046037633996,69
2022-04-14 11:30:00,DFL-FRO,34.33440914793509,69
2022-04-14 11:45:00,DFL-FRO,30.609263148157513,69
2022-04-14 12:00:00,DFL-FRO,46.34011806999218,69
2022-04-14 12:15:00,DFL-FRO,53.80996824212041,69
2022-04-14 12:30:00,DFL-FRO,52.946449227697784,69
2022-04-14 12:45:00,DFL-FRO,42.39727216104312,69
2022-04-14 13:00:00,DFL-FRO,48.848240661035526,69
2022-04-14 13:15:00,DFL-FRO,28.90889787706527,69
2022-04-14 13:30:00,DFL-FRO,55.3099859142608,69
2022-04-14 13:45:00,DFL-FRO,50.834745758724424,69
2022-04-14 14:00:00,DFL-FRO,84.80720091873313,69
2022-04-14 14:15:00,DFL-FRO,48.67228027827958,69
2022-04-14 14:30:00,DFL-FRO,37.21743573895337,69
2022-04-14 14:45:00,DFL-FRO,47.87878870873153,69
2022-04-14 15:00:00,DFL-FRO,44.275131084754776,69
2022-04-14 15:15:00,DFL-FRO,54.91373670192841,69
2022-04-14 15:30:00,DFL-FRO,48.93984789060025,69
2022-04-14 15:45:00,DFL-FRO,34.0276969896783,69
2022-04-14 16:00:00,DFL-FRO,30.601401323384252,69
2022-04-14 16:15:00,DFL-FRO,52.313028583080836,69
2022-04-14 16:30:00,DFL-FRO,71.77985022139231,69
2022-04-14 16:45:00,DFL-FRO,49.670243907370924,69
2022-04-14 17:00:00,DFL-FRO,61.11035220940066,69
2022-04-14 17:15:00,DFL-FRO,64.6524218650341,69
2022-04-14 17:30:00,DFL-FRO,52.37043608368674,69
2022-04-14 17:45:00,DFL-FRO,38.58934356266893,69
2022-04-14 18:00:00,DFL-FRO,51.32379324274737,69
2022-04-14 18:15:00,DFL-FRO,68.29849548503837,69
2022-04-14 18:30:00,DFL-FRO,56.40987013387312,69
2022-04-14 18:45:00,DFL-FRO,59.99791989383781,69
2022-04-14 19:00:00,DFL-FRO,42.62194649569527,69
2022-04-14 19:15:00,DFL-FRO,45.87179584173912,69
2022-04-14 19:30:00,DFL-FRO,46.968044641452,69
2022-04-14 19:45:00,DFL-FRO,47.87047549535773,69
2022-04-14 20:00:00,DFL-FRO,67.54819624944751,69
2022-04-14 20:15:00,DFL-FRO,25.031378473973387,69
2022-04-14 20:30:00,DFL-FRO,48.990269081821296,69
2022-04-14 20:45:00,DFL-FRO,47.49130816347272,69
2022-04-14 21:00:00,DFL-FRO,32.972392939225955,69
2022-04-14 21:15:00,DFL-FRO,58.7159638165242,69
2022-04-14 21:30:00,DFL-FRO,39.582641531014254,69
2022-04-14 21:45:00,DFL-FRO,43.91111480048396,69
2022-04-14 22:00:00,DFL-FRO,81.86841667016326,69
2022-04-14 22:15:00,DFL-FRO,64.60067041051124,69
2022-04-14 22:30:00,DFL-FRO,57.12481705968764,69
2022-04-14 22:45:00,DFL-FRO,54.083700357191056,69
2022-04-14 23:00:00,DFL-FRO,46.362452954590175,69
2022-04-14 23:15:00,DFL-FRO,85.42536204462522,69
2022-04-14 23:30:00,DFL-FRO,60.91857453621961,69
2022-04-14 23:45:00,DFL-FRO,39.30360973542599,69
2022-04-14 00:00:00,CVaR-DFL-FRO,63.8621963606098,69
2022-04-14 00:15:00,CVaR-DFL-FRO,52.89557270166516,69
2022-04-14 00:30:00,CVaR-DFL-FRO,34.913731359977355,69
2022-04-14 00:45:00,CVaR-DFL-FRO,61.245950590979604,69
2022-04-14 01:00:00,CVaR-DFL-FRO,49.59182389415965,69
2022-04-14 01:15:00,CVaR-DFL-FRO,63.167059651500814,69
2022-04-14 01:30:00,CVaR-DFL-FRO,61.49019053980978,69
2022-04-14 01:45:00,CVaR-DFL-FRO,44.75421215099841,69
2022-04-14 02:00:00,CVaR-DFL-FRO,65.1504208188292,69
2022-04-14 02:15:00,CVaR-DFL-FRO,46.27380630789363,69
2022-04-14 02:30:00,CVaR-DFL-FRO,47.19319265614532,69
2022-04-14 02:45:00,CVaR-DFL-FRO,45.79514565978617,69
2022-04-14 03:00:00,CVaR-DFL-FRO,75.74816404125748,69
2022-04-14 03:15:00,CVaR-DFL-FRO,49.4188941771838,69
2022-04-14 03:30:00,CVaR-DFL-FRO,81.48945612365193,69
2022-04-14 03:45:00,CVaR-DFL-FRO,92.28111471721456,69
2022-04-14 04:00:00,CVaR-DFL-FRO,43.02213358115252,69
2022-04-14 04:15:00,CVaR-DFL-FRO,22.229925937052602,69
2022-04-14 04:30:00,CVaR-DFL-FRO,73.79220923566564,69
2022-04-14 04:45:00,CVaR-DFL-FRO,48.50930447630019,69
2022-04-14 05:00:00,CVaR-DFL-FRO,41.394494025010815,69
2022-04-14 05:15:00,CVaR-DFL-FRO,45.019666653743236,69
2022-04-14 05:30:00,CVaR-DFL-FRO,47.45189100869033,69
2022-04-14 05:45:00,CVaR-DFL-FRO,79.6550765909127,69
2022-04-14 06:00:00,CVaR-DFL-FRO,56.46419551520131,69
2022-04-14 06:15:00,CVaR-DFL-FRO,79.3281140993845,69
2022-04-14 06:30:00,CVaR-DFL-FRO,62.47435291127079,69
2022-04-14 06:45:00,CVaR-DFL-FRO,48.992238199763996,69
2022-04-14 07:00:00,CVaR-DFL-FRO,47.80432118498083,69
2022-04-14 07:15:00,CVaR-DFL-FRO,63.76123500054844,69
2022-04-14 07:30:00,CVaR-DFL-FRO,68.95497334307127,69
2022-04-14 07:45:00,CVaR-DFL-FRO,72.73449963959264,69
2022-04-14 08:00:00,CVaR-DFL-FRO,49.7043157309586,69
2022-04-14 08:15:00,CVaR-DFL-FRO,56.72609362296023,69
2022-04-14 08:30:00,CVaR-DFL-FRO,64.1954532445052,69
2022-04-14 08:45:00,CVaR-DFL-FRO,47.89686584357727,69
2022-04-14 09:00:00,CVaR-DFL-FRO,38.16172548275125,69
2022-04-14 09:15:00,CVaR-DFL-FRO,42.15174254053492,69
2022-04-14 09:30:00,CVaR-DFL-FRO,50.0136129988031,69
2022-04-14 09:45:00,CVaR-DFL-FRO,65.73179308715869,69
2022-04-14 10:00:00,CVaR-DFL-FRO,78.73936002708759,69
2022-04-14 10:15:00,CVaR-DFL-FRO,35.69227518333782,69
2022-04-14 10:30:00,CVaR-DFL-FRO,44.90231043346492,69
2022-04-14 10:45:00,CVaR-DFL-FRO,48.27663624718377,69
2022-04-14 11:00:00,CVaR-DFL-FRO,68.4206903520479,69
2022-04-14 11:15:00,CVaR-DFL-FRO,45.852834588558395,69
2022-04-14 11:30:00,CVaR-DFL-FRO,47.238186027913606,69
2022-04-14 11:45:00,CVaR-DFL-FRO,35.09319733407464,69
2022-04-14 12:00:00,CVaR-DFL-FRO,62.27029886626457,69
2022-04-14 12:15:00,CVaR-DFL-FRO,51.233326115184,69
2022-04-14 12:30:00,CVaR-DFL-FRO,44.13856722915676,69
2022-04-14 12:45:00,CVaR-DFL-FRO,49.73478268759807,69
2022-04-14 13:00:00,CVaR-DFL-FRO,75.65702763038111,69
2022-04-14 13:15:00,CVaR-DFL-FRO,39.693295103721496,69
2022-04-14 13:30:00,CVaR-DFL-FRO,41.702820576443344,69
2022-04-14 13:45:00,CVaR-DFL-FRO,78.57930811595112,69
2022-04-14 14:00:00,CVaR-DFL-FRO,55.04495372129539,69
2022-04-14 14:15:00,CVaR-DFL-FRO,65.88205837621759,69
2022-04-14 14:30:00,CVaR-DFL-FRO,60.75070518935736,69
2022-04-14 14:45:00,CVaR-DFL-FRO,53.22523576059462,69
2022-04-14 15:00:00,CVaR-DFL-FRO,48.416528010837716,69
2022-04-14 15:15:00,CVaR-DFL-FRO,69.1876222918849,69
2022-04-14 15:30:00,CVaR-DFL-FRO,76.47036040271018,69
2022-04-14 15:45:00,CVaR-DFL-FRO,74.6834477947441,69
2022-04-14 16:00:00,CVaR-DFL-FRO,37.582709334741914,69
2022-04-14 16:15:00,CVaR-DFL-FRO,79.8413010234032,69
2022-04-14 16:30:00,CVaR-DFL-FRO,48.27557351664377,69
2022-04-14 16:45:00,CVaR-DFL-FRO,42.81034586607596,69
2022-04-14 17:00:00,CVaR-DFL-FRO,51.11056952510059,69
2022-04-14 17:15:00,CVaR-DFL-FRO,69.17863007230078,69
2022-04-14 17:30:00,CVaR-DFL-FRO,63.354620939323134,69
2022-04-14 17:45:00,CVaR-DFL-FRO,49.796921291480196,69
2022-04-14 18:00:00,CVaR-DFL-FRO,69.31559963058008,69
2022-04-14 18:15:00,CVaR-DFL-FRO,56.12268784334569,69
2022-04-14 18:30:00,CVaR-DFL-FRO,45.23466767328748,69
2022-04-14 18:45:00,CVaR-DFL-FRO,43.42340175248621,69
2022-04-14 19:00:00,CVaR-DFL-FRO,60.90682939434082,69
2022-04-14 19:15:00,CVaR-DFL-FRO,52.47079714518766,69
2022-04-14 19:30:00,CVaR-DFL-FRO,35.48276324346342,69
2022-04-14 19:45:00,CVaR-DFL-FRO,69.51503122706121,69
2022-04-14 20:00:00,CVaR-DFL-FRO,46.5212993771315,69
2022-04-14 20:15:00,CVaR-DFL-FRO,87.08977987355047,69
2022-04-14 20:30:00,CVaR-DFL-FRO,35.188916183672006,69
2022-04-14 20:45:00,CVaR-DFL-FRO,50.93487624589391,69
2022-04-14 21:00:00,CVaR-DFL-FRO,43.52939405276513,69
2022-04-14 21:15:00,CVaR-DFL-FRO,40.04873583850016,69
2022-04-14 21:30:00,CVaR-DFL-FRO,46.42967744112135,69
2022-04-14 21:45:00,CVaR-DFL-FRO,91.92115804409516,69
2022-04-14 22:00:00,CVaR-DFL-FRO,56.18231453564269,69
2022-04-14 22:15:00,CVaR-DFL-FRO,42.337882544912674,69
2022-04-14 22:30:00,CVaR-DFL-FRO,30.936875389486243,69
2022-04-14 22:45:00,CVaR-DFL-FRO,31.957391426134507,69
2022-04-14 23:00:00,CVaR-DFL-FRO,45.737102171455696,69
2022-04-14 23:15:00,CVaR-DFL-FRO,44.41126814985674,69
2022-04-14 23:30:00,CVaR-DFL-FRO,50.27129185122425,69
2022-04-14 23:45:00,CVaR-DFL-FRO,27.05158353609727,69
2022-04-14 06:00:00,CVaR-DFL-RTRO,90.75081915604035,69
2022-04-14 07:15:00,CVaR-DFL-RTRO,81.39467027705015,69
2022-04-14 10:00:00,CVaR-DFL-RTRO,55.680730191073415,69
2022-04-14 10:30:00,CVaR-DFL-RTRO,98.74747407903689,69
2022-04-14 14:15:00,CVaR-DFL-RTRO,49.59529244151554,69
2022-04-14 15:30:00,CVaR-DFL-RTRO,46.54176156820761,69
2022-04-14 16:15:00,CVaR-DFL-RTRO,63.20286054117408,69
2022-04-14 17:45:00,CVaR-DFL-RTRO,135.53231012360732,69
2022-04-14 18:30:00,CVaR-DFL-RTRO,133.2239889094811,69
2022-04-14 19:15:00,CVaR-DFL-RTRO,65.30205780833872,69
2022-04-14 19:30:00,CVaR-DFL-RTRO,61.02905702257223,69
2022-04-14 20:45:00,CVaR-DFL-RTRO,45.517656009055166,69
2022-04-14 21:45:00,CVaR-DFL-RTRO,76.68198979708559,69
2022-04-14 22:00:00,CVaR-DFL-RTRO,78.6617560940948,69
2022-04-14 22:15:00,CVaR-DFL-RTRO,95.16660530692154,69
2022-04-15 00:00:00,LSTM-FRO,42.153426889859254,69
2022-04-15 00:15:00,LSTM-FRO,50.93050310874472,69
2022-04-15 00:30:00,LSTM-FRO,37.15091498070156,69
2022-04-15 00:45:00,LSTM-FRO,50.688341789675725,69
2022-04-15 01:00:00,LSTM-FRO,38.999204196230934,69
2022-04-15 01:15:00,LSTM-FRO,49.71065256464391,69
2022-04-15 01:30:00,LSTM-FRO,48.71055561306521,69
2022-04-15 01:45:00,LSTM-FRO,45.06695369077201,69
2022-04-15 02:00:00,LSTM-FRO,54.073164758719315,69
2022-04-15 02:15:00,LSTM-FRO,29.863703067229974,69
2022-04-15 02:30:00,LSTM-FRO,33.904244538768644,69
2022-04-15 02:45:00,LSTM-FRO,41.39172580836411,69
2022-04-15 03:00:00,LSTM-FRO,30.83221055523846,69
2022-04-15 03:15:00,LSTM-FRO,39.99432279317406,69
2022-04-15 03:30:00,LSTM-FRO,40.31927297908251,69
2022-04-15 03:45:00,LSTM-FRO,61.538303335740395,69
2022-04-15 04:00:00,LSTM-FRO,45.90887448268394,69
2022-04-15 04:15:00,LSTM-FRO,57.35756718958746,69
2022-04-15 04:30:00,LSTM-FRO,47.780098480242565,69
2022-04-15 04:45:00,LSTM-FRO,38.72180468157419,69
2022-04-15 05:00:00,LSTM-FRO,45.80737246516011,69
2022-04-15 05:15:00,LSTM-FRO,53.19646615451972,69
2022-04-15 05:30:00,LSTM-FRO,59.767871494198914,69
2022-04-15 05:45:00,LSTM-FRO,42.84811542822152,69
2022-04-15 06:00:00,LSTM-FRO,29.291158405254432,69
2022-04-15 06:15:00,LSTM-FRO,28.778820085678106,69
2022-04-15 06:30:00,LSTM-FRO,40.810286101246504,69
2022-04-15 06:45:00,LSTM-FRO,24.630117648516,69
2022-04-15 07:00:00,LSTM-FRO,69.51341855598827,69
2022-04-15 07:15:00,LSTM-FRO,51.456196894607224,69
2022-04-15 07:30:00,LSTM-FRO,37.76183496393875,69
2022-04-15 07:45:00,LSTM-FRO,33.52565107645072,69
2022-04-15 08:00:00,LSTM-FRO,57.338700633136206,69
2022-04-15 08:15:00,LSTM-FRO,33.49209061966972,69
2022-04-15 08:30:00,LSTM-FRO,34.30397150784065,69
2022-04-15 08:45:00,LSTM-FRO,36.54680298793496,69
2022-04-15 09:00:00,LSTM-FRO,45.58219985059924,69
2022-04-15 09:15:00,LSTM-FRO,51.76538955946753,69
2022-04-15 09:30:00,LSTM-FRO,59.756933091288786,69
2022-04-15 09:45:00,LSTM-FRO,57.581790265322944,69
2022-04-15 10:00:00,LSTM-FRO,44.303824872913985,69
2022-04-15 10:15:00,LSTM-FRO,57.22944953445245,69
2022-04-15 10:30:00,LSTM-FRO,37.42837245154044,69
2022-04-15 10:45:00,LSTM-FRO,28.043772058980473,69
2022-04-15 11:00:00,LSTM-FRO,37.42713729260357,69
2022-04-15 11:15:00,LSTM-FRO,36.17879385607692,69
2022-04-15 11:30:00,LSTM-FRO,37.7967359020577,69
2022-04-15 11:45:00,LSTM-FRO,34.8145481453372,69
2022-04-15 12:00:00,LSTM-FRO,39.453384401151524,69
2022-04-15 12:15:00,LSTM-FRO,51.755251384706646,69
2022-04-15 12:30:00,LSTM-FRO,68.133902589373,69
2022-04-15 12:45:00,LSTM-FRO,28.724367452914034,69
2022-04-15 13:00:00,LSTM-FRO,32.05983116240142,69
2022-04-15 13:15:00,LSTM-FRO,36.313592231093075,69
2022-04-15 13:30:00,LSTM-FRO,53.683657335057795,69
2022-04-15 13:45:00,LSTM-FRO,42.07386548157016,69
2022-04-15 14:00:00,LSTM-FRO,36.932665458801665,69
2022-04-15 14:15:00,LSTM-FRO,53.027223671617385,69
2022-04-15 14:30:00,LSTM-FRO,56.31545415791564,69
2022-04-15 14:45:00,LSTM-FRO,44.08710258949115,69
2022-04-15 15:00:00,LSTM-FRO,36.08845856761323,69
2022-04-15 15:15:00,LSTM-FRO,47.40500264486304,69
2022-04-15 15:30:00,LSTM-FRO,41.77579607502084,69
2022-04-15 15:45:00,LSTM-FRO,41.69464973616977,69
2022-04-15 16:00:00,LSTM-FRO,38.94863904882701,69
2022-04-15 16:15:00,LSTM-FRO,55.873185381453666,69
2022-04-15 16:30:00,LSTM-FRO,47.162859772519354,69
2022-04-15 16:45:00,LSTM-FRO,57.447939115815615,69
2022-04-15 17:00:00,LSTM-FRO,61.95126931211276,69
2022-04-15 17:15:00,LSTM-FRO,49.70469094303644,69
2022-04-15 17:30:00,LSTM-FRO,39.00659625935799,69
2022-04-15 17:45:00,LSTM-FRO,57.51468341487637,69
2022-04-15 18:00:00,LSTM-FRO,49.78816217597556,69
2022-04-15 18:15:00,LSTM-FRO,85.15100657986527,69
2022-04-15 18:30:00,LSTM-FRO,47.88129900403164,69
2022-04-15 18:45:00,LSTM-FRO,52.77430301487607,69
2022-04-15 19:00:00,LSTM-FRO,47.64533839861669,69
2022-04-15 19:15:00,LSTM-FRO,43.20685101997032,69
2022-04-15 19:30:00,LSTM-FRO,41.508978407082616,69
2022-04-15 19:45:00,LSTM-FRO,47.691050338845336,69
2022-04-15 20:00:00,LSTM-FRO,50.48684172049232,69
2022-04-15 20:15:00,LSTM-FRO,59.185366268981944,69
2022-04-15 20:30:00,LSTM-FRO,47.86624820922244,69
2022-04-15 20:45:00,LSTM-FRO,39.43576252865867,69
2022-04-15 21:00:00,LSTM-FRO,40.8057643409826,69
2022-04-15 21:15:00,LSTM-FRO,31.77776055340109,69
2022-04-15 21:30:00,LSTM-FRO,67.21577082524927,69
2022-04-15 21:45:00,LSTM-FRO,38.66831603730814,69
2022-04-15 22:00:00,LSTM-FRO,56.471892399703954,69
2022-04-15 22:15:00,LSTM-FRO,47.47969323816962,69
2022-04-15 22:30:00,LSTM-FRO,47.80477932692027,69
2022-04-15 22:45:00,LSTM-FRO,43.00828050317689,69
2022-04-15 23:00:00,LSTM-FRO,36.34685748291693,69
2022-04-15 23:15:00,LSTM-FRO,34.73457729567423,69
2022-04-15 23:30:00,LSTM-FRO,68.36019650535869,69
2022-04-15 23:45:00,LSTM-FRO,45.58075421931249,69
2022-04-15 00:00:00,Transformer-FRO,71.68493274026312,69
2022-04-15 00:15:00,Transformer-FRO,45.05143810189447,69
2022-04-15 00:30:00,Transformer-FRO,55.902665406550454,69
2022-04-15 00:45:00,Transformer-FRO,50.68923199142842,69
2022-04-15 01:00:00,Transformer-FRO,37.14226268518252,69
2022-04-15 01:15:00,Transformer-FRO,47.755610762205535,69
2022-04-15 01:30:00,Transformer-FRO,58.32502424692037,69
2022-04-15 01:45:00,Transformer-FRO,44.03551001141669,69
2022-04-15 02:00:00,Transformer-FRO,46.064839599853286,69
2022-04-15 02:15:00,Transformer-FRO,47.90546779385902,69
2022-04-15 02:30:00,Transformer-FRO,86.50680300123234,69
2022-04-15 02:45:00,Transformer-FRO,31.177309956557895,69
2022-04-15 03:00:00,Transformer-FRO,57.04397747658616,69
2022-04-15 03:15:00,Transformer-FRO,46.92472197137532,69
2022-04-15 03:30:00,Transformer-FRO,42.45159850540398,69
2022-04-15 03:45:00,Transformer-FRO,46.627859430732094,69
2022-04-15 04:00:00,Transformer-FRO,59.54246138217488,69
2022-04-15 04:15:00,Transformer-FRO,60.429112398799866,69
2022-04-15 04:30:00,Transformer-FRO,52.57207589144925,69
2022-04-15 04:45:00,Transformer-FRO,66.46738017955734,69
2022-04-15 05:00:00,Transformer-FRO,69.56473810989334,69
2022-04-15 05:15:00,Transformer-FRO,61.881965818027744,69
2022-04-15 05:30:00,Transformer-FRO,43.501590037894445,69
2022-04-15 05:45:00,Transformer-FRO,56.93781780473415,69
2022-04-15 06:00:00,Transformer-FRO,57.007948807036755,69
2022-04-15 06:15:00,Transformer-FRO,40.573149531475806,69
2022-04-15 06:30:00,Transformer-FRO,33.385863212349875,69
2022-04-15 06:45:00,Transformer-FRO,29.69195145910646,69
2022-04-15 07:00:00,Transformer-FRO,51.01601694746015,69
2022-04-15 07:15:00,Transformer-FRO,54.1176289530208,69
2022-04-15 07:30:00,Transformer-FRO,36.906990162657394,69
2022-04-15 07:45:00,Transformer-FRO,65.66919373251932,69
2022-04-15 08:00:00,Transformer-FRO,52.11448450521781,69
2022-04-15 08:15:00,Transformer-FRO,71.03056263680922,69
2022-04-15 08:30:00,Transformer-FRO,55.14197820254682,69
2022-04-15 08:45:00,Transformer-FRO,38.02568484285259,69
2022-04-15 09:00:00,Transformer-FRO,56.407763878442054,69
2022-04-15 09:15:00,Transformer-FRO,59.584588979624755,69
2022-04-15 09:30:00,Transformer-FRO,43.48549020224468,69
2022-04-15 09:45:00,Transformer-FRO,34.50384781785727,69
2022-04-15 10:00:00,Transformer-FRO,51.419278101950695,69
2022-04-15 10:15:00,Transformer-FRO,38.675282674091356,69
2022-04-15 10:30:00,Transformer-FRO,66.95303597320752,69
2022-04-15 10:45:00,Transformer-FRO,45.09422655548257,69
2022-04-15 11:00:00,Transformer-FRO,78.26834354567004,69
2022-04-15 11:15:00,Transformer-FRO,28.923461060596434,69
2022-04-15 11:30:00,Transformer-FRO,51.88016522208067,69
2022-04-15 11:45:00,Transformer-FRO,72.51452647343132,69
2022-04-15 12:00:00,Transformer-FRO,39.79702662015762,69
2022-04-15 12:15:00,Transformer-FRO,48.08131760602916,69
2022-04-15 12:30:00,Transformer-FRO,45.142551501746475,69
2022-04-15 12:45:00,Transformer-FRO,41.980841738130025,69
2022-04-15 13:00:00,Transformer-FRO,53.37505746291731,69
2022-04-15 13:15:00,Transformer-FRO,35.83796216024436,69
2022-04-15 13:30:00,Transformer-FRO,48.68490615338131,69
2022-04-15 13:45:00,Transformer-FRO,57.25611258573694,69
2022-04-15 14:00:00,Transformer-FRO,47.39121648294182,69
2022-04-15 14:15:00,Transformer-FRO,38.681689765430505,69
2022-04-15 14:30:00,Transformer-FRO,65.40057682264687,69
2022-04-15 14:45:00,Transformer-FRO,60.51879211519531,69
2022-04-15 15:00:00,Transformer-FRO,38.273816495340185,69
2022-04-15 15:15:00,Transformer-FRO,35.85014477563412,69
2022-04-15 15:30:00,Transformer-FRO,39.167762663361295,69
2022-04-15 15:45:00,Transformer-FRO,57.69136250484441,69
2022-04-15 16:00:00,Transformer-FRO,53.80405845088994,69
2022-04-15 16:15:00,Transformer-FRO,61.46254666301637,69
2022-04-15 16:30:00,Transformer-FRO,46.04926935492267,69
2022-04-15 16:45:00,Transformer-FRO,39.4441925760452,69
2022-04-15 17:00:00,Transformer-FRO,63.54402832100306,69
2022-04-15 17:15:00,Transformer-FRO,43.4200229753534,69
2022-04-15 17:30:00,Transformer-FRO,52.57929595756856,69
2022-04-15 17:45:00,Transformer-FRO,33.55479943460948,69
2022-04-15 18:00:00,Transformer-FRO,43.23665580449516,69
2022-04-15 18:15:00,Transformer-FRO,65.04985252207747,69
2022-04-15 18:30:00,Transformer-FRO,41.62934710486604,69
2022-04-15 18:45:00,Transformer-FRO,61.85200808672441,69
2022-04-15 19:00:00,Transformer-FRO,27.416581879050966,69
2022-04-15 19:15:00,Transformer-FRO,43.35332865210865,69
2022-04-15 19:30:00,Transformer-FRO,47.9304072781896,69
2022-04-15 19:45:00,Transformer-FRO,78.6323534990824,69
2022-04-15 20:00:00,Transformer-FRO,37.02860371844513,69
2022-04-15 20:15:00,Transformer-FRO,59.59819289407451,69
2022-04-15 20:30:00,Transformer-FRO,65.85458731607469,69
2022-04-15 20:45:00,Transformer-FRO,41.57323146586754,69
2022-04-15 21:00:00,Transformer-FRO,45.488455881551786,69
2022-04-15 21:15:00,Transformer-FRO,51.971940047278906,69
2022-04-15 21:30:00,Transformer-FRO,34.15407923384189,69
2022-04-15 21:45:00,Transformer-FRO,44.5386753876598,69
2022-04-15 22:00:00,Transformer-FRO,69.695833877512,69
2022-04-15 22:15:00,Transformer-FRO,57.354836820657354,69
2022-04-15 22:30:00,Transformer-FRO,48.111791887410334,69
2022-04-15 22:45:00,Transformer-FRO,51.589480213491434,69
2022-04-15 23:00:00,Transformer-FRO,58.22552382987228,69
2022-04-15 23:15:00,Transformer-FRO,61.182239574514085,69
2022-04-15 23:30:00,Transformer-FRO,43.386729648077626,69
2022-04-15 23:45:00,Transformer-FRO,74.51722476607519,69
2022-04-15 00:00:00,DFL-FRO,72.35090207160765,69
2022-04-15 00:15:00,DFL-FRO,47.09666121121892,69
2022-04-15 00:30:00,DFL-FRO,44.79698486754712,69
2022-04-15 00:45:00,DFL-FRO,54.49051402291009,69
2022-04-15 01:00:00,DFL-FRO,60.78990771862185,69
2022-04-15 01:15:00,DFL-FRO,36.26386883562184,69
2022-04-15 01:30:00,DFL-FRO,68.7151527598093,69
2022-04-15 01:45:00,DFL-FRO,85.95778366189134,69
2022-04-15 02:00:00,DFL-FRO,70.32065563502715,69
2022-04-15 02:15:00,DFL-FRO,49.369778476146934,69
2022-04-15 02:30:00,DFL-FRO,47.74694001580591,69
2022-04-15 02:45:00,DFL-FRO,65.03623653188427,69
2022-04-15 03:00:00,DFL-FRO,57.223716875035656,69
2022-04-15 03:15:00,DFL-FRO,67.72007528341999,69
2022-04-15 03:30:00,DFL-FRO,70.82384003248364,69
2022-04-15 03:45:00,DFL-FRO,81.33892804770855,69
2022-04-15 04:00:00,DFL-FRO,43.40346183388531,69
2022-04-15 04:15:00,DFL-FRO,63.615086105461934,69
2022-04-15 04:30:00,DFL-FRO,53.926057650193364,69
2022-04-15 04:45:00,DFL-FRO,58.11405036251501,69
2022-04-15 05:00:00,DFL-FRO,76.27776222386139,69
2022-04-15 05:15:00,DFL-FRO,78.65603056690404,69
2022-04-15 05:30:00,DFL-FRO,88.69456629550736,69
2022-04-15 05:45:00,DFL-FRO,67.38714952759923,69
2022-04-15 06:00:00,DFL-FRO,57.92755263596016,69
2022-04-15 06:15:00,DFL-FRO,55.63694500462421,69
2022-04-15 06:30:00,DFL-FRO,36.61102961334753,69
2022-04-15 06:45:00,DFL-FRO,87.23613916119652,69
2022-04-15 07:00:00,DFL-FRO,54.562971920064996,69
2022-04-15 07:15:00,DFL-FRO,68.93291937255668,69
2022-04-15 07:30:00,DFL-FRO,72.38644108107978,69
2022-04-15 07:45:00,DFL-FRO,42.03793983663419,69
2022-04-15 08:00:00,DFL-FRO,46.039516844251224,69
2022-04-15 08:15:00,DFL-FRO,92.49533073678305,69
2022-04-15 08:30:00,DFL-FRO,64.86350804146916,69
2022-04-15 08:45:00,DFL-FRO,50.71894017771762,69
2022-04-15 09:00:00,DFL-FRO,57.66101567847391,69
2022-04-15 09:15:00,DFL-FRO,81.20916232738836,69
2022-04-15 09:30:00,DFL-FRO,77.79860859746213,69
2022-04-15 09:45:00,DFL-FRO,39.49704148791548,69
2022-04-15 10:00:00,DFL-FRO,94.80313147831863,69
2022-04-15 10:15:00,DFL-FRO,78.50118221487602,69
2022-04-15 10:30:00,DFL-FRO,57.23710694447058,69
2022-04-15 10:45:00,DFL-FRO,42.679034296291746,69
2022-04-15 11:00:00,DFL-FRO,80.47338172417945,69
2022-04-15 11:15:00,DFL-FRO,68.36160436676528,69
2022-04-15 11:30:00,DFL-FRO,39.58954574423764,69
2022-04-15 11:45:00,DFL-FRO,55.964732447723044,69
2022-04-15 12:00:00,DFL-FRO,144.47810973326483,69
2022-04-15 12:15:00,DFL-FRO,60.03473667337475,69
2022-04-15 12:30:00,DFL-FRO,48.45921761440737,69
2022-04-15 12:45:00,DFL-FRO,44.94559443662978,69
2022-04-15 13:00:00,DFL-FRO,98.56565973482732,69
2022-04-15 13:15:00,DFL-FRO,75.91994913592652,69
2022-04-15 13:30:00,DFL-FRO,88.92017382724939,69
2022-04-15 13:45:00,DFL-FRO,64.09416081784639,69
2022-04-15 14:00:00,DFL-FRO,85.14976236171408,69
2022-04-15 14:15:00,DFL-FRO,47.025416944492214,69
2022-04-15 14:30:00,DFL-FRO,62.563404274607706,69
2022-04-15 14:45:00,DFL-FRO,64.80158560799566,69
2022-04-15 15:00:00,DFL-FRO,88.29477939170746,69
2022-04-15 15:15:00,DFL-FRO,65.3859744124085,69
2022-04-15 15:30:00,DFL-FRO,50.07950315715689,69
2022-04-15 15:45:00,DFL-FRO,60.846737827501435,69
2022-04-15 16:00:00,DFL-FRO,37.21924267806557,69
2022-04-15 16:15:00,DFL-FRO,31.025097483761538,69
2022-04-15 16:30:00,DFL-FRO,75.56874942984888,69
2022-04-15 16:45:00,DFL-FRO,53.754713252287445,69
2022-04-15 17:00:00,DFL-FRO,55.50294051356879,69
2022-04-15 17:15:00,DFL-FRO,75.56032663463485,69
2022-04-15 17:30:00,DFL-FRO,88.65867269767456,69
2022-04-15 17:45:00,DFL-FRO,69.49176286661546,69
2022-04-15 18:00:00,DFL-FRO,103.0043909835856,69
2022-04-15 18:15:00,DFL-FRO,68.87049767619673,69
2022-04-15 18:30:00,DFL-FRO,65.07961751869435,69
2022-04-15 18:45:00,DFL-FRO,63.95319323518836,69
2022-04-15 19:00:00,DFL-FRO,41.563619766848284,69
2022-04-15 19:15:00,DFL-FRO,78.27649587973825,69
2022-04-15 19:30:00,DFL-FRO,29.953227965914,69
2022-04-15 19:45:00,DFL-FRO,50.637830635557094,69
2022-04-15 20:00:00,DFL-FRO,60.14382897739766,69
2022-04-15 20:15:00,DFL-FRO,47.8095624508357,69
2022-04-15 20:30:00,DFL-FRO,52.598222276818696,69
2022-04-15 20:45:00,DFL-FRO,100.45627464467869,69
2022-04-15 21:00:00,DFL-FRO,81.61812133687128,69
2022-04-15 21:15:00,DFL-FRO,49.23367961475997,69
2022-04-15 21:30:00,DFL-FRO,52.3343226227517,69
2022-04-15 21:45:00,DFL-FRO,41.66341406023014,69
2022-04-15 22:00:00,DFL-FRO,72.919851296088,69
2022-04-15 22:15:00,DFL-FRO,55.68624144571002,69
2022-04-15 22:30:00,DFL-FRO,34.29198775910396,69
2022-04-15 22:45:00,DFL-FRO,61.4808311680082,69
2022-04-15 23:00:00,DFL-FRO,67.64242901262963,69
2022-04-15 23:15:00,DFL-FRO,78.43454530431937,69
2022-04-15 23:30:00,DFL-FRO,58.530435286618186,69
2022-04-15 23:45:00,DFL-FRO,53.78618829381422,69
2022-04-15 00:00:00,CVaR-DFL-FRO,69.00942125383821,69
2022-04-15 00:15:00,CVaR-DFL-FRO,85.62376421069415,69
2022-04-15 00:30:00,CVaR-DFL-FRO,58.498771355576615,69
2022-04-15 00:45:00,CVaR-DFL-FRO,84.85901403372021,69
2022-04-15 01:00:00,CVaR-DFL-FRO,44.33752154893983,69
2022-04-15 01:15:00,CVaR-DFL-FRO,59.886189350460874,69
2022-04-15 01:30:00,CVaR-DFL-FRO,47.78308097037629,69
2022-04-15 01:45:00,CVaR-DFL-FRO,57.35201411401544,69
2022-04-15 02:00:00,CVaR-DFL-FRO,100.54404322302466,69
2022-04-15 02:15:00,CVaR-DFL-FRO,57.22456991704789,69
2022-04-15 02:30:00,CVaR-DFL-FRO,85.58994454362312,69
2022-04-15 02:45:00,CVaR-DFL-FRO,108.99675648129845,69
2022-04-15 03:00:00,CVaR-DFL-FRO,68.29977309247299,69
2022-04-15 03:15:00,CVaR-DFL-FRO,93.03047664896852,69
2022-04-15 03:30:00,CVaR-DFL-FRO,80.87761605229562,69
2022-04-15 03:45:00,CVaR-DFL-FRO,71.34161227430575,69
2022-04-15 04:00:00,CVaR-DFL-FRO,86.424206392691,69
2022-04-15 04:15:00,CVaR-DFL-FRO,120.17474638759192,69
2022-04-15 04:30:00,CVaR-DFL-FRO,56.7943314481936,69
2022-04-15 04:45:00,CVaR-DFL-FRO,51.52318592209901,69
2022-04-15 05:00:00,CVaR-DFL-FRO,50.61598121446612,69
2022-04-15 05:15:00,CVaR-DFL-FRO,93.04908023047082,69
2022-04-15 05:30:00,CVaR-DFL-FRO,96.92667851407519,69
2022-04-15 05:45:00,CVaR-DFL-FRO,58.54308495979081,69
2022-04-15 06:00:00,CVaR-DFL-FRO,36.08843065272438,69
2022-04-15 06:15:00,CVaR-DFL-FRO,56.15378596914103,69
2022-04-15 06:30:00,CVaR-DFL-FRO,81.28898622439824,69
2022-04-15 06:45:00,CVaR-DFL-FRO,67.49559784555846,69
2022-04-15 07:00:00,CVaR-DFL-FRO,72.73457144063588,69
2022-04-15 07:15:00,CVaR-DFL-FRO,58.7861229149197,69
2022-04-15 07:30:00,CVaR-DFL-FRO,93.60425389361188,69
2022-04-15 07:45:00,CVaR-DFL-FRO,76.40799522878763,69
2022-04-15 08:00:00,CVaR-DFL-FRO,82.24415045959545,69
2022-04-15 08:15:00,CVaR-DFL-FRO,72.26772668772972,69
2022-04-15 08:30:00,CVaR-DFL-FRO,80.71339488964624,69
2022-04-15 08:45:00,CVaR-DFL-FRO,79.12247651332933,69
2022-04-15 09:00:00,CVaR-DFL-FRO,52.01070519951443,69
2022-04-15 09:15:00,CVaR-DFL-FRO,77.10169608527136,69
2022-04-15 09:30:00,CVaR-DFL-FRO,87.50808080953988,69
2022-04-15 09:45:00,CVaR-DFL-FRO,97.68548725068884,69
2022-04-15 10:00:00,CVaR-DFL-FRO,78.11239903520189,69
2022-04-15 10:15:00,CVaR-DFL-FRO,51.428964717576115,69
2022-04-15 10:30:00,CVaR-DFL-FRO,53.88089526866147,69
2022-04-15 10:45:00,CVaR-DFL-FRO,60.375943670082066,69
2022-04-15 11:00:00,CVaR-DFL-FRO,72.93546560337634,69
2022-04-15 11:15:00,CVaR-DFL-FRO,66.37139916239207,69
2022-04-15 11:30:00,CVaR-DFL-FRO,49.02110543961306,69
2022-04-15 11:45:00,CVaR-DFL-FRO,48.932372550895046,69
2022-04-15 12:00:00,CVaR-DFL-FRO,36.500134484640526,69
2022-04-15 12:15:00,CVaR-DFL-FRO,26.800314638218122,69
2022-04-15 12:30:00,CVaR-DFL-FRO,66.17998322986368,69
2022-04-15 12:45:00,CVaR-DFL-FRO,138.9710200791419,69
2022-04-15 13:00:00,CVaR-DFL-FRO,118.61568535914043,69
2022-04-15 13:15:00,CVaR-DFL-FRO,51.22737185836203,69
2022-04-15 13:30:00,CVaR-DFL-FRO,72.06766382537081,69
2022-04-15 13:45:00,CVaR-DFL-FRO,44.217613869834096,69
2022-04-15 14:00:00,CVaR-DFL-FRO,46.30523115164943,69
2022-04-15 14:15:00,CVaR-DFL-FRO,47.93949983945844,69
2022-04-15 14:30:00,CVaR-DFL-FRO,64.3297902341393,69
2022-04-15 14:45:00,CVaR-DFL-FRO,65.17297193652252,69
2022-04-15 15:00:00,CVaR-DFL-FRO,74.34441072041244,69
2022-04-15 15:15:00,CVaR-DFL-FRO,84.17642014042858,69
2022-04-15 15:30:00,CVaR-DFL-FRO,62.19799200201493,69
2022-04-15 15:45:00,CVaR-DFL-FRO,69.63056862569543,69
2022-04-15 16:00:00,CVaR-DFL-FRO,49.46688572550763,69
2022-04-15 16:15:00,CVaR-DFL-FRO,45.853690759645126,69
2022-04-15 16:30:00,CVaR-DFL-FRO,43.75987164843181,69
2022-04-15 16:45:00,CVaR-DFL-FRO,83.82140987644806,69
2022-04-15 17:00:00,CVaR-DFL-FRO,62.17866952289698,69
2022-04-15 17:15:00,CVaR-DFL-FRO,39.099870510983905,69
2022-04-15 17:30:00,CVaR-DFL-FRO,67.56985473943496,69
2022-04-15 17:45:00,CVaR-DFL-FRO,47.20045750533035,69
2022-04-15 18:00:00,CVaR-DFL-FRO,113.82008156338199,69
2022-04-15 18:15:00,CVaR-DFL-FRO,57.80761190256515,69
2022-04-15 18:30:00,CVaR-DFL-FRO,84.6435225559902,69
2022-04-15 18:45:00,CVaR-DFL-FRO,95.7489707285367,69
2022-04-15 19:00:00,CVaR-DFL-FRO,51.58983214523496,69
2022-04-15 19:15:00,CVaR-DFL-FRO,70.47509109623729,69
2022-04-15 19:30:00,CVaR-DFL-FRO,81.42717315250081,69
2022-04-15 19:45:00,CVaR-DFL-FRO,71.32238757448694,69
2022-04-15 20:00:00,CVaR-DFL-FRO,76.82314196410641,69
2022-04-15 20:15:00,CVaR-DFL-FRO,46.06042318290317,69
2022-04-15 20:30:00,CVaR-DFL-FRO,81.44117591464057,69
2022-04-15 20:45:00,CVaR-DFL-FRO,59.45116209158755,69
2022-04-15 21:00:00,CVaR-DFL-FRO,76.55283894894237,69
2022-04-15 21:15:00,CVaR-DFL-FRO,90.97680625422004,69
2022-04-15 21:30:00,CVaR-DFL-FRO,84.31896434853037,69
2022-04-15 21:45:00,CVaR-DFL-FRO,76.53589784852709,69
2022-04-15 22:00:00,CVaR-DFL-FRO,83.64104480480624,69
2022-04-15 22:15:00,CVaR-DFL-FRO,84.82054600291826,69
2022-04-15 22:30:00,CVaR-DFL-FRO,108.28137296012211,69
2022-04-15 22:45:00,CVaR-DFL-FRO,68.16613173669475,69
2022-04-15 23:00:00,CVaR-DFL-FRO,72.37475689684688,69
2022-04-15 23:15:00,CVaR-DFL-FRO,91.30987472425007,69
2022-04-15 23:30:00,CVaR-DFL-FRO,59.37524106553618,69
2022-04-15 23:45:00,CVaR-DFL-FRO,45.98191696228801,69
2022-04-15 13:45:00,CVaR-DFL-RTRO,70.95446348846191,69
2022-04-15 14:45:00,CVaR-DFL-RTRO,122.46190746577123,69
2022-04-15 15:30:00,CVaR-DFL-RTRO,47.821546586390006,69
2022-04-15 16:30:00,CVaR-DFL-RTRO,61.975772778103384,69
2022-04-15 17:30:00,CVaR-DFL-RTRO,52.49793370024879,69
2022-04-15 18:00:00,CVaR-DFL-RTRO,50.834928626682256,69
2022-04-15 19:00:00,CVaR-DFL-RTRO,97.97747801467028,69
2022-04-15 19:45:00,CVaR-DFL-RTRO,70.15012751192036,69
2022-04-15 20:15:00,CVaR-DFL-RTRO,58.78710951313329,69
2022-04-15 20:45:00,CVaR-DFL-RTRO,59.464040734372546,69
2022-04-15 22:30:00,CVaR-DFL-RTRO,58.65059253628121,69
2022-04-16 00:00:00,LSTM-FRO,30.19450037581454,69
2022-04-16 00:15:00,LSTM-FRO,38.866577687473736,69
2022-04-16 00:30:00,LSTM-FRO,37.898476462217,69
2022-04-16 00:45:00,LSTM-FRO,34.28983227486379,69
2022-04-16 01:00:00,LSTM-FRO,43.120950627474706,69
2022-04-16 01:15:00,LSTM-FRO,44.0492363105947,69
2022-04-16 01:30:00,LSTM-FRO,36.06581427160622,69
2022-04-16 01:45:00,LSTM-FRO,40.000930768602814,69
2022-04-16 02:00:00,LSTM-FRO,71.30646957405106,69
2022-04-16 02:15:00,LSTM-FRO,70.6260972413144,69
2022-04-16 02:30:00,LSTM-FRO,31.831849938316417,69
2022-04-16 02:45:00,LSTM-FRO,32.96753347688249,69
2022-04-16 03:00:00,LSTM-FRO,31.78942100407983,69
2022-04-16 03:15:00,LSTM-FRO,54.07916445004315,69
2022-04-16 03:30:00,LSTM-FRO,37.526200345693724,69
2022-04-16 03:45:00,LSTM-FRO,44.04685626354768,69
2022-04-16 04:00:00,LSTM-FRO,68.47062626238419,69
2022-04-16 04:15:00,LSTM-FRO,41.36599135143808,69
2022-04-16 04:30:00,LSTM-FRO,49.52030756968804,69
2022-04-16 04:45:00,LSTM-FRO,47.2632286021402,69
2022-04-16 05:00:00,LSTM-FRO,35.78110913337038,69
2022-04-16 05:15:00,LSTM-FRO,54.107787473725686,69
2022-04-16 05:30:00,LSTM-FRO,33.507767215993546,69
2022-04-16 05:45:00,LSTM-FRO,58.058410528181035,69
2022-04-16 06:00:00,LSTM-FRO,35.78799385431325,69
2022-04-16 06:15:00,LSTM-FRO,36.78525713978441,69
2022-04-16 06:30:00,LSTM-FRO,31.558159507470606,69
2022-04-16 06:45:00,LSTM-FRO,32.88642891789952,69
2022-04-16 07:00:00,LSTM-FRO,37.26115059225123,69
2022-04-16 07:15:00,LSTM-FRO,22.52713129906762,69
2022-04-16 07:30:00,LSTM-FRO,39.115171488393244,69
2022-04-16 07:45:00,LSTM-FRO,36.50920088085891,69
2022-04-16 08:00:00,LSTM-FRO,50.572631294848684,69
2022-04-16 08:15:00,LSTM-FRO,46.12113223328111,69
2022-04-16 08:30:00,LSTM-FRO,34.724339221590576,69
2022-04-16 08:45:00,LSTM-FRO,36.96500216656677,69
2022-04-16 09:00:00,LSTM-FRO,39.10254865566585,69
2022-04-16 09:15:00,LSTM-FRO,60.22699620283193,69
2022-04-16 09:30:00,LSTM-FRO,33.73901197794239,69
2022-04-16 09:45:00,LSTM-FRO,34.618819242351975,69
2022-04-16 10:00:00,LSTM-FRO,31.242095333104487,69
2022-04-16 10:15:00,LSTM-FRO,28.589369969534083,69
2022-04-16 10:30:00,LSTM-FRO,44.79767989140415,69
2022-04-16 10:45:00,LSTM-FRO,43.64213193303454,69
2022-04-16 11:00:00,LSTM-FRO,57.231857680548025,69
2022-04-16 11:15:00,LSTM-FRO,53.86718487443936,69
2022-04-16 11:30:00,LSTM-FRO,75.70606985717224,69
2022-04-16 11:45:00,LSTM-FRO,40.71274305845333,69
2022-04-16 12:00:00,LSTM-FRO,38.84901872967488,69
2022-04-16 12:15:00,LSTM-FRO,29.924493886954235,69
2022-04-16 12:30:00,LSTM-FRO,49.40023313080963,69
2022-04-16 12:45:00,LSTM-FRO,42.72751090400849,69
2022-04-16 13:00:00,LSTM-FRO,48.841484965364096,69
2022-04-16 13:15:00,LSTM-FRO,31.159538687918566,69
2022-04-16 13:30:00,LSTM-FRO,45.30207675321091,69
2022-04-16 13:45:00,LSTM-FRO,43.66729712289901,69
2022-04-16 14:00:00,LSTM-FRO,42.94797573909676,69
2022-04-16 14:15:00,LSTM-FRO,34.9374418556346,69
2022-04-16 14:30:00,LSTM-FRO,55.90502227480142,69
2022-04-16 14:45:00,LSTM-FRO,69.39365070266976,69
2022-04-16 15:00:00,LSTM-FRO,31.385480951674438,69
2022-04-16 15:15:00,LSTM-FRO,49.697091830001845,69
2022-04-16 15:30:00,LSTM-FRO,20.138444667671603,69
2022-04-16 15:45:00,LSTM-FRO,49.05460188935467,69
2022-04-16 16:00:00,LSTM-FRO,25.935236982836066,69
2022-04-16 16:15:00,LSTM-FRO,36.353786168549625,69
2022-04-16 16:30:00,LSTM-FRO,29.828504082494877,69
2022-04-16 16:45:00,LSTM-FRO,39.289568480463856,69
2022-04-16 17:00:00,LSTM-FRO,51.19577096554857,69
2022-04-16 17:15:00,LSTM-FRO,26.018979137198354,69
2022-04-16 17:30:00,LSTM-FRO,37.895879240389014,69
2022-04-16 17:45:00,LSTM-FRO,36.459792006959404,69
2022-04-16 18:00:00,LSTM-FRO,61.68202884959885,69
2022-04-16 18:15:00,LSTM-FRO,46.222904502032286,69
2022-04-16 18:30:00,LSTM-FRO,30.862985207965444,69
2022-04-16 18:45:00,LSTM-FRO,36.84693423405032,69
2022-04-16 19:00:00,LSTM-FRO,61.29697953707105,69
2022-04-16 19:15:00,LSTM-FRO,49.62131252222787,69
2022-04-16 19:30:00,LSTM-FRO,32.93621564576639,69
2022-04-16 19:45:00,LSTM-FRO,38.785279189712305,69
2022-04-16 20:00:00,LSTM-FRO,39.09772806897319,69
2022-04-16 20:15:00,LSTM-FRO,36.23520562378018,69
2022-04-16 20:30:00,LSTM-FRO,26.99777622414398,69
2022-04-16 20:45:00,LSTM-FRO,34.986980439257906,69
2022-04-16 21:00:00,LSTM-FRO,58.78171011261018,69
2022-04-16 21:15:00,LSTM-FRO,37.690333217095635,69
2022-04-16 21:30:00,LSTM-FRO,40.41355986501764,69
2022-04-16 21:45:00,LSTM-FRO,42.96404996359348,69
2022-04-16 22:00:00,LSTM-FRO,72.37988114197391,69
2022-04-16 22:15:00,LSTM-FRO,41.56731173917202,69
2022-04-16 22:30:00,LSTM-FRO,54.58232988162898,69
2022-04-16 22:45:00,LSTM-FRO,35.691730020915486,69
2022-04-16 23:00:00,LSTM-FRO,38.86004375486146,69
2022-04-16 23:15:00,LSTM-FRO,41.6057091018528,69
2022-04-16 23:30:00,LSTM-FRO,34.14949596774997,69
2022-04-16 23:45:00,LSTM-FRO,39.407054504888784,69
2022-04-16 00:00:00,Transformer-FRO,40.23279282241398,69
2022-04-16 00:15:00,Transformer-FRO,49.48756778476442,69
2022-04-16 00:30:00,Transformer-FRO,59.44276647984536,69
2022-04-16 00:45:00,Transformer-FRO,39.982765640439354,69
2022-04-16 01:00:00,Transformer-FRO,65.6954477168185,69
2022-04-16 01:15:00,Transformer-FRO,50.42816891525491,69
2022-04-16 01:30:00,Transformer-FRO,47.41739483111686,69
2022-04-16 01:45:00,Transformer-FRO,29.438007738780016,69
2022-04-16 02:00:00,Transformer-FRO,44.92807045321878,69
2022-04-16 02:15:00,Transformer-FRO,54.478800675440105,69
2022-04-16 02:30:00,Transformer-FRO,77.72179898984729,69
2022-04-16 02:45:00,Transformer-FRO,57.31625290884755,69
2022-04-16 03:00:00,Transformer-FRO,66.2209416870419,69
2022-04-16 03:15:00,Transformer-FRO,36.1964448051251,69
2022-04-16 03:30:00,Transformer-FRO,47.88946474107537,69
2022-04-16 03:45:00,Transformer-FRO,67.86002982707237,69
2022-04-16 04:00:00,Transformer-FRO,39.33380094770414,69
2022-04-16 04:15:00,Transformer-FRO,63.52003729821966,69
2022-04-16 04:30:00,Transformer-FRO,59.821954649344164,69
2022-04-16 04:45:00,Transformer-FRO,53.1307750594407,69
2022-04-16 05:00:00,Transformer-FRO,45.452998824079096,69
2022-04-16 05:15:00,Transformer-FRO,38.34373110502621,69
2022-04-16 05:30:00,Transformer-FRO,78.32792671909922,69
2022-04-16 05:45:00,Transformer-FRO,58.272546398474624,69
2022-04-16 06:00:00,Transformer-FRO,54.044055786311006,69
2022-04-16 06:15:00,Transformer-FRO,44.47440971753293,69
2022-04-16 06:30:00,Transformer-FRO,49.97355843112338,69
2022-04-16 06:45:00,Transformer-FRO,51.64032901433308,69
2022-04-16 07:00:00,Transformer-FRO,54.8788032779168,69
2022-04-16 07:15:00,Transformer-FRO,59.837776787483655,69
2022-04-16 07:30:00,Transformer-FRO,40.41942465663881,69
2022-04-16 07:45:00,Transformer-FRO,33.86425157899032,69
2022-04-16 08:00:00,Transformer-FRO,50.5770482325967,69
2022-04-16 08:15:00,Transformer-FRO,31.49336402062848,69
2022-04-16 08:30:00,Transformer-FRO,45.51230950178964,69
2022-04-16 08:45:00,Transformer-FRO,43.37986475632922,69
2022-04-16 09:00:00,Transformer-FRO,56.1985076670973,69
2022-04-16 09:15:00,Transformer-FRO,82.64063641115233,69
2022-04-16 09:30:00,Transformer-FRO,29.925944828215137,69
2022-04-16 09:45:00,Transformer-FRO,89.11444122556051,69
2022-04-16 10:00:00,Transformer-FRO,46.59126387207606,69
2022-04-16 10:15:00,Transformer-FRO,54.144691348808024,69
2022-04-16 10:30:00,Transformer-FRO,34.32071176161554,69
2022-04-16 10:45:00,Transformer-FRO,64.04215075994726,69
2022-04-16 11:00:00,Transformer-FRO,50.02012460759503,69
2022-04-16 11:15:00,Transformer-FRO,48.70588055386641,69
2022-04-16 11:30:00,Transformer-FRO,29.981770436777715,69
2022-04-16 11:45:00,Transformer-FRO,50.44008326523376,69
2022-04-16 12:00:00,Transformer-FRO,61.588416266220904,69
2022-04-16 12:15:00,Transformer-FRO,46.55267498367713,69
2022-04-16 12:30:00,Transformer-FRO,67.04792688071512,69
2022-04-16 12:45:00,Transformer-FRO,66.33543872401668,69
2022-04-16 13:00:00,Transformer-FRO,41.924807964536456,69
2022-04-16 13:15:00,Transformer-FRO,74.75963888613514,69
2022-04-16 13:30:00,Transformer-FRO,50.0696029284006,69
2022-04-16 13:45:00,Transformer-FRO,50.127270047669164,69
2022-04-16 14:00:00,Transformer-FRO,50.76972256685533,69
2022-04-16 14:15:00,Transformer-FRO,50.3816552217689,69
2022-04-16 14:30:00,Transformer-FRO,25.0634019567547,69
2022-04-16 14:45:00,Transformer-FRO,47.16805286502568,69
2022-04-16 15:00:00,Transformer-FRO,34.77541625409135,69
2022-04-16 15:15:00,Transformer-FRO,75.36581200828502,69
2022-04-16 15:30:00,Transformer-FRO,74.58521510975625,69
2022-04-16 15:45:00,Transformer-FRO,61.685825526145365,69
2022-04-16 16:00:00,Transformer-FRO,46.52632718566766,69
2022-04-16 16:15:00,Transformer-FRO,38.12892497803258,69
2022-04-16 16:30:00,Transformer-FRO,41.746419446323145,69
2022-04-16 16:45:00,Transformer-FRO,81.79098617052318,69
2022-04-16 17:00:00,Transformer-FRO,41.37430689963788,69
2022-04-16 17:15:00,Transformer-FRO,26.907863011441407,69
2022-04-16 17:30:00,Transformer-FRO,64.59603442877999,69
2022-04-16 17:45:00,Transformer-FRO,72.95237824868036,69
2022-04-16 18:00:00,Transformer-FRO,76.00949226948909,69
2022-04-16 18:15:00,Transformer-FRO,64.73289157126332,69
2022-04-16 18:30:00,Transformer-FRO,67.52339658752804,69
2022-04-16 18:45:00,Transformer-FRO,50.168631881294985,69
2022-04-16 19:00:00,Transformer-FRO,28.923662656339797,69
2022-04-16 19:15:00,Transformer-FRO,49.8445890881571,69
2022-04-16 19:30:00,Transformer-FRO,58.11766224542428,69
2022-04-16 19:45:00,Transformer-FRO,47.784941443073166,69
2022-04-16 20:00:00,Transformer-FRO,47.22506526421053,69
2022-04-16 20:15:00,Transformer-FRO,38.56430889539883,69
2022-04-16 20:30:00,Transformer-FRO,38.190871880223725,69
2022-04-16 20:45:00,Transformer-FRO,79.60999092310536,69
2022-04-16 21:00:00,Transformer-FRO,80.35885196555643,69
2022-04-16 21:15:00,Transformer-FRO,49.45255711279904,69
2022-04-16 21:30:00,Transformer-FRO,53.224304953008,69
2022-04-16 21:45:00,Transformer-FRO,38.39769248821483,69
2022-04-16 22:00:00,Transformer-FRO,58.434230008772595,69
2022-04-16 22:15:00,Transformer-FRO,78.00988674545528,69
2022-04-16 22:30:00,Transformer-FRO,33.32005802703327,69
2022-04-16 22:45:00,Transformer-FRO,55.794923414827565,69
2022-04-16 23:00:00,Transformer-FRO,56.889895359590994,69
2022-04-16 23:15:00,Transformer-FRO,56.722164145721585,69
2022-04-16 23:30:00,Transformer-FRO,75.68778956534481,69
2022-04-16 23:45:00,Transformer-FRO,83.79044925648833,69
2022-04-16 00:00:00,DFL-FRO,65.41057862813359,69
2022-04-16 00:15:00,DFL-FRO,55.38789136358097,69
2022-04-16 00:30:00,DFL-FRO,45.243378252429366,69
2022-04-16 00:45:00,DFL-FRO,58.38466871044335,69
2022-04-16 01:00:00,DFL-FRO,65.37966006368077,69
2022-04-16 01:15:00,DFL-FRO,57.50290655020025,69
2022-04-16 01:30:00,DFL-FRO,42.170352322811354,69
2022-04-16 01:45:00,DFL-FRO,47.44911974336611,69
2022-04-16 02:00:00,DFL-FRO,47.551784888889784,69
2022-04-16 02:15:00,DFL-FRO,42.63422100814178,69
2022-04-16 02:30:00,DFL-FRO,59.093412456279665,69
2022-04-16 02:45:00,DFL-FRO,60.86460818200419,69
2022-04-16 03:00:00,DFL-FRO,71.32157142353354,69
2022-04-16 03:15:00,DFL-FRO,42.45185876514064,69
2022-04-16 03:30:00,DFL-FRO,45.94689574250104,69
2022-04-16 03:45:00,DFL-FRO,83.89782323249416,69
2022-04-16 04:00:00,DFL-FRO,51.63073271469427,69
2022-04-16 04:15:00,DFL-FRO,54.548042292416476,69
2022-04-16 04:30:00,DFL-FRO,51.476290198719916,69
2022-04-16 04:45:00,DFL-FRO,74.48163715507668,69
2022-04-16 05:00:00,DFL-FRO,75.30178955110449,69
2022-04-16 05:15:00,DFL-FRO,74.06584275541562,69
2022-04-16 05:30:00,DFL-FRO,54.49317561147908,69
2022-04-16 05:45:00,DFL-FRO,42.274631175721616,69
2022-04-16 06:00:00,DFL-FRO,93.15580594317963,69
2022-04-16 06:15:00,DFL-FRO,68.88258459025032,69
2022-04-16 06:30:00,DFL-FRO,47.541693141583416,69
2022-04-16 06:45:00,DFL-FRO,80.8563632990663,69
2022-04-16 07:00:00,DFL-FRO,46.493418453207816,69
2022-04-16 07:15:00,DFL-FRO,80.55742991949319,69
2022-04-16 07:30:00,DFL-FRO,82.10968708310568,69
2022-04-16 07:45:00,DFL-FRO,41.69310748039163,69
2022-04-16 08:00:00,DFL-FRO,63.74350601023426,69
2022-04-16 08:15:00,DFL-FRO,67.45573352813027,69
2022-04-16 08:30:00,DFL-FRO,113.18810087070737,69
2022-04-16 08:45:00,DFL-FRO,43.85718930943897,69
2022-04-16 09:00:00,DFL-FRO,81.05582874552228,69
2022-04-16 09:15:00,DFL-FRO,54.351444900580205,69
2022-04-16 09:30:00,DFL-FRO,38.09175550024522,69
2022-04-16 09:45:00,DFL-FRO,52.28381327326981,69
2022-04-16 10:00:00,DFL-FRO,54.12350533767759,69
2022-04-16 10:15:00,DFL-FRO,40.106182109379645,69
2022-04-16 10:30:00,DFL-FRO,59.07062082375145,69
2022-04-16 10:45:00,DFL-FRO,70.8856599307009,69
2022-04-16 11:00:00,DFL-FRO,57.849391123659935,69
2022-04-16 11:15:00,DFL-FRO,46.41162114311575,69
2022-04-16 11:30:00,DFL-FRO,51.86490634209069,69
2022-04-16 11:45:00,DFL-FRO,54.01649175927687,69
2022-04-16 12:00:00,DFL-FRO,57.509288063634905,69
2022-04-16 12:15:00,DFL-FRO,73.99523267377955,69
2022-04-16 12:30:00,DFL-FRO,58.403231013388286,69
2022-04-16 12:45:00,DFL-FRO,36.395161715108586,69
2022-04-16 13:00:00,DFL-FRO,46.14400097997095,69
2022-04-16 13:15:00,DFL-FRO,56.682109419204714,69
2022-04-16 13:30:00,DFL-FRO,74.29453301902936,69
2022-04-16 13:45:00,DFL-FRO,78.03038659599629,69
2022-04-16 14:00:00,DFL-FRO,89.27868491113915,69
2022-04-16 14:15:00,DFL-FRO,56.11815674527274,69
2022-04-16 14:30:00,DFL-FRO,67.09699345020357,69
2022-04-16 14:45:00,DFL-FRO,35.866972229845544,69
2022-04-16 15:00:00,DFL-FRO,61.067248202822995,69
2022-04-16 15:15:00,DFL-FRO,39.9211525096082,69
2022-04-16 15:30:00,DFL-FRO,53.138980380695116,69
2022-04-16 15:45:00,DFL-FRO,127.25990871959526,69
2022-04-16 16:00:00,DFL-FRO,58.92700559497317,69
2022-04-16 16:15:00,DFL-FRO,42.37770210874693,69
2022-04-16 16:30:00,DFL-FRO,60.68742482620231,69
2022-04-16 16:45:00,DFL-FRO,46.73740878784672,69
2022-04-16 17:00:00,DFL-FRO,41.23337498216768,69
2022-04-16 17:15:00,DFL-FRO,97.95633060700351,69
2022-04-16 17:30:00,DFL-FRO,73.10170662979138,69
2022-04-16 17:45:00,DFL-FRO,59.629818767208214,69
2022-04-16 18:00:00,DFL-FRO,48.42021416376448,69
2022-04-16 18:15:00,DFL-FRO,49.541078559743326,69
2022-04-16 18:30:00,DFL-FRO,83.61191250432489,69
2022-04-16 18:45:00,DFL-FRO,58.977339719152674,69
2022-04-16 19:00:00,DFL-FRO,22.645362588926066,69
2022-04-16 19:15:00,DFL-FRO,107.1544907577162,69
2022-04-16 19:30:00,DFL-FRO,56.955557969143,69
2022-04-16 19:45:00,DFL-FRO,59.59332700465969,69
2022-04-16 20:00:00,DFL-FRO,73.51333559574765,69
2022-04-16 20:15:00,DFL-FRO,61.68293248237247,69
2022-04-16 20:30:00,DFL-FRO,66.78693927859953,69
2022-04-16 20:45:00,DFL-FRO,47.9859577206174,69
2022-04-16 21:00:00,DFL-FRO,38.21641129176621,69
2022-04-16 21:15:00,DFL-FRO,58.54017404833954,69
2022-04-16 21:30:00,DFL-FRO,81.0345743471898,69
2022-04-16 21:45:00,DFL-FRO,45.04338198972791,69
2022-04-16 22:00:00,DFL-FRO,44.034379060079644,69
2022-04-16 22:15:00,DFL-FRO,76.35560938844706,69
2022-04-16 22:30:00,DFL-FRO,47.53382298497141,69
2022-04-16 22:45:00,DFL-FRO,48.16467892546113,69
2022-04-16 23:00:00,DFL-FRO,48.67631322752578,69
2022-04-16 23:15:00,DFL-FRO,53.10234909022079,69
2022-04-16 23:30:00,DFL-FRO,34.6798952929153,69
2022-04-16 23:45:00,DFL-FRO,46.44445273055916,69
2022-04-16 00:00:00,CVaR-DFL-FRO,65.32186564665851,69
2022-04-16 00:15:00,CVaR-DFL-FRO,86.67355667691494,69
2022-04-16 00:30:00,CVaR-DFL-FRO,106.51808637879438,69
2022-04-16 00:45:00,CVaR-DFL-FRO,96.48662539165998,69
2022-04-16 01:00:00,CVaR-DFL-FRO,80.52140384222706,69
2022-04-16 01:15:00,CVaR-DFL-FRO,58.3688189976132,69
2022-04-16 01:30:00,CVaR-DFL-FRO,50.56531749872331,69
2022-04-16 01:45:00,CVaR-DFL-FRO,61.3866698553109,69
2022-04-16 02:00:00,CVaR-DFL-FRO,72.89045092758118,69
2022-04-16 02:15:00,CVaR-DFL-FRO,78.29400707523477,69
2022-04-16 02:30:00,CVaR-DFL-FRO,73.72233816462868,69
2022-04-16 02:45:00,CVaR-DFL-FRO,58.85755407028659,69
2022-04-16 03:00:00,CVaR-DFL-FRO,77.46750105943403,69
2022-04-16 03:15:00,CVaR-DFL-FRO,89.41391526675145,69
2022-04-16 03:30:00,CVaR-DFL-FRO,79.6854527051386,69
2022-04-16 03:45:00,CVaR-DFL-FRO,60.46697850541414,69
2022-04-16 04:00:00,CVaR-DFL-FRO,47.44123890700934,69
2022-04-16 04:15:00,CVaR-DFL-FRO,47.102000099242424,69
2022-04-16 04:30:00,CVaR-DFL-FRO,49.68347258959333,69
2022-04-16 04:45:00,CVaR-DFL-FRO,65.99405894894447,69
2022-04-16 05:00:00,CVaR-DFL-FRO,71.45419226971318,69
2022-04-16 05:15:00,CVaR-DFL-FRO,39.79728435318042,69
2022-04-16 05:30:00,CVaR-DFL-FRO,52.4202649833156,69
2022-04-16 05:45:00,CVaR-DFL-FRO,65.71928827222305,69
2022-04-16 06:00:00,CVaR-DFL-FRO,46.505649516502636,69
2022-04-16 06:15:00,CVaR-DFL-FRO,69.62102212669848,69
2022-04-16 06:30:00,CVaR-DFL-FRO,55.63247065063844,69
2022-04-16 06:45:00,CVaR-DFL-FRO,49.053100163742,69
2022-04-16 07:00:00,CVaR-DFL-FRO,62.0463285019089,69
2022-04-16 07:15:00,CVaR-DFL-FRO,68.74972581156916,69
2022-04-16 07:30:00,CVaR-DFL-FRO,47.230987046056484,69
2022-04-16 07:45:00,CVaR-DFL-FRO,56.73424013084293,69
2022-04-16 08:00:00,CVaR-DFL-FRO,70.3361142744083,69
2022-04-16 08:15:00,CVaR-DFL-FRO,48.48251978611935,69
2022-04-16 08:30:00,CVaR-DFL-FRO,36.97374311177688,69
2022-04-16 08:45:00,CVaR-DFL-FRO,38.35456156383143,69
2022-04-16 09:00:00,CVaR-DFL-FRO,53.80125389424559,69
2022-04-16 09:15:00,CVaR-DFL-FRO,40.97160227653255,69
2022-04-16 09:30:00,CVaR-DFL-FRO,54.9583537875606,69
2022-04-16 09:45:00,CVaR-DFL-FRO,101.04166204260025,69
2022-04-16 10:00:00,CVaR-DFL-FRO,40.23233170932896,69
2022-04-16 10:15:00,CVaR-DFL-FRO,56.05187950350423,69
2022-04-16 10:30:00,CVaR-DFL-FRO,116.38912872242031,69
2022-04-16 10:45:00,CVaR-DFL-FRO,69.0802099258525,69
2022-04-16 11:00:00,CVaR-DFL-FRO,54.626768039996094,69
2022-04-16 11:15:00,CVaR-DFL-FRO,58.225099930302825,69
2022-04-16 11:30:00,CVaR-DFL-FRO,69.52541934121695,69
2022-04-16 11:45:00,CVaR-DFL-FRO,101.98856060423468,69
2022-04-16 12:00:00,CVaR-DFL-FRO,51.996004209599754,69
2022-04-16 12:15:00,CVaR-DFL-FRO,48.548280007077295,69
2022-04-16 12:30:00,CVaR-DFL-FRO,40.229771301661174,69
2022-04-16 12:45:00,CVaR-DFL-FRO,62.99002455119894,69
2022-04-16 13:00:00,CVaR-DFL-FRO,39.903930539643824,69
2022-04-16 13:15:00,CVaR-DFL-FRO,53.06194738173892,69
2022-04-16 13:30:00,CVaR-DFL-FRO,46.379134368171634,69
2022-04-16 13:45:00,CVaR-DFL-FRO,84.50181776048223,69
2022-04-16 14:00:00,CVaR-DFL-FRO,52.35050532727541,69
2022-04-16 14:15:00,CVaR-DFL-FRO,68.84651897270386,69
2022-04-16 14:30:00,CVaR-DFL-FRO,37.578985292053254,69
2022-04-16 14:45:00,CVaR-DFL-FRO,63.53382606371567,69
2022-04-16 15:00:00,CVaR-DFL-FRO,42.42560024332912,69
2022-04-16 15:15:00,CVaR-DFL-FRO,53.67771970978568,69
2022-04-16 15:30:00,CVaR-DFL-FRO,119.20095080883796,69
2022-04-16 15:45:00,CVaR-DFL-FRO,80.94942172358546,69
2022-04-16 16:00:00,CVaR-DFL-FRO,58.728815871475234,69
2022-04-16 16:15:00,CVaR-DFL-FRO,160.72001089638022,69
2022-04-16 16:30:00,CVaR-DFL-FRO,46.28813468739491,69
2022-04-16 16:45:00,CVaR-DFL-FRO,86.86318974061433,69
2022-04-16 17:00:00,CVaR-DFL-FRO,38.399839345228266,69
2022-04-16 17:15:00,CVaR-DFL-FRO,56.71175108425259,69
2022-04-16 17:30:00,CVaR-DFL-FRO,40.60911251373972,69
2022-04-16 17:45:00,CVaR-DFL-FRO,65.99806684338445,69
2022-04-16 18:00:00,CVaR-DFL-FRO,62.09825393701777,69
2022-04-16 18:15:00,CVaR-DFL-FRO,55.62848981278704,69
2022-04-16 18:30:00,CVaR-DFL-FRO,84.9615718478403,69
2022-04-16 18:45:00,CVaR-DFL-FRO,51.42890552528929,69
2022-04-16 19:00:00,CVaR-DFL-FRO,67.40212202800471,69
2022-04-16 19:15:00,CVaR-DFL-FRO,78.26125562003736,69
2022-04-16 19:30:00,CVaR-DFL-FRO,38.978724940348485,69
2022-04-16 19:45:00,CVaR-DFL-FRO,48.68354633715114,69
2022-04-16 20:00:00,CVaR-DFL-FRO,62.05863601502362,69
2022-04-16 20:15:00,CVaR-DFL-FRO,73.88015601724823,69
2022-04-16 20:30:00,CVaR-DFL-FRO,93.85930112138765,69
2022-04-16 20:45:00,CVaR-DFL-FRO,57.19498342237314,69
2022-04-16 21:00:00,CVaR-DFL-FRO,55.480468291204694,69
2022-04-16 21:15:00,CVaR-DFL-FRO,46.88830909645206,69
2022-04-16 21:30:00,CVaR-DFL-FRO,67.46603135420256,69
2022-04-16 21:45:00,CVaR-DFL-FRO,55.80629482448225,69
2022-04-16 22:00:00,CVaR-DFL-FRO,56.19745251437007,69
2022-04-16 22:15:00,CVaR-DFL-FRO,59.345494506502405,69
2022-04-16 22:30:00,CVaR-DFL-FRO,72.145536908673,69
2022-04-16 22:45:00,CVaR-DFL-FRO,51.48134643008514,69
2022-04-16 23:00:00,CVaR-DFL-FRO,48.335058379849414,69
2022-04-16 23:15:00,CVaR-DFL-FRO,69.57511686837962,69
2022-04-16 23:30:00,CVaR-DFL-FRO,24.44221931739586,69
2022-04-16 23:45:00,CVaR-DFL-FRO,50.86285423375021,69
2022-04-16 00:15:00,CVaR-DFL-RTRO,49.95701381623734,69
2022-04-16 14:00:00,CVaR-DFL-RTRO,47.826004950314875,69
2022-04-16 16:15:00,CVaR-DFL-RTRO,69.14256139174144,69
2022-04-16 16:45:00,CVaR-DFL-RTRO,74.50195419401142,69
2022-04-16 18:15:00,CVaR-DFL-RTRO,44.004498379140905,69
2022-04-16 19:00:00,CVaR-DFL-RTRO,85.4920498577717,69
2022-04-16 20:30:00,CVaR-DFL-RTRO,85.59866684134016,69
2022-04-16 21:00:00,CVaR-DFL-RTRO,91.25005693008302,69
2022-04-17 00:00:00,LSTM-FRO,50.517330747853194,69
2022-04-17 00:15:00,LSTM-FRO,74.50842886398449,69
2022-04-17 00:30:00,LSTM-FRO,39.91249318899531,69
2022-04-17 00:45:00,LSTM-FRO,33.11124575851989,69
2022-04-17 01:00:00,LSTM-FRO,29.290785455657254,69
2022-04-17 01:15:00,LSTM-FRO,66.89523597899405,69
2022-04-17 01:30:00,LSTM-FRO,67.11581595965461,69
2022-04-17 01:45:00,LSTM-FRO,34.13324550579385,69
2022-04-17 02:00:00,LSTM-FRO,35.8662504078051,69
2022-04-17 02:15:00,LSTM-FRO,39.68799146772139,69
2022-04-17 02:30:00,LSTM-FRO,58.54061666340298,69
2022-04-17 02:45:00,LSTM-FRO,31.162611478450653,69
2022-04-17 03:00:00,LSTM-FRO,26.276715492566197,69
2022-04-17 03:15:00,LSTM-FRO,74.18160469480047,69
2022-04-17 03:30:00,LSTM-FRO,46.5627823505176,69
2022-04-17 03:45:00,LSTM-FRO,48.253061975062245,69
2022-04-17 04:00:00,LSTM-FRO,40.89032810900428,69
2022-04-17 04:15:00,LSTM-FRO,48.391008289787536,69
2022-04-17 04:30:00,LSTM-FRO,29.437139491334896,69
2022-04-17 04:45:00,LSTM-FRO,34.85786073812828,69
2022-04-17 05:00:00,LSTM-FRO,44.202537874360715,69
2022-04-17 05:15:00,LSTM-FRO,24.344328834360198,69
2022-04-17 05:30:00,LSTM-FRO,39.90251475316245,69
2022-04-17 05:45:00,LSTM-FRO,39.28974512571631,69
2022-04-17 06:00:00,LSTM-FRO,39.90078565278262,69
2022-04-17 06:15:00,LSTM-FRO,37.488708952614225,69
2022-04-17 06:30:00,LSTM-FRO,33.527790463476094,69
2022-04-17 06:45:00,LSTM-FRO,27.24801009441493,69
2022-04-17 07:00:00,LSTM-FRO,44.64403343855378,69
2022-04-17 07:15:00,LSTM-FRO,39.92649922508548,69
2022-04-17 07:30:00,LSTM-FRO,30.481888593445458,69
2022-04-17 07:45:00,LSTM-FRO,43.7320725279318,69
2022-04-17 08:00:00,LSTM-FRO,39.97839059884974,69
2022-04-17 08:15:00,LSTM-FRO,38.34591170288623,69
2022-04-17 08:30:00,LSTM-FRO,25.051068409334206,69
2022-04-17 08:45:00,LSTM-FRO,51.10004236993135,69
2022-04-17 09:00:00,LSTM-FRO,31.58992488392535,69
2022-04-17 09:15:00,LSTM-FRO,43.740162695756794,69
2022-04-17 09:30:00,LSTM-FRO,35.144764508535815,69
2022-04-17 09:45:00,LSTM-FRO,39.04822673390965,69
2022-04-17 10:00:00,LSTM-FRO,57.492521427014246,69
2022-04-17 10:15:00,LSTM-FRO,49.197401310272255,69
2022-04-17 10:30:00,LSTM-FRO,57.17224756366315,69
2022-04-17 10:45:00,LSTM-FRO,46.773805965789784,69
2022-04-17 11:00:00,LSTM-FRO,47.55235219016725,69
2022-04-17 11:15:00,LSTM-FRO,27.529171808345676,69
2022-04-17 11:30:00,LSTM-FRO,39.75246674355088,69
2022-04-17 11:45:00,LSTM-FRO,40.68755337620239,69
2022-04-17 12:00:00,LSTM-FRO,58.53191649524658,69
2022-04-17 12:15:00,LSTM-FRO,37.91320846174495,69
2022-04-17 12:30:00,LSTM-FRO,46.01068725939144,69
2022-04-17 12:45:00,LSTM-FRO,45.56124630655109,69
2022-04-17 13:00:00,LSTM-FRO,57.57026157713539,69
2022-04-17 13:15:00,LSTM-FRO,41.62946690827082,69
2022-04-17 13:30:00,LSTM-FRO,52.99465215242389,69
2022-04-17 13:45:00,LSTM-FRO,28.061373630346832,69
2022-04-17 14:00:00,LSTM-FRO,28.708691930352664,69
2022-04-17 14:15:00,LSTM-FRO,24.26833965056118,69
2022-04-17 14:30:00,LSTM-FRO,52.441435792176,69
2022-04-17 14:45:00,LSTM-FRO,50.983432047888726,69
2022-04-17 15:00:00,LSTM-FRO,53.92115916436374,69
2022-04-17 15:15:00,LSTM-FRO,36.318906824691986,69
2022-04-17 15:30:00,LSTM-FRO,37.37157415590451,69
2022-04-17 15:45:00,LSTM-FRO,41.76236478075655,69
2022-04-17 16:00:00,LSTM-FRO,61.85603340613174,69
2022-04-17 16:15:00,LSTM-FRO,65.8646568806776,69
2022-04-17 16:30:00,LSTM-FRO,52.544532774508134,69
2022-04-17 16:45:00,LSTM-FRO,46.781253750522204,69
2022-04-17 17:00:00,LSTM-FRO,60.19671859902811,69
2022-04-17 17:15:00,LSTM-FRO,40.37281569451483,69
2022-04-17 17:30:00,LSTM-FRO,39.02651973579171,69
2022-04-17 17:45:00,LSTM-FRO,41.678843790859474,69
2022-04-17 18:00:00,LSTM-FRO,33.672682986519035,69
2022-04-17 18:15:00,LSTM-FRO,41.200443433428795,69
2022-04-17 18:30:00,LSTM-FRO,32.52045431035645,69
2022-04-17 18:45:00,LSTM-FRO,55.68447222498238,69
2022-04-17 19:00:00,LSTM-FRO,49.3466880767981,69
2022-04-17 19:15:00,LSTM-FRO,61.636899826680605,69
2022-04-17 19:30:00,LSTM-FRO,28.59889884704828,69
2022-04-17 19:45:00,LSTM-FRO,69.39295654332423,69
2022-04-17 20:00:00,LSTM-FRO,29.009667665220356,69
2022-04-17 20:15:00,LSTM-FRO,31.866653267328136,69
2022-04-17 20:30:00,LSTM-FRO,36.83808870067995,69
2022-04-17 20:45:00,LSTM-FRO,59.78014441269521,69
2022-04-17 21:00:00,LSTM-FRO,45.55914358219449,69
2022-04-17 21:15:00,LSTM-FRO,40.494755626566025,69
2022-04-17 21:30:00,LSTM-FRO,35.28303236674719,69
2022-04-17 21:45:00,LSTM-FRO,30.47688751195741,69
2022-04-17 22:00:00,LSTM-FRO,57.209395015238925,69
2022-04-17 22:15:00,LSTM-FRO,52.608293066129804,69
2022-04-17 22:30:00,LSTM-FRO,60.45519503514312,69
2022-04-17 22:45:00,LSTM-FRO,47.560405253422516,69
2022-04-17 23:00:00,LSTM-FRO,22.178203203527115,69
2022-04-17 23:15:00,LSTM-FRO,31.498605362854445,69
2022-04-17 23:30:00,LSTM-FRO,48.37991086063786,69
2022-04-17 23:45:00,LSTM-FRO,39.235015791385386,69
2022-04-17 00:00:00,Transformer-FRO,34.37644567650118,69
2022-04-17 00:15:00,Transformer-FRO,58.42943305664594,69
2022-04-17 00:30:00,Transformer-FRO,51.4555773567328,69
2022-04-17 00:45:00,Transformer-FRO,52.05796673786801,69
2022-04-17 01:00:00,Transformer-FRO,38.81632953007623,69
2022-04-17 01:15:00,Transformer-FRO,47.8619511299213,69
2022-04-17 01:30:00,Transformer-FRO,32.35303393698871,69
2022-04-17 01:45:00,Transformer-FRO,44.21850389350002,69
2022-04-17 02:00:00,Transformer-FRO,23.780575775610544,69
2022-04-17 02:15:00,Transformer-FRO,30.481713756712132,69
2022-04-17 02:30:00,Transformer-FRO,42.070928518449506,69
2022-04-17 02:45:00,Transformer-FRO,84.52549049225965,69
2022-04-17 03:00:00,Transformer-FRO,28.701732536670434,69
2022-04-17 03:15:00,Transformer-FRO,33.150864203692876,69
2022-04-17 03:30:00,Transformer-FRO,48.365797960672616,69
2022-04-17 03:45:00,Transformer-FRO,72.26852887511836,69
2022-04-17 04:00:00,Transformer-FRO,48.18346890117905,69
2022-04-17 04:15:00,Transformer-FRO,54.83530090796894,69
2022-04-17 04:30:00,Transformer-FRO,41.904854651456944,69
2022-04-17 04:45:00,Transformer-FRO,40.07089417296949,69
2022-04-17 05:00:00,Transformer-FRO,46.711052014718874,69
2022-04-17 05:15:00,Transformer-FRO,38.569262034295036,69
2022-04-17 05:30:00,Transformer-FRO,55.150040861059054,69
2022-04-17 05:45:00,Transformer-FRO,30.182367126812647,69
2022-04-17 06:00:00,Transformer-FRO,57.56534466947762,69
2022-04-17 06:15:00,Transformer-FRO,46.19594531349767,69
2022-04-17 06:30:00,Transformer-FRO,43.25814805584585,69
2022-04-17 06:45:00,Transformer-FRO,29.897117573846177,69
2022-04-17 07:00:00,Transformer-FRO,35.491709876702565,69
2022-04-17 07:15:00,Transformer-FRO,62.349613057962614,69
2022-04-17 07:30:00,Transformer-FRO,43.32669879080487,69
2022-04-17 07:45:00,Transformer-FRO,49.142881669822636,69
2022-04-17 08:00:00,Transformer-FRO,36.424103853709006,69
2022-04-17 08:15:00,Transformer-FRO,45.386222426825185,69
2022-04-17 08:30:00,Transformer-FRO,32.06655211828756,69
2022-04-17 08:45:00,Transformer-FRO,46.92536673312046,69
2022-04-17 09:00:00,Transformer-FRO,50.32946619389042,69
2022-04-17 09:15:00,Transformer-FRO,49.68242933039897,69
2022-04-17 09:30:00,Transformer-FRO,36.198201502814676,69
2022-04-17 09:45:00,Transformer-FRO,41.85667976812946,69
2022-04-17 10:00:00,Transformer-FRO,52.54500695562122,69
2022-04-17 10:15:00,Transformer-FRO,43.29489959620235,69
2022-04-17 10:30:00,Transformer-FRO,42.45358945005062,69
2022-04-17 10:45:00,Transformer-FRO,74.81809035940962,69
2022-04-17 11:00:00,Transformer-FRO,35.75707716460028,69
2022-04-17 11:15:00,Transformer-FRO,60.47174553882533,69
2022-04-17 11:30:00,Transformer-FRO,33.9219720471057,69
2022-04-17 11:45:00,Transformer-FRO,54.16766791812647,69
2022-04-17 12:00:00,Transformer-FRO,54.920618680442864,69
2022-04-17 12:15:00,Transformer-FRO,40.073552050768434,69
2022-04-17 12:30:00,Transformer-FRO,33.37544918332575,69
2022-04-17 12:45:00,Transformer-FRO,27.469238090628753,69
2022-04-17 13:00:00,Transformer-FRO,39.002399714752826,69
2022-04-17 13:15:00,Transformer-FRO,52.39605179445529,69
2022-04-17 13:30:00,Transformer-FRO,34.604811988180906,69
2022-04-17 13:45:00,Transformer-FRO,46.88977322147231,69
2022-04-17 14:00:00,Transformer-FRO,31.213223280030597,69
2022-04-17 14:15:00,Transformer-FRO,43.04421915420445,69
2022-04-17 14:30:00,Transformer-FRO,33.9890431355277,69
2022-04-17 14:45:00,Transformer-FRO,44.81548852837073,69
2022-04-17 15:00:00,Transformer-FRO,40.16991489570256,69
2022-04-17 15:15:00,Transformer-FRO,33.610308537396534,69
2022-04-17 15:30:00,Transformer-FRO,38.56343560574094,69
2022-04-17 15:45:00,Transformer-FRO,35.91309212956795,69
2022-04-17 16:00:00,Transformer-FRO,32.553149670463014,69
2022-04-17 16:15:00,Transformer-FRO,60.50815903993719,69
2022-04-17 16:30:00,Transformer-FRO,41.66092399171012,69
2022-04-17 16:45:00,Transformer-FRO,25.87075528155402,69
2022-04-17 17:00:00,Transformer-FRO,38.92009451158057,69
2022-04-17 17:15:00,Transformer-FRO,57.93466004864519,69
2022-04-17 17:30:00,Transformer-FRO,37.55462550630093,69
2022-04-17 17:45:00,Transformer-FRO,67.36451345719263,69
2022-04-17 18:00:00,Transformer-FRO,36.64020424495456,69
2022-04-17 18:15:00,Transformer-FRO,52.08782474672926,69
2022-04-17 18:30:00,Transformer-FRO,59.79084031138817,69
2022-04-17 18:45:00,Transformer-FRO,51.37580243946552,69
2022-04-17 19:00:00,Transformer-FRO,32.047133864756155,69
2022-04-17 19:15:00,Transformer-FRO,35.83596754410081,69
2022-04-17 19:30:00,Transformer-FRO,61.890398934346535,69
2022-04-17 19:45:00,Transformer-FRO,37.13682688413195,69
2022-04-17 20:00:00,Transformer-FRO,58.85545389253718,69
2022-04-17 20:15:00,Transformer-FRO,40.9122507098324,69
2022-04-17 20:30:00,Transformer-FRO,47.432455350718364,69
2022-04-17 20:45:00,Transformer-FRO,31.951014921144612,69
2022-04-17 21:00:00,Transformer-FRO,39.07152306488894,69
2022-04-17 21:15:00,Transformer-FRO,36.46393604148603,69
2022-04-17 21:30:00,Transformer-FRO,48.476322265724555,69
2022-04-17 21:45:00,Transformer-FRO,46.84430260507209,69
2022-04-17 22:00:00,Transformer-FRO,51.54158945497879,69
2022-04-17 22:15:00,Transformer-FRO,40.2797520555703,69
2022-04-17 22:30:00,Transformer-FRO,35.94958662096537,69
2022-04-17 22:45:00,Transformer-FRO,47.94175863217542,69
2022-04-17 23:00:00,Transformer-FRO,35.037475093308636,69
2022-04-17 23:15:00,Transformer-FRO,60.440534773639946,69
2022-04-17 23:30:00,Transformer-FRO,44.39390419588806,69
2022-04-17 23:45:00,Transformer-FRO,42.02934530985441,69
2022-04-17 00:00:00,DFL-FRO,55.422548438643396,69
2022-04-17 00:15:00,DFL-FRO,35.45630171440754,69
2022-04-17 00:30:00,DFL-FRO,41.96321637128333,69
2022-04-17 00:45:00,DFL-FRO,76.34488391887271,69
2022-04-17 01:00:00,DFL-FRO,57.98837297690457,69
2022-04-17 01:15:00,DFL-FRO,35.22160964335328,69
2022-04-17 01:30:00,DFL-FRO,62.55166930071892,69
2022-04-17 01:45:00,DFL-FRO,48.35704697284571,69
2022-04-17 02:00:00,DFL-FRO,44.23801406129779,69
2022-04-17 02:15:00,DFL-FRO,40.9859071743344,69
2022-04-17 02:30:00,DFL-FRO,75.10923668239778,69
2022-04-17 02:45:00,DFL-FRO,32.50762739028273,69
2022-04-17 03:00:00,DFL-FRO,44.70228386076864,69
2022-04-17 03:15:00,DFL-FRO,58.5849462772532,69
2022-04-17 03:30:00,DFL-FRO,88.43779529375831,69
2022-04-17 03:45:00,DFL-FRO,66.21905133023446,69
2022-04-17 04:00:00,DFL-FRO,44.59519903319986,69
2022-04-17 04:15:00,DFL-FRO,87.22217362388558,69
2022-04-17 04:30:00,DFL-FRO,38.62312626723558,69
2022-04-17 04:45:00,DFL-FRO,61.03738064642608,69
2022-04-17 05:00:00,DFL-FRO,64.99486865301216,69
2022-04-17 05:15:00,DFL-FRO,44.1554402161587,69
2022-04-17 05:30:00,DFL-FRO,68.96233450046553,69
2022-04-17 05:45:00,DFL-FRO,48.980613055045936,69
2022-04-17 06:00:00,DFL-FRO,68.91462337087047,69
2022-04-17 06:15:00,DFL-FRO,33.684273987775306,69
2022-04-17 06:30:00,DFL-FRO,62.2496890107646,69
2022-04-17 06:45:00,DFL-FRO,50.40897896211138,69
2022-04-17 07:00:00,DFL-FRO,78.35434497729463,69
2022-04-17 07:15:00,DFL-FRO,55.931741648824804,69
2022-04-17 07:30:00,DFL-FRO,80.58790435608128,69
2022-04-17 07:45:00,DFL-FRO,65.35983967689795,69
2022-04-17 08:00:00,DFL-FRO,54.6278003402913,69
2022-04-17 08:15:00,DFL-FRO,70.73913706457478,69
2022-04-17 08:30:00,DFL-FRO,70.86689159772456,69
2022-04-17 08:45:00,DFL-FRO,64.70413780350566,69
2022-04-17 09:00:00,DFL-FRO,29.641697211561244,69
2022-04-17 09:15:00,DFL-FRO,42.908374004392506,69
2022-04-17 09:30:00,DFL-FRO,83.71675134501403,69
2022-04-17 09:45:00,DFL-FRO,39.720206214290144,69
2022-04-17 10:00:00,DFL-FRO,72.65841573002265,69
2022-04-17 10:15:00,DFL-FRO,69.13509760767225,69
2022-04-17 10:30:00,DFL-FRO,46.13594616182576,69
2022-04-17 10:45:00,DFL-FRO,32.235803956789155,69
2022-04-17 11:00:00,DFL-FRO,48.22538920931859,69
2022-04-17 11:15:00,DFL-FRO,101.8403642660135,69
2022-04-17 11:30:00,DFL-FRO,44.378444456916775,69
2022-04-17 11:45:00,DFL-FRO,45.25195364249887,69
2022-04-17 12:00:00,DFL-FRO,42.72672715437793,69
2022-04-17 12:15:00,DFL-FRO,79.80777355979238,69
2022-04-17 12:30:00,DFL-FRO,52.876058951500745,69
2022-04-17 12:45:00,DFL-FRO,47.455385338472254,69
2022-04-17 13:00:00,DFL-FRO,84.41397606043387,69
2022-04-17 13:15:00,DFL-FRO,66.70020711847854,69
2022-04-17 13:30:00,DFL-FRO,43.68196014531063,69
2022-04-17 13:45:00,DFL-FRO,40.084887495280576,69
2022-04-17 14:00:00,DFL-FRO,78.54190973539231,69
2022-04-17 14:15:00,DFL-FRO,56.89991451750468,69
2022-04-17 14:30:00,DFL-FRO,36.5645905656072,69
2022-04-17 14:45:00,DFL-FRO,34.22586302987657,69
2022-04-17 15:00:00,DFL-FRO,41.3210194309517,69
2022-04-17 15:15:00,DFL-FRO,39.90528894887214,69
2022-04-17 15:30:00,DFL-FRO,31.776228719707824,69
2022-04-17 15:45:00,DFL-FRO,41.514387500914815,69
2022-04-17 16:00:00,DFL-FRO,43.68454688897301,69
2022-04-17 16:15:00,DFL-FRO,49.69411405043824,69
2022-04-17 16:30:00,DFL-FRO,91.34547326267759,69
2022-04-17 16:45:00,DFL-FRO,52.51995872718027,69
2022-04-17 17:00:00,DFL-FRO,54.01316102891776,69
2022-04-17 17:15:00,DFL-FRO,65.39016632958425,69
2022-04-17 17:30:00,DFL-FRO,52.95971332981781,69
2022-04-17 17:45:00,DFL-FRO,63.40610760662156,69
2022-04-17 18:00:00,DFL-FRO,61.30131820320902,69
2022-04-17 18:15:00,DFL-FRO,58.6256909653477,69
2022-04-17 18:30:00,DFL-FRO,123.69669076883768,69
2022-04-17 18:45:00,DFL-FRO,73.24898867217752,69
2022-04-17 19:00:00,DFL-FRO,41.72342535568451,69
2022-04-17 19:15:00,DFL-FRO,62.87240888517789,69
2022-04-17 19:30:00,DFL-FRO,45.284176676104444,69
2022-04-17 19:45:00,DFL-FRO,64.23695749786464,69
2022-04-17 20:00:00,DFL-FRO,38.404895111929605,69
2022-04-17 20:15:00,DFL-FRO,41.41751345245203,69
2022-04-17 20:30:00,DFL-FRO,62.406902333386,69
2022-04-17 20:45:00,DFL-FRO,75.06130604696558,69
2022-04-17 21:00:00,DFL-FRO,65.26819535235987,69
2022-04-17 21:15:00,DFL-FRO,72.07913578784635,69
2022-04-17 21:30:00,DFL-FRO,62.93629796216376,69
2022-04-17 21:45:00,DFL-FRO,59.45783693178327,69
2022-04-17 22:00:00,DFL-FRO,49.12186589470647,69
2022-04-17 22:15:00,DFL-FRO,71.2470315524734,69
2022-04-17 22:30:00,DFL-FRO,75.64033136581465,69
2022-04-17 22:45:00,DFL-FRO,55.63030622319705,69
2022-04-17 23:00:00,DFL-FRO,54.7913045700719,69
2022-04-17 23:15:00,DFL-FRO,88.76414873578616,69
2022-04-17 23:30:00,DFL-FRO,56.3051130855953,69
2022-04-17 23:45:00,DFL-FRO,57.85426558065994,69
2022-04-17 00:00:00,CVaR-DFL-FRO,60.372310329076434,69
2022-04-17 00:15:00,CVaR-DFL-FRO,48.51721679416239,69
2022-04-17 00:30:00,CVaR-DFL-FRO,69.71959142016769,69
2022-04-17 00:45:00,CVaR-DFL-FRO,61.460658110299995,69
2022-04-17 01:00:00,CVaR-DFL-FRO,108.58346081719559,69
2022-04-17 01:15:00,CVaR-DFL-FRO,78.93921989040139,69
2022-04-17 01:30:00,CVaR-DFL-FRO,51.932893197216536,69
2022-04-17 01:45:00,CVaR-DFL-FRO,77.53345304822496,69
2022-04-17 02:00:00,CVaR-DFL-FRO,68.25644044701602,69
2022-04-17 02:15:00,CVaR-DFL-FRO,92.41659950672964,69
2022-04-17 02:30:00,CVaR-DFL-FRO,53.06103282647959,69
2022-04-17 02:45:00,CVaR-DFL-FRO,65.83880753244694,69
2022-04-17 03:00:00,CVaR-DFL-FRO,60.34879886036382,69
2022-04-17 03:15:00,CVaR-DFL-FRO,63.29566066588681,69
2022-04-17 03:30:00,CVaR-DFL-FRO,47.57440568038285,69
2022-04-17 03:45:00,CVaR-DFL-FRO,74.02274862922704,69
2022-04-17 04:00:00,CVaR-DFL-FRO,70.56847211650185,69
2022-04-17 04:15:00,CVaR-DFL-FRO,91.74232036547859,69
2022-04-17 04:30:00,CVaR-DFL-FRO,61.997225592831775,69
2022-04-17 04:45:00,CVaR-DFL-FRO,54.90013569654426,69
2022-04-17 05:00:00,CVaR-DFL-FRO,78.95942427538618,69
2022-04-17 05:15:00,CVaR-DFL-FRO,48.902400277466754,69
2022-04-17 05:30:00,CVaR-DFL-FRO,86.3491455315494,69
2022-04-17 05:45:00,CVaR-DFL-FRO,86.2931876704714,69
2022-04-17 06:00:00,CVaR-DFL-FRO,90.96990646960397,69
2022-04-17 06:15:00,CVaR-DFL-FRO,69.69127582713332,69
2022-04-17 06:30:00,CVaR-DFL-FRO,53.67393148755191,69
2022-04-17 06:45:00,CVaR-DFL-FRO,64.27425838145511,69
2022-04-17 07:00:00,CVaR-DFL-FRO,69.76397411245175,69
2022-04-17 07:15:00,CVaR-DFL-FRO,52.49117859519561,69
2022-04-17 07:30:00,CVaR-DFL-FRO,93.08139418955058,69
2022-04-17 07:45:00,CVaR-DFL-FRO,74.11625711731827,69
2022-04-17 08:00:00,CVaR-DFL-FRO,47.4734078095145,69
2022-04-17 08:15:00,CVaR-DFL-FRO,109.92632661585453,69
2022-04-17 08:30:00,CVaR-DFL-FRO,64.04522304579929,69
2022-04-17 08:45:00,CVaR-DFL-FRO,44.660450739679874,69
2022-04-17 09:00:00,CVaR-DFL-FRO,48.37190522049364,69
2022-04-17 09:15:00,CVaR-DFL-FRO,97.54081165336143,69
2022-04-17 09:30:00,CVaR-DFL-FRO,108.01773267935693,69
2022-04-17 09:45:00,CVaR-DFL-FRO,84.39900259200967,69
2022-04-17 10:00:00,CVaR-DFL-FRO,92.69334136946564,69
2022-04-17 10:15:00,CVaR-DFL-FRO,89.85753877674053,69
2022-04-17 10:30:00,CVaR-DFL-FRO,73.5985353914499,69
2022-04-17 10:45:00,CVaR-DFL-FRO,68.69516705298271,69
2022-04-17 11:00:00,CVaR-DFL-FRO,73.2197751833866,69
2022-04-17 11:15:00,CVaR-DFL-FRO,77.69678556009086,69
2022-04-17 11:30:00,CVaR-DFL-FRO,49.68699388260884,69
2022-04-17 11:45:00,CVaR-DFL-FRO,77.60147823594085,69
2022-04-17 12:00:00,CVaR-DFL-FRO,96.68382335781153,69
2022-04-17 12:15:00,CVaR-DFL-FRO,58.42141336667238,69
2022-04-17 12:30:00,CVaR-DFL-FRO,56.56248723573478,69
2022-04-17 12:45:00,CVaR-DFL-FRO,71.83043061525039,69
2022-04-17 13:00:00,CVaR-DFL-FRO,51.088578363828184,69
2022-04-17 13:15:00,CVaR-DFL-FRO,41.750144774191426,69
2022-04-17 13:30:00,CVaR-DFL-FRO,88.00380295033926,69
2022-04-17 13:45:00,CVaR-DFL-FRO,54.25428979808796,69
2022-04-17 14:00:00,CVaR-DFL-FRO,62.533657732464754,69
2022-04-17 14:15:00,CVaR-DFL-FRO,51.703321169032705,69
2022-04-17 14:30:00,CVaR-DFL-FRO,91.50754595088438,69
2022-04-17 14:45:00,CVaR-DFL-FRO,80.50041552382474,69
2022-04-17 15:00:00,CVaR-DFL-FRO,57.81708291784099,69
2022-04-17 15:15:00,CVaR-DFL-FRO,43.51606496169908,69
2022-04-17 15:30:00,CVaR-DFL-FRO,55.988990534550766,69
2022-04-17 15:45:00,CVaR-DFL-FRO,73.8938800885849,69
2022-04-17 16:00:00,CVaR-DFL-FRO,65.83800187252783,69
2022-04-17 16:15:00,CVaR-DFL-FRO,64.27251436286278,69
2022-04-17 16:30:00,CVaR-DFL-FRO,66.29902740305815,69
2022-04-17 16:45:00,CVaR-DFL-FRO,78.23416955397046,69
2022-04-17 17:00:00,CVaR-DFL-FRO,61.402960544746364,69
2022-04-17 17:15:00,CVaR-DFL-FRO,71.25609491958765,69
2022-04-17 17:30:00,CVaR-DFL-FRO,46.132521973895585,69
2022-04-17 17:45:00,CVaR-DFL-FRO,134.66941679379565,69
2022-04-17 18:00:00,CVaR-DFL-FRO,57.06767525411172,69
2022-04-17 18:15:00,CVaR-DFL-FRO,66.13662840088294,69
2022-04-17 18:30:00,CVaR-DFL-FRO,73.81148992457018,69
2022-04-17 18:45:00,CVaR-DFL-FRO,54.917563050900256,69
2022-04-17 19:00:00,CVaR-DFL-FRO,62.332974709416284,69
2022-04-17 19:15:00,CVaR-DFL-FRO,62.104259879361656,69
2022-04-17 19:30:00,CVaR-DFL-FRO,47.16109396901624,69
2022-04-17 19:45:00,CVaR-DFL-FRO,71.01022456736199,69
2022-04-17 20:00:00,CVaR-DFL-FRO,37.755460358591634,69
2022-04-17 20:15:00,CVaR-DFL-FRO,105.68122394433854,69
2022-04-17 20:30:00,CVaR-DFL-FRO,79.04730554025325,69
2022-04-17 20:45:00,CVaR-DFL-FRO,75.45207265000796,69
2022-04-17 21:00:00,CVaR-DFL-FRO,36.76991554090908,69
2022-04-17 21:15:00,CVaR-DFL-FRO,48.92720041286309,69
2022-04-17 21:30:00,CVaR-DFL-FRO,94.67851144814986,69
2022-04-17 21:45:00,CVaR-DFL-FRO,218.35753592117732,69
2022-04-17 22:00:00,CVaR-DFL-FRO,89.2634789646606,69
2022-04-17 22:15:00,CVaR-DFL-FRO,85.10309958918675,69
2022-04-17 22:30:00,CVaR-DFL-FRO,72.89067324086737,69
2022-04-17 22:45:00,CVaR-DFL-FRO,48.12020081089184,69
2022-04-17 23:00:00,CVaR-DFL-FRO,84.0343478657858,69
2022-04-17 23:15:00,CVaR-DFL-FRO,44.56455645518813,69
2022-04-17 23:30:00,CVaR-DFL-FRO,43.113889025109586,69
2022-04-17 23:45:00,CVaR-DFL-FRO,42.30057345201449,69
2022-04-17 02:00:00,CVaR-DFL-RTRO,73.09351833637429,69
2022-04-17 02:15:00,CVaR-DFL-RTRO,98.63487575222058,69
2022-04-17 05:15:00,CVaR-DFL-RTRO,77.43135273381678,69
2022-04-17 14:30:00,CVaR-DFL-RTRO,62.10365683933718,69
2022-04-17 15:45:00,CVaR-DFL-RTRO,72.23870070359115,69
2022-04-17 17:45:00,CVaR-DFL-RTRO,72.55965726719053,69
2022-04-17 18:00:00,CVaR-DFL-RTRO,68.84656654063728,69
2022-04-17 20:00:00,CVaR-DFL-RTRO,47.43379588739283,69
2022-04-17 22:00:00,CVaR-DFL-RTRO,103.2356182048393,69
2022-04-17 23:00:00,CVaR-DFL-RTRO,97.84607685269873,69
2022-04-18 00:00:00,LSTM-FRO,37.38151769384851,69
2022-04-18 00:15:00,LSTM-FRO,38.09812465369801,69
2022-04-18 00:30:00,LSTM-FRO,30.15461821261037,69
2022-04-18 00:45:00,LSTM-FRO,25.229905840710334,69
2022-04-18 01:00:00,LSTM-FRO,34.06685734619033,69
2022-04-18 01:15:00,LSTM-FRO,36.862667652142285,69
2022-04-18 01:30:00,LSTM-FRO,28.07454656534696,69
2022-04-18 01:45:00,LSTM-FRO,42.14428396736954,69
2022-04-18 02:00:00,LSTM-FRO,53.97894224326939,69
2022-04-18 02:15:00,LSTM-FRO,49.803008955649695,69
2022-04-18 02:30:00,LSTM-FRO,39.050957635420524,69
2022-04-18 02:45:00,LSTM-FRO,25.397572875435813,69
2022-04-18 03:00:00,LSTM-FRO,48.24732960441763,69
2022-04-18 03:15:00,LSTM-FRO,41.82193053060217,69
2022-04-18 03:30:00,LSTM-FRO,44.84444251537333,69
2022-04-18 03:45:00,LSTM-FRO,65.54322264075059,69
2022-04-18 04:00:00,LSTM-FRO,32.77315890104587,69
2022-04-18 04:15:00,LSTM-FRO,19.589168262709958,69
2022-04-18 04:30:00,LSTM-FRO,30.94499669703943,69
2022-04-18 04:45:00,LSTM-FRO,45.54438384450784,69
2022-04-18 05:00:00,LSTM-FRO,40.586278603076146,69
2022-04-18 05:15:00,LSTM-FRO,29.71040353047358,69
2022-04-18 05:30:00,LSTM-FRO,28.226597686339073,69
2022-04-18 05:45:00,LSTM-FRO,36.879266819943155,69
2022-04-18 06:00:00,LSTM-FRO,29.48409483290357,69
2022-04-18 06:15:00,LSTM-FRO,45.941570335324144,69
2022-04-18 06:30:00,LSTM-FRO,36.35697098323522,69
2022-04-18 06:45:00,LSTM-FRO,34.44069612298765,69
2022-04-18 07:00:00,LSTM-FRO,33.32516633927437,69
2022-04-18 07:15:00,LSTM-FRO,43.06561551986225,69
2022-04-18 07:30:00,LSTM-FRO,40.74638748983218,69
2022-04-18 07:45:00,LSTM-FRO,42.409395034486174,69
2022-04-18 08:00:00,LSTM-FRO,42.1776416214521,69
2022-04-18 08:15:00,LSTM-FRO,39.58881378430047,69
2022-04-18 08:30:00,LSTM-FRO,31.10328572720042,69
2022-04-18 08:45:00,LSTM-FRO,33.55936428077267,69
2022-04-18 09:00:00,LSTM-FRO,36.51018918854012,69
2022-04-18 09:15:00,LSTM-FRO,67.70209861876748,69
2022-04-18 09:30:00,LSTM-FRO,28.733356515086285,69
2022-04-18 09:45:00,LSTM-FRO,36.28813049806015,69
2022-04-18 10:00:00,LSTM-FRO,41.31970597564855,69
2022-04-18 10:15:00,LSTM-FRO,37.357059806217514,69
2022-04-18 10:30:00,LSTM-FRO,52.787788172534896,69
2022-04-18 10:45:00,LSTM-FRO,37.30865156491832,69
2022-04-18 11:00:00,LSTM-FRO,38.00779585733035,69
2022-04-18 11:15:00,LSTM-FRO,49.460526535818964,69
2022-04-18 11:30:00,LSTM-FRO,63.51217510945677,69
2022-04-18 11:45:00,LSTM-FRO,57.39797118341454,69
2022-04-18 12:00:00,LSTM-FRO,38.95335772370784,69
2022-04-18 12:15:00,LSTM-FRO,39.814872283458776,69
2022-04-18 12:30:00,LSTM-FRO,40.788450480530244,69
2022-04-18 12:45:00,LSTM-FRO,41.828306409304496,69
2022-04-18 13:00:00,LSTM-FRO,32.588266329579085,69
2022-04-18 13:15:00,LSTM-FRO,50.99833947766871,69
2022-04-18 13:30:00,LSTM-FRO,42.458949757102395,69
2022-04-18 13:45:00,LSTM-FRO,39.861457038909485,69
2022-04-18 14:00:00,LSTM-FRO,29.29925913876047,69
2022-04-18 14:15:00,LSTM-FRO,40.94816077813964,69
2022-04-18 14:30:00,LSTM-FRO,25.063147723641283,69
2022-04-18 14:45:00,LSTM-FRO,34.83606895834305,69
2022-04-18 15:00:00,LSTM-FRO,34.998685982715415,69
2022-04-18 15:15:00,LSTM-FRO,43.32448024779024,69
2022-04-18 15:30:00,LSTM-FRO,64.62414586360276,69
2022-04-18 15:45:00,LSTM-FRO,46.53674501197408,69
2022-04-18 16:00:00,LSTM-FRO,57.990396658424416,69
2022-04-18 16:15:00,LSTM-FRO,47.40106181469899,69
2022-04-18 16:30:00,LSTM-FRO,53.46910410475495,69
2022-04-18 16:45:00,LSTM-FRO,64.25655978283571,69
2022-04-18 17:00:00,LSTM-FRO,33.5470941546649,69
2022-04-18 17:15:00,LSTM-FRO,33.001910988221574,69
2022-04-18 17:30:00,LSTM-FRO,47.68270979657506,69
2022-04-18 17:45:00,LSTM-FRO,40.27565235948985,69
2022-04-18 18:00:00,LSTM-FRO,42.60570616566839,69
2022-04-18 18:15:00,LSTM-FRO,37.873256473749315,69
2022-04-18 18:30:00,LSTM-FRO,34.708540387464865,69
2022-04-18 18:45:00,LSTM-FRO,60.55471449259598,69
2022-04-18 19:00:00,LSTM-FRO,30.586582477038725,69
2022-04-18 19:15:00,LSTM-FRO,47.89362847894065,69
2022-04-18 19:30:00,LSTM-FRO,45.9830492732166,69
2022-04-18 19:45:00,LSTM-FRO,27.12009775079811,69
2022-04-18 20:00:00,LSTM-FRO,32.724088943139705,69
2022-04-18 20:15:00,LSTM-FRO,34.134504239732294,69
2022-04-18 20:30:00,LSTM-FRO,46.45126792650744,69
2022-04-18 20:45:00,LSTM-FRO,36.764403199599066,69
2022-04-18 21:00:00,LSTM-FRO,39.455920047811084,69
2022-04-18 21:15:00,LSTM-FRO,27.95910126275635,69
2022-04-18 21:30:00,LSTM-FRO,72.28144397427295,69
2022-04-18 21:45:00,LSTM-FRO,41.0398486830921,69
2022-04-18 22:00:00,LSTM-FRO,45.692754977616886,69
2022-04-18 22:15:00,LSTM-FRO,35.19668644256937,69
2022-04-18 22:30:00,LSTM-FRO,34.22084637430954,69
2022-04-18 22:45:00,LSTM-FRO,65.15903158063318,69
2022-04-18 23:00:00,LSTM-FRO,24.91566627866022,69
2022-04-18 23:15:00,LSTM-FRO,43.23377963648293,69
2022-04-18 23:30:00,LSTM-FRO,29.741239821385083,69
2022-04-18 23:45:00,LSTM-FRO,36.41566633499441,69
2022-04-18 00:00:00,Transformer-FRO,35.27544078335302,69
2022-04-18 00:15:00,Transformer-FRO,45.941983158803595,69
2022-04-18 00:30:00,Transformer-FRO,23.42926570850972,69
2022-04-18 00:45:00,Transformer-FRO,41.95554040597916,69
2022-04-18 01:00:00,Transformer-FRO,44.4719468938552,69
2022-04-18 01:15:00,Transformer-FRO,32.02870153008051,69
2022-04-18 01:30:00,Transformer-FRO,67.33025062709108,69
2022-04-18 01:45:00,Transformer-FRO,39.03482987086687,69
2022-04-18 02:00:00,Transformer-FRO,42.810631165925514,69
2022-04-18 02:15:00,Transformer-FRO,39.057444487255374,69
2022-04-18 02:30:00,Transformer-FRO,44.57240866144847,69
2022-04-18 02:45:00,Transformer-FRO,63.85191809117606,69
2022-04-18 03:00:00,Transformer-FRO,86.30290381453163,69
2022-04-18 03:15:00,Transformer-FRO,55.206102467198235,69
2022-04-18 03:30:00,Transformer-FRO,60.31761946353713,69
2022-04-18 03:45:00,Transformer-FRO,70.96380912138397,69
2022-04-18 04:00:00,Transformer-FRO,48.549472690631916,69
2022-04-18 04:15:00,Transformer-FRO,68.33083413484091,69
2022-04-18 04:30:00,Transformer-FRO,55.87787884355168,69
2022-04-18 04:45:00,Transformer-FRO,47.25010754185512,69
2022-04-18 05:00:00,Transformer-FRO,49.84054256858331,69
2022-04-18 05:15:00,Transformer-FRO,28.420161098862064,69
2022-04-18 05:30:00,Transformer-FRO,49.095607527942796,69
2022-04-18 05:45:00,Transformer-FRO,30.53637517186401,69
2022-04-18 06:00:00,Transformer-FRO,29.899233747061363,69
2022-04-18 06:15:00,Transformer-FRO,47.85141933437596,69
2022-04-18 06:30:00,Transformer-FRO,34.125790275521396,69
2022-04-18 06:45:00,Transformer-FRO,45.43906948332085,69
2022-04-18 07:00:00,Transformer-FRO,47.18229308584236,69
2022-04-18 07:15:00,Transformer-FRO,47.7299204522181,69
2022-04-18 07:30:00,Transformer-FRO,36.03026568446872,69
2022-04-18 07:45:00,Transformer-FRO,57.43526301727893,69
2022-04-18 08:00:00,Transformer-FRO,44.484080964141434,69
2022-04-18 08:15:00,Transformer-FRO,51.024069672515665,69
2022-04-18 08:30:00,Transformer-FRO,33.40650205533873,69
2022-04-18 08:45:00,Transformer-FRO,43.470713999191226,69
2022-04-18 09:00:00,Transformer-FRO,60.46289725895773,69
2022-04-18 09:15:00,Transformer-FRO,58.50726040516296,69
2022-04-18 09:30:00,Transformer-FRO,37.03971748719601,69
2022-04-18 09:45:00,Transformer-FRO,39.531683372759936,69
2022-04-18 10:00:00,Transformer-FRO,35.25073190956195,69
2022-04-18 10:15:00,Transformer-FRO,38.41429448875748,69
2022-04-18 10:30:00,Transformer-FRO,31.700751767656698,69
2022-04-18 10:45:00,Transformer-FRO,43.92452372937148,69
2022-04-18 11:00:00,Transformer-FRO,53.62283047131968,69
2022-04-18 11:15:00,Transformer-FRO,37.15716571533296,69
2022-04-18 11:30:00,Transformer-FRO,44.46830863351063,69
2022-04-18 11:45:00,Transformer-FRO,42.999130170920665,69
2022-04-18 12:00:00,Transformer-FRO,59.80690112878058,69
2022-04-18 12:15:00,Transformer-FRO,38.86222556474625,69
2022-04-18 12:30:00,Transformer-FRO,39.22959262088135,69
2022-04-18 12:45:00,Transformer-FRO,36.5758089139428,69
2022-04-18 13:00:00,Transformer-FRO,33.91959772676334,69
2022-04-18 13:15:00,Transformer-FRO,52.200242598797736,69
2022-04-18 13:30:00,Transformer-FRO,43.95936040048505,69
2022-04-18 13:45:00,Transformer-FRO,46.17271199463686,69
2022-04-18 14:00:00,Transformer-FRO,63.30099288359081,69
2022-04-18 14:15:00,Transformer-FRO,64.24846838246039,69
2022-04-18 14:30:00,Transformer-FRO,29.737538468760707,69
2022-04-18 14:45:00,Transformer-FRO,53.827050745067055,69
2022-04-18 15:00:00,Transformer-FRO,48.258711268281054,69
2022-04-18 15:15:00,Transformer-FRO,40.39963536550387,69
2022-04-18 15:30:00,Transformer-FRO,49.54931260979878,69
2022-04-18 15:45:00,Transformer-FRO,29.127404702772996,69
2022-04-18 16:00:00,Transformer-FRO,66.45519316983997,69
2022-04-18 16:15:00,Transformer-FRO,52.00831989685513,69
2022-04-18 16:30:00,Transformer-FRO,36.39483937989558,69
2022-04-18 16:45:00,Transformer-FRO,39.12629102663341,69
2022-04-18 17:00:00,Transformer-FRO,29.30299450200834,69
2022-04-18 17:15:00,Transformer-FRO,41.972160463026896,69
2022-04-18 17:30:00,Transformer-FRO,40.179326571983026,69
2022-04-18 17:45:00,Transformer-FRO,32.31299837201843,69
2022-04-18 18:00:00,Transformer-FRO,55.6514437041456,69
2022-04-18 18:15:00,Transformer-FRO,63.33630333685412,69
2022-04-18 18:30:00,Transformer-FRO,45.2017332752537,69
2022-04-18 18:45:00,Transformer-FRO,42.06247642942387,69
2022-04-18 19:00:00,Transformer-FRO,50.94374603641439,69
2022-04-18 19:15:00,Transformer-FRO,45.29209993623678,69
2022-04-18 19:30:00,Transformer-FRO,34.40852164121003,69
2022-04-18 19:45:00,Transformer-FRO,38.451422482291875,69
2022-04-18 20:00:00,Transformer-FRO,42.16280609883058,69
2022-04-18 20:15:00,Transformer-FRO,48.54087811466445,69
2022-04-18 20:30:00,Transformer-FRO,45.63282236111378,69
2022-04-18 20:45:00,Transformer-FRO,48.068389840280105,69
2022-04-18 21:00:00,Transformer-FRO,30.68617358637409,69
2022-04-18 21:15:00,Transformer-FRO,54.06961117332406,69
2022-04-18 21:30:00,Transformer-FRO,45.56299206775307,69
2022-04-18 21:45:00,Transformer-FRO,88.1003124430645,69
2022-04-18 22:00:00,Transformer-FRO,41.1798806610709,69
2022-04-18 22:15:00,Transformer-FRO,49.49519196639154,69
2022-04-18 22:30:00,Transformer-FRO,94.6320321817924,69
2022-04-18 22:45:00,Transformer-FRO,47.866434101691084,69
2022-04-18 23:00:00,Transformer-FRO,44.733358405155215,69
2022-04-18 23:15:00,Transformer-FRO,35.26682678485735,69
2022-04-18 23:30:00,Transformer-FRO,67.59281777678733,69
2022-04-18 23:45:00,Transformer-FRO,33.73069036083221,69
2022-04-18 00:00:00,DFL-FRO,49.42955252555269,69
2022-04-18 00:15:00,DFL-FRO,53.56066843417093,69
2022-04-18 00:30:00,DFL-FRO,37.79405363361729,69
2022-04-18 00:45:00,DFL-FRO,82.56610207522503,69
2022-04-18 01:00:00,DFL-FRO,52.23917271137803,69
2022-04-18 01:15:00,DFL-FRO,40.09017065401634,69
2022-04-18 01:30:00,DFL-FRO,80.4840422629966,69
2022-04-18 01:45:00,DFL-FRO,49.00449024842433,69
2022-04-18 02:00:00,DFL-FRO,62.10225551947072,69
2022-04-18 02:15:00,DFL-FRO,71.65841977386816,69
2022-04-18 02:30:00,DFL-FRO,64.59635647812185,69
2022-04-18 02:45:00,DFL-FRO,30.384482739875846,69
2022-04-18 03:00:00,DFL-FRO,68.76272644450597,69
2022-04-18 03:15:00,DFL-FRO,54.91964908477915,69
2022-04-18 03:30:00,DFL-FRO,51.48880222184328,69
2022-04-18 03:45:00,DFL-FRO,54.78857358980045,69
2022-04-18 04:00:00,DFL-FRO,35.859014442761406,69
2022-04-18 04:15:00,DFL-FRO,59.653733733027806,69
2022-04-18 04:30:00,DFL-FRO,38.4349333837633,69
2022-04-18 04:45:00,DFL-FRO,52.12065852942738,69
2022-04-18 05:00:00,DFL-FRO,59.051879002499035,69
2022-04-18 05:15:00,DFL-FRO,76.52406412209402,69
2022-04-18 05:30:00,DFL-FRO,44.82733054618155,69
2022-04-18 05:45:00,DFL-FRO,85.13425878291797,69
2022-04-18 06:00:00,DFL-FRO,73.82424266594053,69
2022-04-18 06:15:00,DFL-FRO,50.04965746918699,69
2022-04-18 06:30:00,DFL-FRO,41.31240659526998,69
2022-04-18 06:45:00,DFL-FRO,37.58241847923832,69
2022-04-18 07:00:00,DFL-FRO,61.00963606219405,69
2022-04-18 07:15:00,DFL-FRO,45.88180394810389,69
2022-04-18 07:30:00,DFL-FRO,79.28087241997542,69
2022-04-18 07:45:00,DFL-FRO,46.63637179453452,69
2022-04-18 08:00:00,DFL-FRO,43.812817342608604,69
2022-04-18 08:15:00,DFL-FRO,60.356231776984934,69
2022-04-18 08:30:00,DFL-FRO,46.55053860243964,69
2022-04-18 08:45:00,DFL-FRO,56.63913701039592,69
2022-04-18 09:00:00,DFL-FRO,74.64470713067317,69
2022-04-18 09:15:00,DFL-FRO,58.40447009589707,69
2022-04-18 09:30:00,DFL-FRO,58.46611001282069,69
2022-04-18 09:45:00,DFL-FRO,59.87273611231646,69
2022-04-18 10:00:00,DFL-FRO,35.02759554496163,69
2022-04-18 10:15:00,DFL-FRO,63.11413837364141,69
2022-04-18 10:30:00,DFL-FRO,59.11306724838939,69
2022-04-18 10:45:00,DFL-FRO,72.70785560125127,69
2022-04-18 11:00:00,DFL-FRO,67.045607975153,69
2022-04-18 11:15:00,DFL-FRO,53.37023170723217,69
2022-04-18 11:30:00,DFL-FRO,75.62935375574678,69
2022-04-18 11:45:00,DFL-FRO,52.02079480862056,69
2022-04-18 12:00:00,DFL-FRO,60.58730806564914,69
2022-04-18 12:15:00,DFL-FRO,51.749441975363496,69
2022-04-18 12:30:00,DFL-FRO,64.37278719591656,69
2022-04-18 12:45:00,DFL-FRO,50.803275413028416,69
2022-04-18 13:00:00,DFL-FRO,89.97860669117215,69
2022-04-18 13:15:00,DFL-FRO,99.88410741675057,69
2022-04-18 13:30:00,DFL-FRO,72.31960015151954,69
2022-04-18 13:45:00,DFL-FRO,87.31867806301057,69
2022-04-18 14:00:00,DFL-FRO,36.58340928499185,69
2022-04-18 14:15:00,DFL-FRO,37.82132906484727,69
2022-04-18 14:30:00,DFL-FRO,51.59751084646047,69
2022-04-18 14:45:00,DFL-FRO,57.164305372959625,69
2022-04-18 15:00:00,DFL-FRO,53.426650306848735,69
2022-04-18 15:15:00,DFL-FRO,35.535383015243994,69
2022-04-18 15:30:00,DFL-FRO,78.21860347545103,69
2022-04-18 15:45:00,DFL-FRO,103.81956156578036,69
2022-04-18 16:00:00,DFL-FRO,81.1297993385581,69
2022-04-18 16:15:00,DFL-FRO,76.77269755339901,69
2022-04-18 16:30:00,DFL-FRO,60.228412943976075,69
2022-04-18 16:45:00,DFL-FRO,44.53226831205172,69
2022-04-18 17:00:00,DFL-FRO,57.671799269035716,69
2022-04-18 17:15:00,DFL-FRO,102.40406036497879,69
2022-04-18 17:30:00,DFL-FRO,51.156029535363125,69
2022-04-18 17:45:00,DFL-FRO,49.68985418121888,69
2022-04-18 18:00:00,DFL-FRO,77.24638305400693,69
2022-04-18 18:15:00,DFL-FRO,78.70818845243994,69
2022-04-18 18:30:00,DFL-FRO,44.47063090689211,69
2022-04-18 18:45:00,DFL-FRO,52.48038752297825,69
2022-04-18 19:00:00,DFL-FRO,49.03538006219949,69
2022-04-18 19:15:00,DFL-FRO,57.625583928446574,69
2022-04-18 19:30:00,DFL-FRO,77.16751797930539,69
2022-04-18 19:45:00,DFL-FRO,45.02507526321043,69
2022-04-18 20:00:00,DFL-FRO,76.86254470177911,69
2022-04-18 20:15:00,DFL-FRO,58.148088766989964,69
2022-04-18 20:30:00,DFL-FRO,108.9868616640458,69
2022-04-18 20:45:00,DFL-FRO,61.8261788976439,69
2022-04-18 21:00:00,DFL-FRO,54.9769910776067,69
2022-04-18 21:15:00,DFL-FRO,66.45940016062951,69
2022-04-18 21:30:00,DFL-FRO,51.370900310723876,69
2022-04-18 21:45:00,DFL-FRO,34.03131459667094,69
2022-04-18 22:00:00,DFL-FRO,52.79200875790483,69
2022-04-18 22:15:00,DFL-FRO,52.557379958497826,69
2022-04-18 22:30:00,DFL-FRO,36.038866657917346,69
2022-04-18 22:45:00,DFL-FRO,55.34906007908769,69
2022-04-18 23:00:00,DFL-FRO,31.51650542376395,69
2022-04-18 23:15:00,DFL-FRO,51.21820790772985,69
2022-04-18 23:30:00,DFL-FRO,60.52640625576617,69
2022-04-18 23:45:00,DFL-FRO,58.07169504695889,69
2022-04-18 00:00:00,CVaR-DFL-FRO,56.713287305105496,69
2022-04-18 00:15:00,CVaR-DFL-FRO,45.90886335370644,69
2022-04-18 00:30:00,CVaR-DFL-FRO,58.390868113910486,69
2022-04-18 00:45:00,CVaR-DFL-FRO,59.23198086139881,69
2022-04-18 01:00:00,CVaR-DFL-FRO,44.32304707297512,69
2022-04-18 01:15:00,CVaR-DFL-FRO,63.11021366907292,69
2022-04-18 01:30:00,CVaR-DFL-FRO,62.99104980723272,69
2022-04-18 01:45:00,CVaR-DFL-FRO,55.34564186527841,69
2022-04-18 02:00:00,CVaR-DFL-FRO,121.07440888456617,69
2022-04-18 02:15:00,CVaR-DFL-FRO,55.77443129825475,69
2022-04-18 02:30:00,CVaR-DFL-FRO,53.484985730003984,69
2022-04-18 02:45:00,CVaR-DFL-FRO,51.21776502129447,69
2022-04-18 03:00:00,CVaR-DFL-FRO,43.38513472153727,69
2022-04-18 03:15:00,CVaR-DFL-FRO,71.6228226793368,69
2022-04-18 03:30:00,CVaR-DFL-FRO,47.28788422333775,69
2022-04-18 03:45:00,CVaR-DFL-FRO,49.011105883501415,69
2022-04-18 04:00:00,CVaR-DFL-FRO,49.453608481237346,69
2022-04-18 04:15:00,CVaR-DFL-FRO,43.20169316827256,69
2022-04-18 04:30:00,CVaR-DFL-FRO,34.26328506528176,69
2022-04-18 04:45:00,CVaR-DFL-FRO,50.593267259307545,69
2022-04-18 05:00:00,CVaR-DFL-FRO,75.80206267832506,69
2022-04-18 05:15:00,CVaR-DFL-FRO,61.77418580631125,69
2022-04-18 05:30:00,CVaR-DFL-FRO,93.32226007226646,69
2022-04-18 05:45:00,CVaR-DFL-FRO,73.04664314200262,69
2022-04-18 06:00:00,CVaR-DFL-FRO,68.1982585494184,69
2022-04-18 06:15:00,CVaR-DFL-FRO,102.87412587322824,69
2022-04-18 06:30:00,CVaR-DFL-FRO,56.514328252142704,69
2022-04-18 06:45:00,CVaR-DFL-FRO,59.32146296551882,69
2022-04-18 07:00:00,CVaR-DFL-FRO,57.99855686066894,69
2022-04-18 07:15:00,CVaR-DFL-FRO,92.84942361535349,69
2022-04-18 07:30:00,CVaR-DFL-FRO,58.2443956329653,69
2022-04-18 07:45:00,CVaR-DFL-FRO,47.83426851421217,69
2022-04-18 08:00:00,CVaR-DFL-FRO,69.52563394809184,69
2022-04-18 08:15:00,CVaR-DFL-FRO,45.46383075668027,69
2022-04-18 08:30:00,CVaR-DFL-FRO,68.39470459041728,69
2022-04-18 08:45:00,CVaR-DFL-FRO,65.96337444478125,69
2022-04-18 09:00:00,CVaR-DFL-FRO,54.95862648927972,69
2022-04-18 09:15:00,CVaR-DFL-FRO,69.06722449279108,69
2022-04-18 09:30:00,CVaR-DFL-FRO,37.10445825991011,69
2022-04-18 09:45:00,CVaR-DFL-FRO,61.14163697043995,69
2022-04-18 10:00:00,CVaR-DFL-FRO,50.5959382440067,69
2022-04-18 10:15:00,CVaR-DFL-FRO,138.36580841642026,69
2022-04-18 10:30:00,CVaR-DFL-FRO,61.0097498358426,69
2022-04-18 10:45:00,CVaR-DFL-FRO,48.59112299278904,69
2022-04-18 11:00:00,CVaR-DFL-FRO,38.354205093995006,69
2022-04-18 11:15:00,CVaR-DFL-FRO,86.38845356221691,69
2022-04-18 11:30:00,CVaR-DFL-FRO,52.35146900354201,69
2022-04-18 11:45:00,CVaR-DFL-FRO,45.80774744928382,69
2022-04-18 12:00:00,CVaR-DFL-FRO,64.43380546408389,69
2022-04-18 12:15:00,CVaR-DFL-FRO,70.84309509321317,69
2022-04-18 12:30:00,CVaR-DFL-FRO,70.5059660404339,69
2022-04-18 12:45:00,CVaR-DFL-FRO,58.54891598300916,69
2022-04-18 13:00:00,CVaR-DFL-FRO,61.071898164106,69
2022-04-18 13:15:00,CVaR-DFL-FRO,62.4329133163062,69
2022-04-18 13:30:00,CVaR-DFL-FRO,64.43569753887573,69
2022-04-18 13:45:00,CVaR-DFL-FRO,66.1841651193881,69
2022-04-18 14:00:00,CVaR-DFL-FRO,81.0468504801416,69
2022-04-18 14:15:00,CVaR-DFL-FRO,59.20203203880117,69
2022-04-18 14:30:00,CVaR-DFL-FRO,45.45635579307292,69
2022-04-18 14:45:00,CVaR-DFL-FRO,55.713893523831615,69
2022-04-18 15:00:00,CVaR-DFL-FRO,73.10909493253706,69
2022-04-18 15:15:00,CVaR-DFL-FRO,33.897801295846705,69
2022-04-18 15:30:00,CVaR-DFL-FRO,33.957090521043675,69
2022-04-18 15:45:00,CVaR-DFL-FRO,76.83981388258292,69
2022-04-18 16:00:00,CVaR-DFL-FRO,92.18701290925343,69
2022-04-18 16:15:00,CVaR-DFL-FRO,39.68941492718418,69
2022-04-18 16:30:00,CVaR-DFL-FRO,59.99625001372514,69
2022-04-18 16:45:00,CVaR-DFL-FRO,51.57305756174693,69
2022-04-18 17:00:00,CVaR-DFL-FRO,53.78364247570502,69
2022-04-18 17:15:00,CVaR-DFL-FRO,63.83675453817586,69
2022-04-18 17:30:00,CVaR-DFL-FRO,39.35852345631272,69
2022-04-18 17:45:00,CVaR-DFL-FRO,41.63262622459354,69
2022-04-18 18:00:00,CVaR-DFL-FRO,53.12987955243164,69
2022-04-18 18:15:00,CVaR-DFL-FRO,55.69562536489216,69
2022-04-18 18:30:00,CVaR-DFL-FRO,41.397266171354794,69
2022-04-18 18:45:00,CVaR-DFL-FRO,73.90679325285943,69
2022-04-18 19:00:00,CVaR-DFL-FRO,51.29270139060876,69
2022-04-18 19:15:00,CVaR-DFL-FRO,51.22668413060253,69
2022-04-18 19:30:00,CVaR-DFL-FRO,63.396511404143034,69
2022-04-18 19:45:00,CVaR-DFL-FRO,55.97381553127159,69
2022-04-18 20:00:00,CVaR-DFL-FRO,74.9840977244176,69
2022-04-18 20:15:00,CVaR-DFL-FRO,43.88041149993242,69
2022-04-18 20:30:00,CVaR-DFL-FRO,38.133372051085985,69
2022-04-18 20:45:00,CVaR-DFL-FRO,52.99283311446449,69
2022-04-18 21:00:00,CVaR-DFL-FRO,59.27052018766593,69
2022-04-18 21:15:00,CVaR-DFL-FRO,39.984040827923046,69
2022-04-18 21:30:00,CVaR-DFL-FRO,38.24467758805433,69
2022-04-18 21:45:00,CVaR-DFL-FRO,61.50037913473802,69
2022-04-18 22:00:00,CVaR-DFL-FRO,46.27540997335357,69
2022-04-18 22:15:00,CVaR-DFL-FRO,37.50262767166444,69
2022-04-18 22:30:00,CVaR-DFL-FRO,77.9418534299603,69
2022-04-18 22:45:00,CVaR-DFL-FRO,48.07341623668198,69
2022-04-18 23:00:00,CVaR-DFL-FRO,82.41577897971496,69
2022-04-18 23:15:00,CVaR-DFL-FRO,58.703598805125274,69
2022-04-18 23:30:00,CVaR-DFL-FRO,63.62903331694166,69
2022-04-18 23:45:00,CVaR-DFL-FRO,54.592412361298045,69
2022-04-18 09:30:00,CVaR-DFL-RTRO,103.33997398156559,69
2022-04-18 15:15:00,CVaR-DFL-RTRO,59.964657528806846,69
2022-04-18 15:30:00,CVaR-DFL-RTRO,93.1111679438054,69
2022-04-18 16:30:00,CVaR-DFL-RTRO,34.41265394813005,69
2022-04-18 16:45:00,CVaR-DFL-RTRO,68.95912953299937,69
2022-04-18 17:00:00,CVaR-DFL-RTRO,53.764108675588446,69
2022-04-18 17:15:00,CVaR-DFL-RTRO,75.89040345583547,69
2022-04-18 18:30:00,CVaR-DFL-RTRO,70.23716276337994,69
2022-04-18 20:15:00,CVaR-DFL-RTRO,71.28907991475825,69
2022-04-18 21:15:00,CVaR-DFL-RTRO,46.25781164393652,69
2022-04-19 00:00:00,LSTM-FRO,40.452316682581994,69
2022-04-19 00:15:00,LSTM-FRO,47.927798626685934,69
2022-04-19 00:30:00,LSTM-FRO,54.25559756700701,69
2022-04-19 00:45:00,LSTM-FRO,43.95333600423752,69
2022-04-19 01:00:00,LSTM-FRO,30.722115168354527,69
2022-04-19 01:15:00,LSTM-FRO,43.482546803557106,69
2022-04-19 01:30:00,LSTM-FRO,81.5191226692158,69
2022-04-19 01:45:00,LSTM-FRO,63.97972444439301,69
2022-04-19 02:00:00,LSTM-FRO,20.058635997555502,69
2022-04-19 02:15:00,LSTM-FRO,43.00234786120672,69
2022-04-19 02:30:00,LSTM-FRO,53.482384389918835,69
2022-04-19 02:45:00,LSTM-FRO,40.43038786444043,69
2022-04-19 03:00:00,LSTM-FRO,37.707228962089545,69
2022-04-19 03:15:00,LSTM-FRO,39.58041217219022,69
2022-04-19 03:30:00,LSTM-FRO,48.61706975401727,69
2022-04-19 03:45:00,LSTM-FRO,31.722973927119654,69
2022-04-19 04:00:00,LSTM-FRO,57.040494728135315,69
2022-04-19 04:15:00,LSTM-FRO,41.733183080626645,69
2022-04-19 04:30:00,LSTM-FRO,33.469164643626655,69
2022-04-19 04:45:00,LSTM-FRO,56.1266034455653,69
2022-04-19 05:00:00,LSTM-FRO,28.716256411746265,69
2022-04-19 05:15:00,LSTM-FRO,36.81749381294333,69
2022-04-19 05:30:00,LSTM-FRO,36.66562772439456,69
2022-04-19 05:45:00,LSTM-FRO,72.49867127835756,69
2022-04-19 06:00:00,LSTM-FRO,35.63703608561894,69
2022-04-19 06:15:00,LSTM-FRO,24.639986268209483,69
2022-04-19 06:30:00,LSTM-FRO,36.5724119303456,69
2022-04-19 06:45:00,LSTM-FRO,47.45179765259773,69
2022-04-19 07:00:00,LSTM-FRO,51.531312617581655,69
2022-04-19 07:15:00,LSTM-FRO,74.95257460790465,69
2022-04-19 07:30:00,LSTM-FRO,60.25229220498621,69
2022-04-19 07:45:00,LSTM-FRO,44.36847249624223,69
2022-04-19 08:00:00,LSTM-FRO,33.83758311861916,69
2022-04-19 08:15:00,LSTM-FRO,63.62769914539388,69
2022-04-19 08:30:00,LSTM-FRO,38.58365945457556,69
2022-04-19 08:45:00,LSTM-FRO,35.87817807969677,69
2022-04-19 09:00:00,LSTM-FRO,38.11663660137169,69
2022-04-19 09:15:00,LSTM-FRO,30.906873756453606,69
2022-04-19 09:30:00,LSTM-FRO,37.66059817382985,69
2022-04-19 09:45:00,LSTM-FRO,39.918246900668244,69
2022-04-19 10:00:00,LSTM-FRO,50.84476079531757,69
2022-04-19 10:15:00,LSTM-FRO,38.3950042962683,69
2022-04-19 10:30:00,LSTM-FRO,30.789387910591177,69
2022-04-19 10:45:00,LSTM-FRO,28.29661223483813,69
2022-04-19 11:00:00,LSTM-FRO,44.61024047535193,69
2022-04-19 11:15:00,LSTM-FRO,43.102674328838866,69
2022-04-19 11:30:00,LSTM-FRO,36.82578898227873,69
2022-04-19 11:45:00,LSTM-FRO,37.637571009723366,69
2022-04-19 12:00:00,LSTM-FRO,46.65960541388656,69
2022-04-19 12:15:00,LSTM-FRO,60.0054734272516,69
2022-04-19 12:30:00,LSTM-FRO,34.79610843403962,69
2022-04-19 12:45:00,LSTM-FRO,43.27915967450753,69
2022-04-19 13:00:00,LSTM-FRO,53.83464680461616,69
2022-04-19 13:15:00,LSTM-FRO,34.83133173427085,69
2022-04-19 13:30:00,LSTM-FRO,42.15818125892744,69
2022-04-19 13:45:00,LSTM-FRO,41.922162880924525,69
2022-04-19 14:00:00,LSTM-FRO,30.45242088223953,69
2022-04-19 14:15:00,LSTM-FRO,44.152651760014756,69
2022-04-19 14:30:00,LSTM-FRO,42.660439971762166,69
2022-04-19 14:45:00,LSTM-FRO,48.65241269648655,69
2022-04-19 15:00:00,LSTM-FRO,31.418505602827924,69
2022-04-19 15:15:00,LSTM-FRO,42.430015131582856,69
2022-04-19 15:30:00,LSTM-FRO,59.872875309370734,69
2022-04-19 15:45:00,LSTM-FRO,71.29944961644975,69
2022-04-19 16:00:00,LSTM-FRO,58.365017912269295,69
2022-04-19 16:15:00,LSTM-FRO,31.496014674082534,69
2022-04-19 16:30:00,LSTM-FRO,47.39825035239631,69
2022-04-19 16:45:00,LSTM-FRO,37.48961398233181,69
2022-04-19 17:00:00,LSTM-FRO,45.450483345079405,69
2022-04-19 17:15:00,LSTM-FRO,34.86542911518961,69
2022-04-19 17:30:00,LSTM-FRO,27.5279727193536,69
2022-04-19 17:45:00,LSTM-FRO,38.81727745394899,69
2022-04-19 18:00:00,LSTM-FRO,50.74206399847184,69
2022-04-19 18:15:00,LSTM-FRO,45.49727840699224,69
2022-04-19 18:30:00,LSTM-FRO,46.82930026576064,69
2022-04-19 18:45:00,LSTM-FRO,44.68624049829799,69
2022-04-19 19:00:00,LSTM-FRO,46.847873944814864,69
2022-04-19 19:15:00,LSTM-FRO,48.3410783347568,69
2022-04-19 19:30:00,LSTM-FRO,39.50380610675445,69
2022-04-19 19:45:00,LSTM-FRO,43.213886781115605,69
2022-04-19 20:00:00,LSTM-FRO,65.56097546626752,69
2022-04-19 20:15:00,LSTM-FRO,43.86025337352728,69
2022-04-19 20:30:00,LSTM-FRO,42.778609108700245,69
2022-04-19 20:45:00,LSTM-FRO,43.4313346448279,69
2022-04-19 21:00:00,LSTM-FRO,40.07085635460361,69
2022-04-19 21:15:00,LSTM-FRO,37.942099076556026,69
2022-04-19 21:30:00,LSTM-FRO,44.6002608239486,69
2022-04-19 21:45:00,LSTM-FRO,37.27781233233577,69
2022-04-19 22:00:00,LSTM-FRO,40.805749166505215,69
2022-04-19 22:15:00,LSTM-FRO,34.705640993557864,69
2022-04-19 22:30:00,LSTM-FRO,43.48727357226854,69
2022-04-19 22:45:00,LSTM-FRO,49.009264374600924,69
2022-04-19 23:00:00,LSTM-FRO,40.13119427099821,69
2022-04-19 23:15:00,LSTM-FRO,25.563606719753647,69
2022-04-19 23:30:00,LSTM-FRO,49.085315794174555,69
2022-04-19 23:45:00,LSTM-FRO,43.620359492908534,69
2022-04-19 00:00:00,Transformer-FRO,54.47548864749408,69
2022-04-19 00:15:00,Transformer-FRO,31.063610737735097,69
2022-04-19 00:30:00,Transformer-FRO,58.44813497232867,69
2022-04-19 00:45:00,Transformer-FRO,43.94350381713789,69
2022-04-19 01:00:00,Transformer-FRO,24.801295225692186,69
2022-04-19 01:15:00,Transformer-FRO,46.705790267883856,69
2022-04-19 01:30:00,Transformer-FRO,40.15232151652237,69
2022-04-19 01:45:00,Transformer-FRO,38.61776933631681,69
2022-04-19 02:00:00,Transformer-FRO,36.852682844756536,69
2022-04-19 02:15:00,Transformer-FRO,43.156720957151826,69
2022-04-19 02:30:00,Transformer-FRO,39.34023120987803,69
2022-04-19 02:45:00,Transformer-FRO,27.591446162029,69
2022-04-19 03:00:00,Transformer-FRO,61.9771615845338,69
2022-04-19 03:15:00,Transformer-FRO,41.86872646040758,69
2022-04-19 03:30:00,Transformer-FRO,36.907921747171294,69
2022-04-19 03:45:00,Transformer-FRO,33.31052943467502,69
2022-04-19 04:00:00,Transformer-FRO,54.43973698105788,69
2022-04-19 04:15:00,Transformer-FRO,31.877503132690993,69
2022-04-19 04:30:00,Transformer-FRO,46.173171050607245,69
2022-04-19 04:45:00,Transformer-FRO,38.35100418668529,69
2022-04-19 05:00:00,Transformer-FRO,38.93298594751358,69
2022-04-19 05:15:00,Transformer-FRO,33.525445363000955,69
2022-04-19 05:30:00,Transformer-FRO,37.98896887968536,69
2022-04-19 05:45:00,Transformer-FRO,44.70217468506209,69
2022-04-19 06:00:00,Transformer-FRO,47.399270115466294,69
2022-04-19 06:15:00,Transformer-FRO,36.399228828445715,69
2022-04-19 06:30:00,Transformer-FRO,43.563621119703136,69
2022-04-19 06:45:00,Transformer-FRO,56.122875589965574,69
2022-04-19 07:00:00,Transformer-FRO,29.01173153300312,69
2022-04-19 07:15:00,Transformer-FRO,44.52813884583385,69
2022-04-19 07:30:00,Transformer-FRO,34.87675124796727,69
2022-04-19 07:45:00,Transformer-FRO,33.96952287993991,69
2022-04-19 08:00:00,Transformer-FRO,47.715390938404106,69
2022-04-19 08:15:00,Transformer-FRO,38.73378894427653,69
2022-04-19 08:30:00,Transformer-FRO,32.55770356419039,69
2022-04-19 08:45:00,Transformer-FRO,62.81987843067491,69
2022-04-19 09:00:00,Transformer-FRO,56.58398403796946,69
2022-04-19 09:15:00,Transformer-FRO,27.05705089723978,69
2022-04-19 09:30:00,Transformer-FRO,30.45891534073909,69
2022-04-19 09:45:00,Transformer-FRO,51.99989918596735,69
2022-04-19 10:00:00,Transformer-FRO,41.43225007867857,69
2022-04-19 10:15:00,Transformer-FRO,65.75066135922434,69
2022-04-19 10:30:00,Transformer-FRO,52.30853589670775,69
2022-04-19 10:45:00,Transformer-FRO,48.19234645858423,69
2022-04-19 11:00:00,Transformer-FRO,34.24141170810068,69
2022-04-19 11:15:00,Transformer-FRO,50.64572968450136,69
2022-04-19 11:30:00,Transformer-FRO,32.06495411745735,69
2022-04-19 11:45:00,Transformer-FRO,62.51128922852935,69
2022-04-19 12:00:00,Transformer-FRO,49.74599105988415,69
2022-04-19 12:15:00,Transformer-FRO,36.03168062866922,69
2022-04-19 12:30:00,Transformer-FRO,54.919824668709374,69
2022-04-19 12:45:00,Transformer-FRO,79.64013191994079,69
2022-04-19 13:00:00,Transformer-FRO,42.15931542483586,69
2022-04-19 13:15:00,Transformer-FRO,51.424174631140964,69
2022-04-19 13:30:00,Transformer-FRO,39.886950132254725,69
2022-04-19 13:45:00,Transformer-FRO,45.595970437081824,69
2022-04-19 14:00:00,Transformer-FRO,30.20155103795014,69
2022-04-19 14:15:00,Transformer-FRO,44.59429102403572,69
2022-04-19 14:30:00,Transformer-FRO,45.105950532385464,69
2022-04-19 14:45:00,Transformer-FRO,71.02681824302769,69
2022-04-19 15:00:00,Transformer-FRO,28.03521264754509,69
2022-04-19 15:15:00,Transformer-FRO,41.475035165766464,69
2022-04-19 15:30:00,Transformer-FRO,62.23497559732952,69
2022-04-19 15:45:00,Transformer-FRO,41.89674249051112,69
2022-04-19 16:00:00,Transformer-FRO,42.666963975614145,69
2022-04-19 16:15:00,Transformer-FRO,35.953215805538036,69
2022-04-19 16:30:00,Transformer-FRO,35.04112527695124,69
2022-04-19 16:45:00,Transformer-FRO,27.812393355877283,69
2022-04-19 17:00:00,Transformer-FRO,37.901659706233886,69
2022-04-19 17:15:00,Transformer-FRO,34.530533159386096,69
2022-04-19 17:30:00,Transformer-FRO,45.98309412603009,69
2022-04-19 17:45:00,Transformer-FRO,36.379691697935066,69
2022-04-19 18:00:00,Transformer-FRO,39.39723146870601,69
2022-04-19 18:15:00,Transformer-FRO,39.677286280785324,69
2022-04-19 18:30:00,Transformer-FRO,44.04821267642976,69
2022-04-19 18:45:00,Transformer-FRO,38.901755023249876,69
2022-04-19 19:00:00,Transformer-FRO,33.88964483843626,69
2022-04-19 19:15:00,Transformer-FRO,45.60085587608031,69
2022-04-19 19:30:00,Transformer-FRO,58.782822738230635,69
2022-04-19 19:45:00,Transformer-FRO,46.10728068787266,69
2022-04-19 20:00:00,Transformer-FRO,38.092271464005435,69
2022-04-19 20:15:00,Transformer-FRO,43.20216971795845,69
2022-04-19 20:30:00,Transformer-FRO,26.241500417706913,69
2022-04-19 20:45:00,Transformer-FRO,43.02089723258561,69
2022-04-19 21:00:00,Transformer-FRO,40.21299777295106,69
2022-04-19 21:15:00,Transformer-FRO,35.033377073785466,69
2022-04-19 21:30:00,Transformer-FRO,36.71593725042147,69
2022-04-19 21:45:00,Transformer-FRO,40.110363933361526,69
2022-04-19 22:00:00,Transformer-FRO,57.653117211606066,69
2022-04-19 22:15:00,Transformer-FRO,59.1576922666631,69
2022-04-19 22:30:00,Transformer-FRO,35.081755114242156,69
2022-04-19 22:45:00,Transformer-FRO,39.006993783101194,69
2022-04-19 23:00:00,Transformer-FRO,39.26499203061194,69
2022-04-19 23:15:00,Transformer-FRO,54.98902005270162,69
2022-04-19 23:30:00,Transformer-FRO,46.31094821637586,69
2022-04-19 23:45:00,Transformer-FRO,45.68377071338567,69
2022-04-19 00:00:00,DFL-FRO,48.08131578743481,69
2022-04-19 00:15:00,DFL-FRO,83.638463580568,69
2022-04-19 00:30:00,DFL-FRO,56.87378547096856,69
2022-04-19 00:45:00,DFL-FRO,44.68367983708994,69
2022-04-19 01:00:00,DFL-FRO,53.32868423788819,69
2022-04-19 01:15:00,DFL-FRO,80.57891965146634,69
2022-04-19 01:30:00,DFL-FRO,50.4641160396487,69
2022-04-19 01:45:00,DFL-FRO,74.40272682709814,69
2022-04-19 02:00:00,DFL-FRO,47.69005278883636,69
2022-04-19 02:15:00,DFL-FRO,45.83717991859774,69
2022-04-19 02:30:00,DFL-FRO,68.55282749872364,69
2022-04-19 02:45:00,DFL-FRO,44.45635670026212,69
2022-04-19 03:00:00,DFL-FRO,71.78111842804215,69
2022-04-19 03:15:00,DFL-FRO,62.84241261535796,69
2022-04-19 03:30:00,DFL-FRO,44.4611105888216,69
2022-04-19 03:45:00,DFL-FRO,55.765256474947876,69
2022-04-19 04:00:00,DFL-FRO,48.73256326965592,69
2022-04-19 04:15:00,DFL-FRO,62.79540955563793,69
2022-04-19 04:30:00,DFL-FRO,96.97583355493161,69
2022-04-19 04:45:00,DFL-FRO,51.245932881077266,69
2022-04-19 05:00:00,DFL-FRO,66.15969276943012,69
2022-04-19 05:15:00,DFL-FRO,57.295926671930005,69
2022-04-19 05:30:00,DFL-FRO,57.28973068224748,69
2022-04-19 05:45:00,DFL-FRO,54.307998908202016,69
2022-04-19 06:00:00,DFL-FRO,44.66469204541189,69
2022-04-19 06:15:00,DFL-FRO,62.55050856783894,69
2022-04-19 06:30:00,DFL-FRO,52.44596753161629,69
2022-04-19 06:45:00,DFL-FRO,44.07099845675699,69
2022-04-19 07:00:00,DFL-FRO,75.77289898024026,69
2022-04-19 07:15:00,DFL-FRO,58.515321012119365,69
2022-04-19 07:30:00,DFL-FRO,53.351901982191606,69
2022-04-19 07:45:00,DFL-FRO,83.07748009337412,69
2022-04-19 08:00:00,DFL-FRO,33.87909010195827,69
2022-04-19 08:15:00,DFL-FRO,81.51487749869727,69
2022-04-19 08:30:00,DFL-FRO,44.378391227308384,69
2022-04-19 08:45:00,DFL-FRO,60.40466290312356,69
2022-04-19 09:00:00,DFL-FRO,48.19482686604653,69
2022-04-19 09:15:00,DFL-FRO,43.8450482789236,69
2022-04-19 09:30:00,DFL-FRO,82.4657414758235,69
2022-04-19 09:45:00,DFL-FRO,96.11475120038057,69
2022-04-19 10:00:00,DFL-FRO,53.455563716987356,69
2022-04-19 10:15:00,DFL-FRO,62.55642223678542,69
2022-04-19 10:30:00,DFL-FRO,57.82505600390765,69
2022-04-19 10:45:00,DFL-FRO,92.76236608299502,69
2022-04-19 11:00:00,DFL-FRO,31.329206115682922,69
2022-04-19 11:15:00,DFL-FRO,63.29655841294455,69
2022-04-19 11:30:00,DFL-FRO,46.33876754495278,69
2022-04-19 11:45:00,DFL-FRO,29.252867241334236,69
2022-04-19 12:00:00,DFL-FRO,51.3933941891316,69
2022-04-19 12:15:00,DFL-FRO,95.89330186988452,69
2022-04-19 12:30:00,DFL-FRO,47.27832138339225,69
2022-04-19 12:45:00,DFL-FRO,71.13986983279847,69
2022-04-19 13:00:00,DFL-FRO,79.82567413205749,69
2022-04-19 13:15:00,DFL-FRO,56.69814639826847,69
2022-04-19 13:30:00,DFL-FRO,58.87079916225374,69
2022-04-19 13:45:00,DFL-FRO,35.04476348739073,69
2022-04-19 14:00:00,DFL-FRO,46.482450700354335,69
2022-04-19 14:15:00,DFL-FRO,73.51400733224774,69
2022-04-19 14:30:00,DFL-FRO,57.88531143703708,69
2022-04-19 14:45:00,DFL-FRO,63.121940304737095,69
2022-04-19 15:00:00,DFL-FRO,59.08235799588704,69
2022-04-19 15:15:00,DFL-FRO,105.67546829306815,69
2022-04-19 15:30:00,DFL-FRO,50.38753339118977,69
2022-04-19 15:45:00,DFL-FRO,89.54240717840169,69
2022-04-19 16:00:00,DFL-FRO,59.08812549392157,69
2022-04-19 16:15:00,DFL-FRO,91.81606550086094,69
2022-04-19 16:30:00,DFL-FRO,40.26087743797063,69
2022-04-19 16:45:00,DFL-FRO,59.947849355487996,69
2022-04-19 17:00:00,DFL-FRO,50.914402523107164,69
2022-04-19 17:15:00,DFL-FRO,59.18781683469677,69
2022-04-19 17:30:00,DFL-FRO,80.36184246817389,69
2022-04-19 17:45:00,DFL-FRO,63.32670683673015,69
2022-04-19 18:00:00,DFL-FRO,80.31661097012451,69
2022-04-19 18:15:00,DFL-FRO,47.089477601631884,69
2022-04-19 18:30:00,DFL-FRO,45.103051782623695,69
2022-04-19 18:45:00,DFL-FRO,57.16120757298992,69
2022-04-19 19:00:00,DFL-FRO,56.284064048445245,69
2022-04-19 19:15:00,DFL-FRO,53.99214339566048,69
2022-04-19 19:30:00,DFL-FRO,43.40607024532734,69
2022-04-19 19:45:00,DFL-FRO,79.82520957203882,69
2022-04-19 20:00:00,DFL-FRO,51.35991968751315,69
2022-04-19 20:15:00,DFL-FRO,85.12042925668734,69
2022-04-19 20:30:00,DFL-FRO,57.10696547163546,69
2022-04-19 20:45:00,DFL-FRO,68.33694572287322,69
2022-04-19 21:00:00,DFL-FRO,66.60838352690507,69
2022-04-19 21:15:00,DFL-FRO,45.08470978384499,69
2022-04-19 21:30:00,DFL-FRO,63.11947105362185,69
2022-04-19 21:45:00,DFL-FRO,98.09233657197451,69
2022-04-19 22:00:00,DFL-FRO,61.092263970937,69
2022-04-19 22:15:00,DFL-FRO,73.39512381448533,69
2022-04-19 22:30:00,DFL-FRO,69.20787630601505,69
2022-04-19 22:45:00,DFL-FRO,62.05625835735357,69
2022-04-19 23:00:00,DFL-FRO,59.978780000044814,69
2022-04-19 23:15:00,DFL-FRO,66.41314787684233,69
2022-04-19 23:30:00,DFL-FRO,70.58985607874735,69
2022-04-19 23:45:00,DFL-FRO,38.84042267405066,69
2022-04-19 00:00:00,CVaR-DFL-FRO,57.81927717559098,69
2022-04-19 00:15:00,CVaR-DFL-FRO,54.30172105562969,69
2022-04-19 00:30:00,CVaR-DFL-FRO,90.4799050851255,69
2022-04-19 00:45:00,CVaR-DFL-FRO,48.96935235978747,69
2022-04-19 01:00:00,CVaR-DFL-FRO,40.08540373526875,69
2022-04-19 01:15:00,CVaR-DFL-FRO,77.77121398091349,69
2022-04-19 01:30:00,CVaR-DFL-FRO,39.775818986052485,69
2022-04-19 01:45:00,CVaR-DFL-FRO,34.113517506651306,69
2022-04-19 02:00:00,CVaR-DFL-FRO,80.4652355684872,69
2022-04-19 02:15:00,CVaR-DFL-FRO,64.13824042143463,69
2022-04-19 02:30:00,CVaR-DFL-FRO,70.53045816646232,69
2022-04-19 02:45:00,CVaR-DFL-FRO,53.47184535332561,69
2022-04-19 03:00:00,CVaR-DFL-FRO,40.21128617597103,69
2022-04-19 03:15:00,CVaR-DFL-FRO,42.70185570034795,69
2022-04-19 03:30:00,CVaR-DFL-FRO,56.298231894077645,69
2022-04-19 03:45:00,CVaR-DFL-FRO,41.597318961171425,69
2022-04-19 04:00:00,CVaR-DFL-FRO,67.08229041685021,69
2022-04-19 04:15:00,CVaR-DFL-FRO,53.148762427072306,69
2022-04-19 04:30:00,CVaR-DFL-FRO,64.6509198504915,69
2022-04-19 04:45:00,CVaR-DFL-FRO,64.06891907215712,69
2022-04-19 05:00:00,CVaR-DFL-FRO,68.72056091773227,69
2022-04-19 05:15:00,CVaR-DFL-FRO,71.10389390334905,69
2022-04-19 05:30:00,CVaR-DFL-FRO,55.08986981218243,69
2022-04-19 05:45:00,CVaR-DFL-FRO,64.6300559675097,69
2022-04-19 06:00:00,CVaR-DFL-FRO,65.65571060364654,69
2022-04-19 06:15:00,CVaR-DFL-FRO,29.315775335328585,69
2022-04-19 06:30:00,CVaR-DFL-FRO,74.33871592119344,69
2022-04-19 06:45:00,CVaR-DFL-FRO,63.96808222604894,69
2022-04-19 07:00:00,CVaR-DFL-FRO,72.50659084322783,69
2022-04-19 07:15:00,CVaR-DFL-FRO,41.41596725417754,69
2022-04-19 07:30:00,CVaR-DFL-FRO,55.56070209203186,69
2022-04-19 07:45:00,CVaR-DFL-FRO,43.93719630531413,69
2022-04-19 08:00:00,CVaR-DFL-FRO,76.57770040177144,69
2022-04-19 08:15:00,CVaR-DFL-FRO,39.96010213253158,69
2022-04-19 08:30:00,CVaR-DFL-FRO,46.156650423471156,69
2022-04-19 08:45:00,CVaR-DFL-FRO,71.85720201436726,69
2022-04-19 09:00:00,CVaR-DFL-FRO,50.53125665429882,69
2022-04-19 09:15:00,CVaR-DFL-FRO,46.16033915222073,69
2022-04-19 09:30:00,CVaR-DFL-FRO,80.42755079209601,69
2022-04-19 09:45:00,CVaR-DFL-FRO,81.43128511746316,69
2022-04-19 10:00:00,CVaR-DFL-FRO,76.05746129020736,69
2022-04-19 10:15:00,CVaR-DFL-FRO,79.02823566632914,69
2022-04-19 10:30:00,CVaR-DFL-FRO,56.994232872782995,69
2022-04-19 10:45:00,CVaR-DFL-FRO,57.46149857373097,69
2022-04-19 11:00:00,CVaR-DFL-FRO,50.24605946446897,69
2022-04-19 11:15:00,CVaR-DFL-FRO,64.31326557101389,69
2022-04-19 11:30:00,CVaR-DFL-FRO,52.10677614377839,69
2022-04-19 11:45:00,CVaR-DFL-FRO,53.62351374320368,69
2022-04-19 12:00:00,CVaR-DFL-FRO,73.29737617201033,69
2022-04-19 12:15:00,CVaR-DFL-FRO,87.48039369145557,69
2022-04-19 12:30:00,CVaR-DFL-FRO,68.9592685915787,69
2022-04-19 12:45:00,CVaR-DFL-FRO,105.20494893850889,69
2022-04-19 13:00:00,CVaR-DFL-FRO,49.38045270612022,69
2022-04-19 13:15:00,CVaR-DFL-FRO,35.054879009177235,69
2022-04-19 13:30:00,CVaR-DFL-FRO,75.88636762257609,69
2022-04-19 13:45:00,CVaR-DFL-FRO,48.39949142687719,69
2022-04-19 14:00:00,CVaR-DFL-FRO,56.272630168833636,69
2022-04-19 14:15:00,CVaR-DFL-FRO,35.78550640522697,69
2022-04-19 14:30:00,CVaR-DFL-FRO,46.569688693717765,69
2022-04-19 14:45:00,CVaR-DFL-FRO,38.80307063321977,69
2022-04-19 15:00:00,CVaR-DFL-FRO,53.603446891876835,69
2022-04-19 15:15:00,CVaR-DFL-FRO,54.25204976988083,69
2022-04-19 15:30:00,CVaR-DFL-FRO,62.817644313955824,69
2022-04-19 15:45:00,CVaR-DFL-FRO,88.95327481877852,69
2022-04-19 16:00:00,CVaR-DFL-FRO,75.02518842522342,69
2022-04-19 16:15:00,CVaR-DFL-FRO,37.42015056628681,69
2022-04-19 16:30:00,CVaR-DFL-FRO,73.47756408838075,69
2022-04-19 16:45:00,CVaR-DFL-FRO,63.23324124205748,69
2022-04-19 17:00:00,CVaR-DFL-FRO,59.348016754866556,69
2022-04-19 17:15:00,CVaR-DFL-FRO,60.71248138035593,69
2022-04-19 17:30:00,CVaR-DFL-FRO,65.03380825418348,69
2022-04-19 17:45:00,CVaR-DFL-FRO,49.58449639269189,69
2022-04-19 18:00:00,CVaR-DFL-FRO,57.849497537458774,69
2022-04-19 18:15:00,CVaR-DFL-FRO,87.46451093306999,69
2022-04-19 18:30:00,CVaR-DFL-FRO,49.40450988894292,69
2022-04-19 18:45:00,CVaR-DFL-FRO,44.764332325428136,69
2022-04-19 19:00:00,CVaR-DFL-FRO,60.000145737882406,69
2022-04-19 19:15:00,CVaR-DFL-FRO,43.42130061622752,69
2022-04-19 19:30:00,CVaR-DFL-FRO,36.29817480407762,69
2022-04-19 19:45:00,CVaR-DFL-FRO,55.080426682787596,69
2022-04-19 20:00:00,CVaR-DFL-FRO,94.75704988062125,69
2022-04-19 20:15:00,CVaR-DFL-FRO,60.42102696669622,69
2022-04-19 20:30:00,CVaR-DFL-FRO,64.52469993290592,69
2022-04-19 20:45:00,CVaR-DFL-FRO,32.08902087346311,69
2022-04-19 21:00:00,CVaR-DFL-FRO,69.79607340142542,69
2022-04-19 21:15:00,CVaR-DFL-FRO,62.88240258376205,69
2022-04-19 21:30:00,CVaR-DFL-FRO,49.990796648311004,69
2022-04-19 21:45:00,CVaR-DFL-FRO,64.55347073866594,69
2022-04-19 22:00:00,CVaR-DFL-FRO,64.35983660487072,69
2022-04-19 22:15:00,CVaR-DFL-FRO,44.36521995448775,69
2022-04-19 22:30:00,CVaR-DFL-FRO,67.58755600442127,69
2022-04-19 22:45:00,CVaR-DFL-FRO,87.81442923210236,69
2022-04-19 23:00:00,CVaR-DFL-FRO,57.056998883436755,69
2022-04-19 23:15:00,CVaR-DFL-FRO,47.01730415430229,69
2022-04-19 23:30:00,CVaR-DFL-FRO,57.93306140252751,69
2022-04-19 23:45:00,CVaR-DFL-FRO,79.16952087071317,69
2022-04-19 05:00:00,CVaR-DFL-RTRO,47.657830823678616,69
2022-04-19 12:15:00,CVaR-DFL-RTRO,53.79244078532855,69
2022-04-19 14:30:00,CVaR-DFL-RTRO,54.80224338434651,69
2022-04-19 15:00:00,CVaR-DFL-RTRO,66.36514699582263,69
2022-04-19 18:15:00,CVaR-DFL-RTRO,128.05080003152617,69
2022-04-19 18:45:00,CVaR-DFL-RTRO,52.81479485646121,69
2022-04-19 19:30:00,CVaR-DFL-RTRO,52.117774599854286,69
2022-04-19 20:30:00,CVaR-DFL-RTRO,49.70480223357333,69
2022-04-19 20:45:00,CVaR-DFL-RTRO,85.02393316442989,69
2022-04-19 21:45:00,CVaR-DFL-RTRO,69.23346153247762,69
2022-04-19 22:00:00,CVaR-DFL-RTRO,53.41062057346341,69
2022-04-19 23:30:00,CVaR-DFL-RTRO,62.79758263414294,69
2022-04-20 00:00:00,LSTM-FRO,43.97577150576212,69
2022-04-20 00:15:00,LSTM-FRO,80.09746381190249,69
2022-04-20 00:30:00,LSTM-FRO,46.88263203739467,69
2022-04-20 00:45:00,LSTM-FRO,39.885563867583265,69
2022-04-20 01:00:00,LSTM-FRO,34.55052830247395,69
2022-04-20 01:15:00,LSTM-FRO,29.139980479315803,69
2022-04-20 01:30:00,LSTM-FRO,49.08452232953932,69
2022-04-20 01:45:00,LSTM-FRO,48.41953559909759,69
2022-04-20 02:00:00,LSTM-FRO,36.31926414565058,69
2022-04-20 02:15:00,LSTM-FRO,55.36533359494934,69
2022-04-20 02:30:00,LSTM-FRO,41.04450531089386,69
2022-04-20 02:45:00,LSTM-FRO,49.59322454296963,69
2022-04-20 03:00:00,LSTM-FRO,43.97914669485512,69
2022-04-20 03:15:00,LSTM-FRO,39.05184397906713,69
2022-04-20 03:30:00,LSTM-FRO,32.125305554924886,69
2022-04-20 03:45:00,LSTM-FRO,39.36286193419367,69
2022-04-20 04:00:00,LSTM-FRO,50.43809220627021,69
2022-04-20 04:15:00,LSTM-FRO,35.93802937697804,69
2022-04-20 04:30:00,LSTM-FRO,45.59285279948122,69
2022-04-20 04:45:00,LSTM-FRO,31.110589872884603,69
2022-04-20 05:00:00,LSTM-FRO,49.65922292899589,69
2022-04-20 05:15:00,LSTM-FRO,44.16440202520619,69
2022-04-20 05:30:00,LSTM-FRO,30.19210307281451,69
2022-04-20 05:45:00,LSTM-FRO,38.59495936116334,69
2022-04-20 06:00:00,LSTM-FRO,51.58274479194582,69
2022-04-20 06:15:00,LSTM-FRO,29.763736556713923,69
2022-04-20 06:30:00,LSTM-FRO,31.20277207810153,69
2022-04-20 06:45:00,LSTM-FRO,40.12147679650806,69
2022-04-20 07:00:00,LSTM-FRO,69.74945687953533,69
2022-04-20 07:15:00,LSTM-FRO,34.48464957657678,69
2022-04-20 07:30:00,LSTM-FRO,46.23290954359313,69
2022-04-20 07:45:00,LSTM-FRO,43.58280449103419,69
2022-04-20 08:00:00,LSTM-FRO,35.211235135666165,69
2022-04-20 08:15:00,LSTM-FRO,42.512969924246796,69
2022-04-20 08:30:00,LSTM-FRO,36.48619149697389,69
2022-04-20 08:45:00,LSTM-FRO,37.32020887839058,69
2022-04-20 09:00:00,LSTM-FRO,26.905012000078816,69
2022-04-20 09:15:00,LSTM-FRO,40.57790939788495,69
2022-04-20 09:30:00,LSTM-FRO,51.16556367736683,69
2022-04-20 09:45:00,LSTM-FRO,41.42043896996956,69
2022-04-20 10:00:00,LSTM-FRO,53.68423353511132,69
2022-04-20 10:15:00,LSTM-FRO,47.23068037912836,69
2022-04-20 10:30:00,LSTM-FRO,40.22187644933049,69
2022-04-20 10:45:00,LSTM-FRO,34.87338241161929,69
2022-04-20 11:00:00,LSTM-FRO,36.13589325345616,69
2022-04-20 11:15:00,LSTM-FRO,28.224808861433566,69
2022-04-20 11:30:00,LSTM-FRO,38.179961230606274,69
2022-04-20 11:45:00,LSTM-FRO,42.35175310106758,69
2022-04-20 12:00:00,LSTM-FRO,62.802670711410336,69
2022-04-20 12:15:00,LSTM-FRO,46.61805075498279,69
2022-04-20 12:30:00,LSTM-FRO,32.859646153831264,69
2022-04-20 12:45:00,LSTM-FRO,28.446333457226956,69
2022-04-20 13:00:00,LSTM-FRO,38.764522177312436,69
2022-04-20 13:15:00,LSTM-FRO,50.05606284363093,69
2022-04-20 13:30:00,LSTM-FRO,38.62789802846082,69
2022-04-20 13:45:00,LSTM-FRO,46.77823331964866,69
2022-04-20 14:00:00,LSTM-FRO,39.01275151646457,69
2022-04-20 14:15:00,LSTM-FRO,48.87930403674298,69
2022-04-20 14:30:00,LSTM-FRO,27.340869483630595,69
2022-04-20 14:45:00,LSTM-FRO,61.07314027794037,69
2022-04-20 15:00:00,LSTM-FRO,30.8791266466344,69
2022-04-20 15:15:00,LSTM-FRO,49.8299820209497,69
2022-04-20 15:30:00,LSTM-FRO,38.13106168892128,69
2022-04-20 15:45:00,LSTM-FRO,39.65753037851136,69
2022-04-20 16:00:00,LSTM-FRO,38.42975636912317,69
2022-04-20 16:15:00,LSTM-FRO,43.53326081936484,69
2022-04-20 16:30:00,LSTM-FRO,45.79684712913625,69
2022-04-20 16:45:00,LSTM-FRO,53.25274546870435,69
2022-04-20 17:00:00,LSTM-FRO,58.13743490738235,69
2022-04-20 17:15:00,LSTM-FRO,44.374224364499845,69
2022-04-20 17:30:00,LSTM-FRO,62.77513580678435,69
2022-04-20 17:45:00,LSTM-FRO,41.791715018244496,69
2022-04-20 18:00:00,LSTM-FRO,53.508414182244294,69
2022-04-20 18:15:00,LSTM-FRO,45.466876603812246,69
2022-04-20 18:30:00,LSTM-FRO,35.56940850415828,69
2022-04-20 18:45:00,LSTM-FRO,42.72803702417752,69
2022-04-20 19:00:00,LSTM-FRO,46.32466569168318,69
2022-04-20 19:15:00,LSTM-FRO,40.49891843806025,69
2022-04-20 19:30:00,LSTM-FRO,45.28617452161696,69
2022-04-20 19:45:00,LSTM-FRO,50.7341373605605,69
2022-04-20 20:00:00,LSTM-FRO,40.58874022823443,69
2022-04-20 20:15:00,LSTM-FRO,19.498250178044795,69
2022-04-20 20:30:00,LSTM-FRO,62.219672399591886,69
2022-04-20 20:45:00,LSTM-FRO,37.888624987646885,69
2022-04-20 21:00:00,LSTM-FRO,33.20438749956872,69
2022-04-20 21:15:00,LSTM-FRO,30.789127943270653,69
2022-04-20 21:30:00,LSTM-FRO,37.52085486430312,69
2022-04-20 21:45:00,LSTM-FRO,35.448681953734884,69
2022-04-20 22:00:00,LSTM-FRO,33.9313522331405,69
2022-04-20 22:15:00,LSTM-FRO,34.40208966632053,69
2022-04-20 22:30:00,LSTM-FRO,46.634701247973055,69
2022-04-20 22:45:00,LSTM-FRO,67.96961218474563,69
2022-04-20 23:00:00,LSTM-FRO,50.166856591753984,69
2022-04-20 23:15:00,LSTM-FRO,54.11845935695064,69
2022-04-20 23:30:00,LSTM-FRO,37.13698127991001,69
2022-04-20 23:45:00,LSTM-FRO,41.914569229524794,69
2022-04-20 00:00:00,Transformer-FRO,40.714315865119865,69
2022-04-20 00:15:00,Transformer-FRO,43.25270829952701,69
2022-04-20 00:30:00,Transformer-FRO,60.232230889917375,69
2022-04-20 00:45:00,Transformer-FRO,64.01916425494929,69
2022-04-20 01:00:00,Transformer-FRO,49.13696886964807,69
2022-04-20 01:15:00,Transformer-FRO,35.44725586604169,69
2022-04-20 01:30:00,Transformer-FRO,44.7333967165479,69
2022-04-20 01:45:00,Transformer-FRO,33.26056324876395,69
2022-04-20 02:00:00,Transformer-FRO,49.23610204478452,69
2022-04-20 02:15:00,Transformer-FRO,51.5852842300257,69
2022-04-20 02:30:00,Transformer-FRO,45.02221449520861,69
2022-04-20 02:45:00,Transformer-FRO,51.40292129510643,69
2022-04-20 03:00:00,Transformer-FRO,53.78573522245246,69
2022-04-20 03:15:00,Transformer-FRO,51.60475391297313,69
2022-04-20 03:30:00,Transformer-FRO,35.38887206003496,69
2022-04-20 03:45:00,Transformer-FRO,45.225834996996696,69
2022-04-20 04:00:00,Transformer-FRO,53.68763169886006,69
2022-04-20 04:15:00,Transformer-FRO,72.63981081095147,69
2022-04-20 04:30:00,Transformer-FRO,45.008064095971,69
2022-04-20 04:45:00,Transformer-FRO,55.681719288349214,69
2022-04-20 05:00:00,Transformer-FRO,60.601023698174,69
2022-04-20 05:15:00,Transformer-FRO,45.89323323457932,69
2022-04-20 05:30:00,Transformer-FRO,64.98874169909459,69
2022-04-20 05:45:00,Transformer-FRO,65.89883518125721,69
2022-04-20 06:00:00,Transformer-FRO,69.00751465006019,69
2022-04-20 06:15:00,Transformer-FRO,54.36661950887636,69
2022-04-20 06:30:00,Transformer-FRO,88.91052648786918,69
2022-04-20 06:45:00,Transformer-FRO,41.18324673211517,69
2022-04-20 07:00:00,Transformer-FRO,83.64429246700156,69
2022-04-20 07:15:00,Transformer-FRO,58.90336474484143,69
2022-04-20 07:30:00,Transformer-FRO,68.29728339134924,69
2022-04-20 07:45:00,Transformer-FRO,44.45144191252758,69
2022-04-20 08:00:00,Transformer-FRO,60.07543975404387,69
2022-04-20 08:15:00,Transformer-FRO,69.84411741701764,69
2022-04-20 08:30:00,Transformer-FRO,36.44951561908389,69
2022-04-20 08:45:00,Transformer-FRO,46.29024124118899,69
2022-04-20 09:00:00,Transformer-FRO,27.752784106600974,69
2022-04-20 09:15:00,Transformer-FRO,46.11091325192936,69
2022-04-20 09:30:00,Transformer-FRO,39.099651682212865,69
2022-04-20 09:45:00,Transformer-FRO,45.642978218817646,69
2022-04-20 10:00:00,Transformer-FRO,102.86141887237116,69
2022-04-20 10:15:00,Transformer-FRO,75.30070612641802,69
2022-04-20 10:30:00,Transformer-FRO,33.27677163355505,69
2022-04-20 10:45:00,Transformer-FRO,55.75230741974914,69
2022-04-20 11:00:00,Transformer-FRO,59.371905644446436,69
2022-04-20 11:15:00,Transformer-FRO,44.24657843563394,69
2022-04-20 11:30:00,Transformer-FRO,50.56681444891199,69
2022-04-20 11:45:00,Transformer-FRO,51.8605959119577,69
2022-04-20 12:00:00,Transformer-FRO,34.08549347341447,69
2022-04-20 12:15:00,Transformer-FRO,36.98159173287695,69
2022-04-20 12:30:00,Transformer-FRO,50.48825786343453,69
2022-04-20 12:45:00,Transformer-FRO,49.545257730617834,69
2022-04-20 13:00:00,Transformer-FRO,40.20151040268281,69
2022-04-20 13:15:00,Transformer-FRO,39.31903436772083,69
2022-04-20 13:30:00,Transformer-FRO,47.1792542667334,69
2022-04-20 13:45:00,Transformer-FRO,60.72653516367197,69
2022-04-20 14:00:00,Transformer-FRO,47.341754029977295,69
2022-04-20 14:15:00,Transformer-FRO,73.47158670652725,69
2022-04-20 14:30:00,Transformer-FRO,40.334224703147214,69
2022-04-20 14:45:00,Transformer-FRO,50.760786705591926,69
2022-04-20 15:00:00,Transformer-FRO,44.05930546008601,69
2022-04-20 15:15:00,Transformer-FRO,56.21891442789891,69
2022-04-20 15:30:00,Transformer-FRO,39.4493056968292,69
2022-04-20 15:45:00,Transformer-FRO,79.49558805946765,69
2022-04-20 16:00:00,Transformer-FRO,31.183691863346468,69
2022-04-20 16:15:00,Transformer-FRO,75.2554701594128,69
2022-04-20 16:30:00,Transformer-FRO,49.4247634236191,69
2022-04-20 16:45:00,Transformer-FRO,55.70454253902995,69
2022-04-20 17:00:00,Transformer-FRO,68.1938006238455,69
2022-04-20 17:15:00,Transformer-FRO,60.280694468615756,69
2022-04-20 17:30:00,Transformer-FRO,39.978939856015984,69
2022-04-20 17:45:00,Transformer-FRO,56.39555521843798,69
2022-04-20 18:00:00,Transformer-FRO,78.27295229960798,69
2022-04-20 18:15:00,Transformer-FRO,38.38535167844708,69
2022-04-20 18:30:00,Transformer-FRO,83.52216521874445,69
2022-04-20 18:45:00,Transformer-FRO,53.35345099111883,69
2022-04-20 19:00:00,Transformer-FRO,43.16890973762288,69
2022-04-20 19:15:00,Transformer-FRO,38.32585021960428,69
2022-04-20 19:30:00,Transformer-FRO,45.57786472792399,69
2022-04-20 19:45:00,Transformer-FRO,29.120396482447845,69
2022-04-20 20:00:00,Transformer-FRO,43.37017421919959,69
2022-04-20 20:15:00,Transformer-FRO,45.11294162158807,69
2022-04-20 20:30:00,Transformer-FRO,36.57176229735689,69
2022-04-20 20:45:00,Transformer-FRO,58.59255656744844,69
2022-04-20 21:00:00,Transformer-FRO,45.63119061478076,69
2022-04-20 21:15:00,Transformer-FRO,40.96533470641707,69
2022-04-20 21:30:00,Transformer-FRO,44.39059096158544,69
2022-04-20 21:45:00,Transformer-FRO,52.932906388181244,69
2022-04-20 22:00:00,Transformer-FRO,49.21087788325984,69
2022-04-20 22:15:00,Transformer-FRO,40.28048560755712,69
2022-04-20 22:30:00,Transformer-FRO,49.882807994330875,69
2022-04-20 22:45:00,Transformer-FRO,47.658853710783866,69
2022-04-20 23:00:00,Transformer-FRO,35.961572832991635,69
2022-04-20 23:15:00,Transformer-FRO,44.815474638167125,69
2022-04-20 23:30:00,Transformer-FRO,56.09367055749757,69
2022-04-20 23:45:00,Transformer-FRO,55.989304608613786,69
2022-04-20 00:00:00,DFL-FRO,65.49268425455276,69
2022-04-20 00:15:00,DFL-FRO,41.020031288152815,69
2022-04-20 00:30:00,DFL-FRO,41.38034940488034,69
2022-04-20 00:45:00,DFL-FRO,50.393056714770744,69
2022-04-20 01:00:00,DFL-FRO,82.57767238833834,69
2022-04-20 01:15:00,DFL-FRO,56.65127714016158,69
2022-04-20 01:30:00,DFL-FRO,50.05108776265761,69
2022-04-20 01:45:00,DFL-FRO,83.67094048923158,69
2022-04-20 02:00:00,DFL-FRO,49.887776101003986,69
2022-04-20 02:15:00,DFL-FRO,101.68942043456414,69
2022-04-20 02:30:00,DFL-FRO,46.82506545704797,69
2022-04-20 02:45:00,DFL-FRO,40.65360077691419,69
2022-04-20 03:00:00,DFL-FRO,51.61581393433942,69
2022-04-20 03:15:00,DFL-FRO,50.423958629938966,69
2022-04-20 03:30:00,DFL-FRO,43.06461590489145,69
2022-04-20 03:45:00,DFL-FRO,112.80222262764202,69
2022-04-20 04:00:00,DFL-FRO,59.19245533352133,69
2022-04-20 04:15:00,DFL-FRO,61.67752468279628,69
2022-04-20 04:30:00,DFL-FRO,47.48295611009767,69
2022-04-20 04:45:00,DFL-FRO,45.95535815616347,69
2022-04-20 05:00:00,DFL-FRO,72.27217845928348,69
2022-04-20 05:15:00,DFL-FRO,33.701243272840244,69
2022-04-20 05:30:00,DFL-FRO,39.17556710611166,69
2022-04-20 05:45:00,DFL-FRO,50.44925220474794,69
2022-04-20 06:00:00,DFL-FRO,79.23046125067013,69
2022-04-20 06:15:00,DFL-FRO,48.66902942117224,69
2022-04-20 06:30:00,DFL-FRO,60.84539863947516,69
2022-04-20 06:45:00,DFL-FRO,54.5240228240954,69
2022-04-20 07:00:00,DFL-FRO,78.01396605652499,69
2022-04-20 07:15:00,DFL-FRO,34.57972914798832,69
2022-04-20 07:30:00,DFL-FRO,66.5966619373286,69
2022-04-20 07:45:00,DFL-FRO,51.1436996237162,69
2022-04-20 08:00:00,DFL-FRO,70.2463099586557,69
2022-04-20 08:15:00,DFL-FRO,42.92422763022678,69
2022-04-20 08:30:00,DFL-FRO,54.47268471975169,69
2022-04-20 08:45:00,DFL-FRO,52.555066839176135,69
2022-04-20 09:00:00,DFL-FRO,40.76043694715472,69
2022-04-20 09:15:00,DFL-FRO,37.68296267061634,69
2022-04-20 09:30:00,DFL-FRO,45.919785760632855,69
2022-04-20 09:45:00,DFL-FRO,56.12068515420603,69
2022-04-20 10:00:00,DFL-FRO,43.68698974014963,69
2022-04-20 10:15:00,DFL-FRO,49.28373854644373,69
2022-04-20 10:30:00,DFL-FRO,31.761059940340907,69
2022-04-20 10:45:00,DFL-FRO,48.72220977112395,69
2022-04-20 11:00:00,DFL-FRO,72.23194620687748,69
2022-04-20 11:15:00,DFL-FRO,66.0202186762084,69
2022-04-20 11:30:00,DFL-FRO,52.786887666905756,69
2022-04-20 11:45:00,DFL-FRO,57.95232377318859,69
2022-04-20 12:00:00,DFL-FRO,42.815528294408445,69
2022-04-20 12:15:00,DFL-FRO,85.59009030827842,69
2022-04-20 12:30:00,DFL-FRO,97.00562204251266,69
2022-04-20 12:45:00,DFL-FRO,56.676433110602,69
2022-04-20 13:00:00,DFL-FRO,112.443190610582,69
2022-04-20 13:15:00,DFL-FRO,44.64398919552112,69
2022-04-20 13:30:00,DFL-FRO,37.99643150125898,69
2022-04-20 13:45:00,DFL-FRO,44.27433279308612,69
2022-04-20 14:00:00,DFL-FRO,50.847151092535576,69
2022-04-20 14:15:00,DFL-FRO,103.93472231294795,69
2022-04-20 14:30:00,DFL-FRO,49.96926636098187,69
2022-04-20 14:45:00,DFL-FRO,42.43758647932439,69
2022-04-20 15:00:00,DFL-FRO,41.9750772939282,69
2022-04-20 15:15:00,DFL-FRO,74.64660521757709,69
2022-04-20 15:30:00,DFL-FRO,71.69774363787191,69
2022-04-20 15:45:00,DFL-FRO,47.167553894201156,69
2022-04-20 16:00:00,DFL-FRO,31.851002453620133,69
2022-04-20 16:15:00,DFL-FRO,39.33377357432438,69
2022-04-20 16:30:00,DFL-FRO,87.96230128409917,69
2022-04-20 16:45:00,DFL-FRO,65.71566206846886,69
2022-04-20 17:00:00,DFL-FRO,55.10814406984497,69
2022-04-20 17:15:00,DFL-FRO,91.70612286939564,69
2022-04-20 17:30:00,DFL-FRO,94.05342424268679,69
2022-04-20 17:45:00,DFL-FRO,53.552408967806954,69
2022-04-20 18:00:00,DFL-FRO,53.83092185416073,69
2022-04-20 18:15:00,DFL-FRO,45.89858342734179,69
2022-04-20 18:30:00,DFL-FRO,49.920686487644275,69
2022-04-20 18:45:00,DFL-FRO,35.55412970399257,69
2022-04-20 19:00:00,DFL-FRO,35.51337309069037,69
2022-04-20 19:15:00,DFL-FRO,33.258589891133795,69
2022-04-20 19:30:00,DFL-FRO,73.48188938669934,69
2022-04-20 19:45:00,DFL-FRO,34.80822437978617,69
2022-04-20 20:00:00,DFL-FRO,93.83152503823678,69
2022-04-20 20:15:00,DFL-FRO,44.015591432296844,69
2022-04-20 20:30:00,DFL-FRO,88.36331155097996,69
2022-04-20 20:45:00,DFL-FRO,48.79926397992102,69
2022-04-20 21:00:00,DFL-FRO,34.76122299216942,69
2022-04-20 21:15:00,DFL-FRO,77.73950150995297,69
2022-04-20 21:30:00,DFL-FRO,80.37574717408246,69
2022-04-20 21:45:00,DFL-FRO,41.88517484530812,69
2022-04-20 22:00:00,DFL-FRO,49.26177063863732,69
2022-04-20 22:15:00,DFL-FRO,41.88819205789961,69
2022-04-20 22:30:00,DFL-FRO,52.28829151745486,69
2022-04-20 22:45:00,DFL-FRO,55.7714799116194,69
2022-04-20 23:00:00,DFL-FRO,48.98803811876573,69
2022-04-20 23:15:00,DFL-FRO,32.36688956916182,69
2022-04-20 23:30:00,DFL-FRO,45.913717630662845,69
2022-04-20 23:45:00,DFL-FRO,65.98924640888664,69
2022-04-20 00:00:00,CVaR-DFL-FRO,53.52563510654435,69
2022-04-20 00:15:00,CVaR-DFL-FRO,44.59464434856143,69
2022-04-20 00:30:00,CVaR-DFL-FRO,49.13901084624724,69
2022-04-20 00:45:00,CVaR-DFL-FRO,90.51604456441216,69
2022-04-20 01:00:00,CVaR-DFL-FRO,41.861977436345875,69
2022-04-20 01:15:00,CVaR-DFL-FRO,73.50299680030224,69
2022-04-20 01:30:00,CVaR-DFL-FRO,59.94749922695304,69
2022-04-20 01:45:00,CVaR-DFL-FRO,63.6438426181817,69
2022-04-20 02:00:00,CVaR-DFL-FRO,47.35385996270452,69
2022-04-20 02:15:00,CVaR-DFL-FRO,53.13295255930921,69
2022-04-20 02:30:00,CVaR-DFL-FRO,58.99786752944346,69
2022-04-20 02:45:00,CVaR-DFL-FRO,50.486078362631716,69
2022-04-20 03:00:00,CVaR-DFL-FRO,65.3338969433373,69
2022-04-20 03:15:00,CVaR-DFL-FRO,67.87284212130393,69
2022-04-20 03:30:00,CVaR-DFL-FRO,114.04714826582448,69
2022-04-20 03:45:00,CVaR-DFL-FRO,64.28986077599293,69
2022-04-20 04:00:00,CVaR-DFL-FRO,33.13727416764296,69
2022-04-20 04:15:00,CVaR-DFL-FRO,84.02531972480998,69
2022-04-20 04:30:00,CVaR-DFL-FRO,55.564714344402866,69
2022-04-20 04:45:00,CVaR-DFL-FRO,108.63194700930556,69
2022-04-20 05:00:00,CVaR-DFL-FRO,92.22939080961379,69
2022-04-20 05:15:00,CVaR-DFL-FRO,50.72185895117072,69
2022-04-20 05:30:00,CVaR-DFL-FRO,73.52701217044596,69
2022-04-20 05:45:00,CVaR-DFL-FRO,49.37890720894312,69
2022-04-20 06:00:00,CVaR-DFL-FRO,59.14819985185461,69
2022-04-20 06:15:00,CVaR-DFL-FRO,72.51255994416891,69
2022-04-20 06:30:00,CVaR-DFL-FRO,82.76326752904622,69
2022-04-20 06:45:00,CVaR-DFL-FRO,77.48527237153482,69
2022-04-20 07:00:00,CVaR-DFL-FRO,60.45631731841562,69
2022-04-20 07:15:00,CVaR-DFL-FRO,125.2890408762444,69
2022-04-20 07:30:00,CVaR-DFL-FRO,52.920482751948846,69
2022-04-20 07:45:00,CVaR-DFL-FRO,36.34123648267463,69
2022-04-20 08:00:00,CVaR-DFL-FRO,38.52074037934705,69
2022-04-20 08:15:00,CVaR-DFL-FRO,92.3154703447133,69
2022-04-20 08:30:00,CVaR-DFL-FRO,57.745169455465984,69
2022-04-20 08:45:00,CVaR-DFL-FRO,62.013795914879125,69
2022-04-20 09:00:00,CVaR-DFL-FRO,50.15331106649797,69
2022-04-20 09:15:00,CVaR-DFL-FRO,51.53499744320596,69
2022-04-20 09:30:00,CVaR-DFL-FRO,46.5760370414441,69
2022-04-20 09:45:00,CVaR-DFL-FRO,68.15500959883306,69
2022-04-20 10:00:00,CVaR-DFL-FRO,57.384170166067335,69
2022-04-20 10:15:00,CVaR-DFL-FRO,67.41370962560562,69
2022-04-20 10:30:00,CVaR-DFL-FRO,65.49235374456478,69
2022-04-20 10:45:00,CVaR-DFL-FRO,51.954950323565804,69
2022-04-20 11:00:00,CVaR-DFL-FRO,38.010961182624975,69
2022-04-20 11:15:00,CVaR-DFL-FRO,37.02268191256885,69
2022-04-20 11:30:00,CVaR-DFL-FRO,147.67055596081502,69
2022-04-20 11:45:00,CVaR-DFL-FRO,92.43189716597176,69
2022-04-20 12:00:00,CVaR-DFL-FRO,88.65223442758528,69
2022-04-20 12:15:00,CVaR-DFL-FRO,48.18853701688379,69
2022-04-20 12:30:00,CVaR-DFL-FRO,59.27035724556675,69
2022-04-20 12:45:00,CVaR-DFL-FRO,46.17939319572194,69
2022-04-20 13:00:00,CVaR-DFL-FRO,39.73549791084113,69
2022-04-20 13:15:00,CVaR-DFL-FRO,49.45638254824384,69
2022-04-20 13:30:00,CVaR-DFL-FRO,88.27757264181237,69
2022-04-20 13:45:00,CVaR-DFL-FRO,76.21895471085061,69
2022-04-20 14:00:00,CVaR-DFL-FRO,44.06790293802474,69
2022-04-20 14:15:00,CVaR-DFL-FRO,53.730479338236776,69
2022-04-20 14:30:00,CVaR-DFL-FRO,74.13507185362681,69
2022-04-20 14:45:00,CVaR-DFL-FRO,49.72348611502013,69
2022-04-20 15:00:00,CVaR-DFL-FRO,60.54045625350342,69
2022-04-20 15:15:00,CVaR-DFL-FRO,66.74077275654224,69
2022-04-20 15:30:00,CVaR-DFL-FRO,66.52068865221176,69
2022-04-20 15:45:00,CVaR-DFL-FRO,63.823849272563635,69
2022-04-20 16:00:00,CVaR-DFL-FRO,48.49436696442855,69
2022-04-20 16:15:00,CVaR-DFL-FRO,50.025239435736104,69
2022-04-20 16:30:00,CVaR-DFL-FRO,41.93965835197916,69
2022-04-20 16:45:00,CVaR-DFL-FRO,36.84904984603784,69
2022-04-20 17:00:00,CVaR-DFL-FRO,57.083398283524375,69
2022-04-20 17:15:00,CVaR-DFL-FRO,75.65637501013184,69
2022-04-20 17:30:00,CVaR-DFL-FRO,38.923963027511554,69
2022-04-20 17:45:00,CVaR-DFL-FRO,64.1884654126322,69
2022-04-20 18:00:00,CVaR-DFL-FRO,74.9358289100461,69
2022-04-20 18:15:00,CVaR-DFL-FRO,33.90304818981518,69
2022-04-20 18:30:00,CVaR-DFL-FRO,54.45443357784484,69
2022-04-20 18:45:00,CVaR-DFL-FRO,97.2528003222101,69
2022-04-20 19:00:00,CVaR-DFL-FRO,69.84152621781267,69
2022-04-20 19:15:00,CVaR-DFL-FRO,33.55887943888991,69
2022-04-20 19:30:00,CVaR-DFL-FRO,72.12645966063519,69
2022-04-20 19:45:00,CVaR-DFL-FRO,47.13400744256278,69
2022-04-20 20:00:00,CVaR-DFL-FRO,72.84950135606111,69
2022-04-20 20:15:00,CVaR-DFL-FRO,47.963438672352304,69
2022-04-20 20:30:00,CVaR-DFL-FRO,58.15933355739276,69
2022-04-20 20:45:00,CVaR-DFL-FRO,50.22895402702527,69
2022-04-20 21:00:00,CVaR-DFL-FRO,59.156556036255836,69
2022-04-20 21:15:00,CVaR-DFL-FRO,49.77904960823873,69
2022-04-20 21:30:00,CVaR-DFL-FRO,55.235048258850874,69
2022-04-20 21:45:00,CVaR-DFL-FRO,41.4106384325978,69
2022-04-20 22:00:00,CVaR-DFL-FRO,68.55849299205032,69
2022-04-20 22:15:00,CVaR-DFL-FRO,62.31902613526272,69
2022-04-20 22:30:00,CVaR-DFL-FRO,36.23877620158328,69
2022-04-20 22:45:00,CVaR-DFL-FRO,79.8102174945734,69
2022-04-20 23:00:00,CVaR-DFL-FRO,56.03036947469501,69
2022-04-20 23:15:00,CVaR-DFL-FRO,62.064568855451135,69
2022-04-20 23:30:00,CVaR-DFL-FRO,74.48217526767415,69
2022-04-20 23:45:00,CVaR-DFL-FRO,65.27087145659245,69
2022-04-20 01:00:00,CVaR-DFL-RTRO,117.05951445533871,69
2022-04-20 01:45:00,CVaR-DFL-RTRO,52.49988512683997,69
2022-04-20 07:45:00,CVaR-DFL-RTRO,114.18388869085003,69
2022-04-20 09:15:00,CVaR-DFL-RTRO,72.41673519951314,69
2022-04-20 10:30:00,CVaR-DFL-RTRO,63.11568943231401,69
2022-04-20 13:45:00,CVaR-DFL-RTRO,40.63412668358497,69
2022-04-20 14:15:00,CVaR-DFL-RTRO,64.16699875749813,69
2022-04-20 16:30:00,CVaR-DFL-RTRO,113.79374487731074,69
2022-04-20 18:00:00,CVaR-DFL-RTRO,102.80621843933454,69
2022-04-20 20:00:00,CVaR-DFL-RTRO,69.6378926049682,69
2022-04-20 20:45:00,CVaR-DFL-RTRO,45.21496494440312,69
2022-04-21 00:00:00,LSTM-FRO,32.68851571417099,69
2022-04-21 00:15:00,LSTM-FRO,55.808516553420695,69
2022-04-21 00:30:00,LSTM-FRO,60.98851510391895,69
2022-04-21 00:45:00,LSTM-FRO,42.531093001276496,69
2022-04-21 01:00:00,LSTM-FRO,37.523715958798995,69
2022-04-21 01:15:00,LSTM-FRO,59.73073752185452,69
2022-04-21 01:30:00,LSTM-FRO,31.670871219859865,69
2022-04-21 01:45:00,LSTM-FRO,41.02034648500947,69
2022-04-21 02:00:00,LSTM-FRO,45.480399626557734,69
2022-04-21 02:15:00,LSTM-FRO,32.604848579815666,69
2022-04-21 02:30:00,LSTM-FRO,34.51584745332554,69
2022-04-21 02:45:00,LSTM-FRO,33.848063494990484,69
2022-04-21 03:00:00,LSTM-FRO,57.784095942321876,69
2022-04-21 03:15:00,LSTM-FRO,65.47322185540058,69
2022-04-21 03:30:00,LSTM-FRO,41.673939773773675,69
2022-04-21 03:45:00,LSTM-FRO,37.85355417613148,69
2022-04-21 04:00:00,LSTM-FRO,34.829835719017574,69
2022-04-21 04:15:00,LSTM-FRO,40.507893878893995,69
2022-04-21 04:30:00,LSTM-FRO,35.266404704882866,69
2022-04-21 04:45:00,LSTM-FRO,39.51577657551643,69
2022-04-21 05:00:00,LSTM-FRO,44.91610601796099,69
2022-04-21 05:15:00,LSTM-FRO,36.572943193839535,69
2022-04-21 05:30:00,LSTM-FRO,38.608184355955785,69
2022-04-21 05:45:00,LSTM-FRO,38.64826860440353,69
2022-04-21 06:00:00,LSTM-FRO,37.38753449266088,69
2022-04-21 06:15:00,LSTM-FRO,36.242678777163384,69
2022-04-21 06:30:00,LSTM-FRO,49.028428648953174,69
2022-04-21 06:45:00,LSTM-FRO,25.95937713961725,69
2022-04-21 07:00:00,LSTM-FRO,60.11537827832042,69
2022-04-21 07:15:00,LSTM-FRO,41.891451625281086,69
2022-04-21 07:30:00,LSTM-FRO,47.190720961050644,69
2022-04-21 07:45:00,LSTM-FRO,48.57368861897209,69
2022-04-21 08:00:00,LSTM-FRO,33.89634866699644,69
2022-04-21 08:15:00,LSTM-FRO,32.185559822180764,69
2022-04-21 08:30:00,LSTM-FRO,31.246819342482222,69
2022-04-21 08:45:00,LSTM-FRO,38.055077299440846,69
2022-04-21 09:00:00,LSTM-FRO,48.25921610718816,69
2022-04-21 09:15:00,LSTM-FRO,34.9707099434777,69
2022-04-21 09:30:00,LSTM-FRO,47.166015852117184,69
2022-04-21 09:45:00,LSTM-FRO,22.345289280532253,69
2022-04-21 10:00:00,LSTM-FRO,36.75468427485409,69
2022-04-21 10:15:00,LSTM-FRO,54.27461574424631,69
2022-04-21 10:30:00,LSTM-FRO,38.78904412263144,69
2022-04-21 10:45:00,LSTM-FRO,32.88150207721607,69
2022-04-21 11:00:00,LSTM-FRO,34.33497619291702,69
2022-04-21 11:15:00,LSTM-FRO,18.9329480418312,69
2022-04-21 11:30:00,LSTM-FRO,31.40778224893326,69
2022-04-21 11:45:00,LSTM-FRO,52.797737812643454,69
2022-04-21 12:00:00,LSTM-FRO,34.9808886078492,69
2022-04-21 12:15:00,LSTM-FRO,36.03314662953104,69
2022-04-21 12:30:00,LSTM-FRO,22.548765957934737,69
2022-04-21 12:45:00,LSTM-FRO,26.88727030118887,69
2022-04-21 13:00:00,LSTM-FRO,54.58769095643227,69
2022-04-21 13:15:00,LSTM-FRO,47.27700273651251,69
2022-04-21 13:30:00,LSTM-FRO,29.234495849727917,69
2022-04-21 13:45:00,LSTM-FRO,34.56216470107427,69
2022-04-21 14:00:00,LSTM-FRO,40.19469598284898,69
2022-04-21 14:15:00,LSTM-FRO,29.98755808988764,69
2022-04-21 14:30:00,LSTM-FRO,24.482000906096506,69
2022-04-21 14:45:00,LSTM-FRO,38.90373632580514,69
2022-04-21 15:00:00,LSTM-FRO,46.74961987236663,69
2022-04-21 15:15:00,LSTM-FRO,46.97607045156914,69
2022-04-21 15:30:00,LSTM-FRO,50.43967483207652,69
2022-04-21 15:45:00,LSTM-FRO,27.413989702615453,69
2022-04-21 16:00:00,LSTM-FRO,41.08298997545099,69
2022-04-21 16:15:00,LSTM-FRO,37.85134221590152,69
2022-04-21 16:30:00,LSTM-FRO,39.6132076946084,69
2022-04-21 16:45:00,LSTM-FRO,38.39367797123032,69
2022-04-21 17:00:00,LSTM-FRO,34.30391748090959,69
2022-04-21 17:15:00,LSTM-FRO,18.981643024954945,69
2022-04-21 17:30:00,LSTM-FRO,54.20233715762773,69
2022-04-21 17:45:00,LSTM-FRO,43.9872228653033,69
2022-04-21 18:00:00,LSTM-FRO,27.894857781070304,69
2022-04-21 18:15:00,LSTM-FRO,45.596613177948505,69
2022-04-21 18:30:00,LSTM-FRO,36.18942946393582,69
2022-04-21 18:45:00,LSTM-FRO,36.4477475475571,69
2022-04-21 19:00:00,LSTM-FRO,33.38663498072553,69
2022-04-21 19:15:00,LSTM-FRO,46.33277050598318,69
2022-04-21 19:30:00,LSTM-FRO,33.12441957165945,69
2022-04-21 19:45:00,LSTM-FRO,30.74443774610547,69
2022-04-21 20:00:00,LSTM-FRO,53.79452458286832,69
2022-04-21 20:15:00,LSTM-FRO,38.71209494448788,69
2022-04-21 20:30:00,LSTM-FRO,39.01840616866979,69
2022-04-21 20:45:00,LSTM-FRO,48.17762318258696,69
2022-04-21 21:00:00,LSTM-FRO,34.242498054136895,69
2022-04-21 21:15:00,LSTM-FRO,36.00051697321278,69
2022-04-21 21:30:00,LSTM-FRO,43.719981164736396,69
2022-04-21 21:45:00,LSTM-FRO,27.49793848989574,69
2022-04-21 22:00:00,LSTM-FRO,42.801073150447046,69
2022-04-21 22:15:00,LSTM-FRO,33.49327480099206,69
2022-04-21 22:30:00,LSTM-FRO,50.19002545257983,69
2022-04-21 22:45:00,LSTM-FRO,46.44611543252968,69
2022-04-21 23:00:00,LSTM-FRO,44.930942085683,69
2022-04-21 23:15:00,LSTM-FRO,27.04893335177172,69
2022-04-21 23:30:00,LSTM-FRO,39.45268442259061,69
2022-04-21 23:45:00,LSTM-FRO,30.12988311729997,69
2022-04-21 00:00:00,Transformer-FRO,25.870066052128,69
2022-04-21 00:15:00,Transformer-FRO,31.60764653390394,69
2022-04-21 00:30:00,Transformer-FRO,64.03852573247765,69
2022-04-21 00:45:00,Transformer-FRO,51.80025797156757,69
2022-04-21 01:00:00,Transformer-FRO,42.966617243108345,69
2022-04-21 01:15:00,Transformer-FRO,37.22163813276851,69
2022-04-21 01:30:00,Transformer-FRO,35.56969680723244,69
2022-04-21 01:45:00,Transformer-FRO,49.586044885786215,69
2022-04-21 02:00:00,Transformer-FRO,43.07994025332057,69
2022-04-21 02:15:00,Transformer-FRO,70.24452731690461,69
2022-04-21 02:30:00,Transformer-FRO,44.8870428231775,69
2022-04-21 02:45:00,Transformer-FRO,47.804840501338006,69
2022-04-21 03:00:00,Transformer-FRO,32.877852294640356,69
2022-04-21 03:15:00,Transformer-FRO,42.8901875039951,69
2022-04-21 03:30:00,Transformer-FRO,49.2898378547912,69
2022-04-21 03:45:00,Transformer-FRO,42.756313732983884,69
2022-04-21 04:00:00,Transformer-FRO,41.5264191467719,69
2022-04-21 04:15:00,Transformer-FRO,51.23867447052882,69
2022-04-21 04:30:00,Transformer-FRO,69.66869517575616,69
2022-04-21 04:45:00,Transformer-FRO,48.883277352899135,69
2022-04-21 05:00:00,Transformer-FRO,63.2999796554656,69
2022-04-21 05:15:00,Transformer-FRO,55.29693788932633,69
2022-04-21 05:30:00,Transformer-FRO,62.327896013818886,69
2022-04-21 05:45:00,Transformer-FRO,40.21472895760372,69
2022-04-21 06:00:00,Transformer-FRO,44.63045464378798,69
2022-04-21 06:15:00,Transformer-FRO,44.67843233825405,69
2022-04-21 06:30:00,Transformer-FRO,54.23001412780524,69
2022-04-21 06:45:00,Transformer-FRO,57.794755163689054,69
2022-04-21 07:00:00,Transformer-FRO,48.632147046321826,69
2022-04-21 07:15:00,Transformer-FRO,59.068677661063404,69
2022-04-21 07:30:00,Transformer-FRO,40.700150649213185,69
2022-04-21 07:45:00,Transformer-FRO,59.20130360137782,69
2022-04-21 08:00:00,Transformer-FRO,61.23262013016559,69
2022-04-21 08:15:00,Transformer-FRO,56.10217780392509,69
2022-04-21 08:30:00,Transformer-FRO,48.74692042848181,69
2022-04-21 08:45:00,Transformer-FRO,56.62447772959508,69
2022-04-21 09:00:00,Transformer-FRO,37.36380668683753,69
2022-04-21 09:15:00,Transformer-FRO,49.56304773451505,69
2022-04-21 09:30:00,Transformer-FRO,50.88999843868568,69
2022-04-21 09:45:00,Transformer-FRO,33.3833266640659,69
2022-04-21 10:00:00,Transformer-FRO,53.23366377267359,69
2022-04-21 10:15:00,Transformer-FRO,34.08744087062782,69
2022-04-21 10:30:00,Transformer-FRO,42.15092837318545,69
2022-04-21 10:45:00,Transformer-FRO,47.57098303746273,69
2022-04-21 11:00:00,Transformer-FRO,38.9754572736767,69
2022-04-21 11:15:00,Transformer-FRO,48.10044839132189,69
2022-04-21 11:30:00,Transformer-FRO,47.90183571248015,69
2022-04-21 11:45:00,Transformer-FRO,38.084102431722336,69
2022-04-21 12:00:00,Transformer-FRO,54.535210402706795,69
2022-04-21 12:15:00,Transformer-FRO,38.63999810749318,69
2022-04-21 12:30:00,Transformer-FRO,85.09159854766133,69
2022-04-21 12:45:00,Transformer-FRO,45.769676111420495,69
2022-04-21 13:00:00,Transformer-FRO,34.77785787674282,69
2022-04-21 13:15:00,Transformer-FRO,36.50088690940866,69
2022-04-21 13:30:00,Transformer-FRO,63.355575894431546,69
2022-04-21 13:45:00,Transformer-FRO,42.35602782001646,69
2022-04-21 14:00:00,Transformer-FRO,33.088911158175726,69
2022-04-21 14:15:00,Transformer-FRO,58.71841494377512,69
2022-04-21 14:30:00,Transformer-FRO,42.285727527624616,69
2022-04-21 14:45:00,Transformer-FRO,55.753885650550096,69
2022-04-21 15:00:00,Transformer-FRO,59.97482677881831,69
2022-04-21 15:15:00,Transformer-FRO,50.54829987069054,69
2022-04-21 15:30:00,Transformer-FRO,87.50057973073486,69
2022-04-21 15:45:00,Transformer-FRO,30.13930962376624,69
2022-04-21 16:00:00,Transformer-FRO,38.10609088073511,69
2022-04-21 16:15:00,Transformer-FRO,44.06812296891042,69
2022-04-21 16:30:00,Transformer-FRO,84.50377505761527,69
2022-04-21 16:45:00,Transformer-FRO,74.96310044821006,69
2022-04-21 17:00:00,Transformer-FRO,65.71067776376438,69
2022-04-21 17:15:00,Transformer-FRO,38.341651696984975,69
2022-04-21 17:30:00,Transformer-FRO,39.51569925888967,69
2022-04-21 17:45:00,Transformer-FRO,38.00166009948351,69
2022-04-21 18:00:00,Transformer-FRO,38.4478828912151,69
2022-04-21 18:15:00,Transformer-FRO,69.27125550080846,69
2022-04-21 18:30:00,Transformer-FRO,44.20720632647255,69
2022-04-21 18:45:00,Transformer-FRO,45.74577652846956,69
2022-04-21 19:00:00,Transformer-FRO,57.525915860688535,69
2022-04-21 19:15:00,Transformer-FRO,30.62031130391526,69
2022-04-21 19:30:00,Transformer-FRO,47.729787224884966,69
2022-04-21 19:45:00,Transformer-FRO,35.45379989771222,69
2022-04-21 20:00:00,Transformer-FRO,43.6318614655282,69
2022-04-21 20:15:00,Transformer-FRO,40.45781058834507,69
2022-04-21 20:30:00,Transformer-FRO,39.921842162267346,69
2022-04-21 20:45:00,Transformer-FRO,49.913222372034895,69
2022-04-21 21:00:00,Transformer-FRO,49.85685740330675,69
2022-04-21 21:15:00,Transformer-FRO,44.48186768748895,69
2022-04-21 21:30:00,Transformer-FRO,51.82211736613954,69
2022-04-21 21:45:00,Transformer-FRO,37.60998824175551,69
2022-04-21 22:00:00,Transformer-FRO,56.16155207128949,69
2022-04-21 22:15:00,Transformer-FRO,44.6388647551926,69
2022-04-21 22:30:00,Transformer-FRO,41.54753007157664,69
2022-04-21 22:45:00,Transformer-FRO,38.33535610192511,69
2022-04-21 23:00:00,Transformer-FRO,44.234310047021154,69
2022-04-21 23:15:00,Transformer-FRO,76.38479535203666,69
2022-04-21 23:30:00,Transformer-FRO,46.31947367851748,69
2022-04-21 23:45:00,Transformer-FRO,35.020591999412765,69
2022-04-21 00:00:00,DFL-FRO,51.0266035837453,69
2022-04-21 00:15:00,DFL-FRO,63.16569894013156,69
2022-04-21 00:30:00,DFL-FRO,49.13539961196486,69
2022-04-21 00:45:00,DFL-FRO,83.7075356965098,69
2022-04-21 01:00:00,DFL-FRO,49.34260415613279,69
2022-04-21 01:15:00,DFL-FRO,86.52167638421942,69
2022-04-21 01:30:00,DFL-FRO,43.349809674767826,69
2022-04-21 01:45:00,DFL-FRO,53.67272147855044,69
2022-04-21 02:00:00,DFL-FRO,86.57392873882372,69
2022-04-21 02:15:00,DFL-FRO,61.13710883315667,69
2022-04-21 02:30:00,DFL-FRO,110.73182459802001,69
2022-04-21 02:45:00,DFL-FRO,54.03417135006389,69
2022-04-21 03:00:00,DFL-FRO,62.690911586375385,69
2022-04-21 03:15:00,DFL-FRO,99.84904613108301,69
2022-04-21 03:30:00,DFL-FRO,38.018640391597266,69
2022-04-21 03:45:00,DFL-FRO,36.71210540333893,69
2022-04-21 04:00:00,DFL-FRO,46.57038053612016,69
2022-04-21 04:15:00,DFL-FRO,73.35642025490155,69
2022-04-21 04:30:00,DFL-FRO,37.002500229852494,69
2022-04-21 04:45:00,DFL-FRO,69.00906713712222,69
2022-04-21 05:00:00,DFL-FRO,67.65169856023294,69
2022-04-21 05:15:00,DFL-FRO,102.9774808619467,69
2022-04-21 05:30:00,DFL-FRO,78.32611149763244,69
2022-04-21 05:45:00,DFL-FRO,64.61435019504499,69
2022-04-21 06:00:00,DFL-FRO,85.58059870676256,69
2022-04-21 06:15:00,DFL-FRO,67.885135719264,69
2022-04-21 06:30:00,DFL-FRO,51.19777480684328,69
2022-04-21 06:45:00,DFL-FRO,42.19812558051568,69
2022-04-21 07:00:00,DFL-FRO,49.64163162537974,69
2022-04-21 07:15:00,DFL-FRO,57.645230967072195,69
2022-04-21 07:30:00,DFL-FRO,61.255393217140714,69
2022-04-21 07:45:00,DFL-FRO,31.900527887454107,69
2022-04-21 08:00:00,DFL-FRO,54.79607722997128,69
2022-04-21 08:15:00,DFL-FRO,58.7738256291727,69
2022-04-21 08:30:00,DFL-FRO,68.05085483201873,69
2022-04-21 08:45:00,DFL-FRO,92.30062573151125,69
2022-04-21 09:00:00,DFL-FRO,61.43964884846209,69
2022-04-21 09:15:00,DFL-FRO,45.0942368196013,69
2022-04-21 09:30:00,DFL-FRO,34.889279192148614,69
2022-04-21 09:45:00,DFL-FRO,70.7847876983541,69
2022-04-21 10:00:00,DFL-FRO,45.612653813120254,69
2022-04-21 10:15:00,DFL-FRO,74.47242487929573,69
2022-04-21 10:30:00,DFL-FRO,86.51097890855057,69
2022-04-21 10:45:00,DFL-FRO,37.696281420014834,69
2022-04-21 11:00:00,DFL-FRO,68.17309895171626,69
2022-04-21 11:15:00,DFL-FRO,83.98811641634298,69
2022-04-21 11:30:00,DFL-FRO,77.74331020452071,69
2022-04-21 11:45:00,DFL-FRO,32.25214846944159,69
2022-04-21 12:00:00,DFL-FRO,45.811917889460595,69
2022-04-21 12:15:00,DFL-FRO,40.61299289925009,69
2022-04-21 12:30:00,DFL-FRO,67.58994051506616,69
2022-04-21 12:45:00,DFL-FRO,65.5198210292197,69
2022-04-21 13:00:00,DFL-FRO,27.21344253802607,69
2022-04-21 13:15:00,DFL-FRO,53.5527270316428,69
2022-04-21 13:30:00,DFL-FRO,73.09476324620864,69
2022-04-21 13:45:00,DFL-FRO,60.789363351378064,69
2022-04-21 14:00:00,DFL-FRO,60.760029819884615,69
2022-04-21 14:15:00,DFL-FRO,52.591087255854625,69
2022-04-21 14:30:00,DFL-FRO,43.23146020679048,69
2022-04-21 14:45:00,DFL-FRO,58.02117702618685,69
2022-04-21 15:00:00,DFL-FRO,59.16537954359639,69
2022-04-21 15:15:00,DFL-FRO,69.36478534698912,69
2022-04-21 15:30:00,DFL-FRO,70.97473019502523,69
2022-04-21 15:45:00,DFL-FRO,59.73230545871064,69
2022-04-21 16:00:00,DFL-FRO,79.42703008406356,69
2022-04-21 16:15:00,DFL-FRO,52.44379608393507,69
2022-04-21 16:30:00,DFL-FRO,38.77658974706724,69
2022-04-21 16:45:00,DFL-FRO,66.70966952394735,69
2022-04-21 17:00:00,DFL-FRO,60.419733321456945,69
2022-04-21 17:15:00,DFL-FRO,67.0852119102274,69
2022-04-21 17:30:00,DFL-FRO,40.7938004944865,69
2022-04-21 17:45:00,DFL-FRO,96.67597618049655,69
2022-04-21 18:00:00,DFL-FRO,71.25595217066794,69
2022-04-21 18:15:00,DFL-FRO,53.74719001065161,69
2022-04-21 18:30:00,DFL-FRO,44.76572413656257,69
2022-04-21 18:45:00,DFL-FRO,79.02976464194955,69
2022-04-21 19:00:00,DFL-FRO,42.71171118750338,69
2022-04-21 19:15:00,DFL-FRO,110.41639399325335,69
2022-04-21 19:30:00,DFL-FRO,49.030822344756075,69
2022-04-21 19:45:00,DFL-FRO,94.77579355313132,69
2022-04-21 20:00:00,DFL-FRO,55.34174066809254,69
2022-04-21 20:15:00,DFL-FRO,91.10791888361764,69
2022-04-21 20:30:00,DFL-FRO,47.374780250733636,69
2022-04-21 20:45:00,DFL-FRO,58.61229049243057,69
2022-04-21 21:00:00,DFL-FRO,73.17799054667148,69
2022-04-21 21:15:00,DFL-FRO,70.28810173429027,69
2022-04-21 21:30:00,DFL-FRO,79.55843812326901,69
2022-04-21 21:45:00,DFL-FRO,50.80310288291188,69
2022-04-21 22:00:00,DFL-FRO,59.71454421209356,69
2022-04-21 22:15:00,DFL-FRO,82.9454535750866,69
2022-04-21 22:30:00,DFL-FRO,47.77263838002503,69
2022-04-21 22:45:00,DFL-FRO,68.53308227629275,69
2022-04-21 23:00:00,DFL-FRO,54.80226905334311,69
2022-04-21 23:15:00,DFL-FRO,61.791504090317964,69
2022-04-21 23:30:00,DFL-FRO,59.71019081264904,69
2022-04-21 23:45:00,DFL-FRO,46.66550093129087,69
2022-04-21 00:00:00,CVaR-DFL-FRO,61.5084289350674,69
2022-04-21 00:15:00,CVaR-DFL-FRO,57.06795114484476,69
2022-04-21 00:30:00,CVaR-DFL-FRO,94.74360323843243,69
2022-04-21 00:45:00,CVaR-DFL-FRO,79.90975917364626,69
2022-04-21 01:00:00,CVaR-DFL-FRO,64.26790788885033,69
2022-04-21 01:15:00,CVaR-DFL-FRO,46.73173945321676,69
2022-04-21 01:30:00,CVaR-DFL-FRO,45.878862495449496,69
2022-04-21 01:45:00,CVaR-DFL-FRO,106.96746053498545,69
2022-04-21 02:00:00,CVaR-DFL-FRO,43.370066475005686,69
2022-04-21 02:15:00,CVaR-DFL-FRO,60.93287216936488,69
2022-04-21 02:30:00,CVaR-DFL-FRO,65.6628121606732,69
2022-04-21 02:45:00,CVaR-DFL-FRO,53.577446961662034,69
2022-04-21 03:00:00,CVaR-DFL-FRO,43.470983853521986,69
2022-04-21 03:15:00,CVaR-DFL-FRO,46.4252133693115,69
2022-04-21 03:30:00,CVaR-DFL-FRO,49.89751065817727,69
2022-04-21 03:45:00,CVaR-DFL-FRO,47.49654966051385,69
2022-04-21 04:00:00,CVaR-DFL-FRO,87.97403965850877,69
2022-04-21 04:15:00,CVaR-DFL-FRO,58.70717471247623,69
2022-04-21 04:30:00,CVaR-DFL-FRO,50.24145426035882,69
2022-04-21 04:45:00,CVaR-DFL-FRO,60.80576741052524,69
2022-04-21 05:00:00,CVaR-DFL-FRO,72.05441934120773,69
2022-04-21 05:15:00,CVaR-DFL-FRO,53.040409715441584,69
2022-04-21 05:30:00,CVaR-DFL-FRO,77.3413704675955,69
2022-04-21 05:45:00,CVaR-DFL-FRO,40.07375217585816,69
2022-04-21 06:00:00,CVaR-DFL-FRO,83.90757480980919,69
2022-04-21 06:15:00,CVaR-DFL-FRO,58.710259334714436,69
2022-04-21 06:30:00,CVaR-DFL-FRO,58.02049936965326,69
2022-04-21 06:45:00,CVaR-DFL-FRO,47.73394892489455,69
2022-04-21 07:00:00,CVaR-DFL-FRO,40.60216982875857,69
2022-04-21 07:15:00,CVaR-DFL-FRO,35.553919711457716,69
2022-04-21 07:30:00,CVaR-DFL-FRO,46.73696440400564,69
2022-04-21 07:45:00,CVaR-DFL-FRO,70.32526437810209,69
2022-04-21 08:00:00,CVaR-DFL-FRO,44.01260889993993,69
2022-04-21 08:15:00,CVaR-DFL-FRO,36.84870603170501,69
2022-04-21 08:30:00,CVaR-DFL-FRO,44.713429714293575,69
2022-04-21 08:45:00,CVaR-DFL-FRO,52.3989698919718,69
2022-04-21 09:00:00,CVaR-DFL-FRO,53.02626498074755,69
2022-04-21 09:15:00,CVaR-DFL-FRO,56.617886311295685,69
2022-04-21 09:30:00,CVaR-DFL-FRO,80.45928427592624,69
2022-04-21 09:45:00,CVaR-DFL-FRO,85.9100567893804,69
2022-04-21 10:00:00,CVaR-DFL-FRO,107.99676085338096,69
2022-04-21 10:15:00,CVaR-DFL-FRO,36.006044395237836,69
2022-04-21 10:30:00,CVaR-DFL-FRO,45.43871983569848,69
2022-04-21 10:45:00,CVaR-DFL-FRO,72.72307030081176,69
2022-04-21 11:00:00,CVaR-DFL-FRO,51.313313008469606,69
2022-04-21 11:15:00,CVaR-DFL-FRO,76.38336901651792,69
2022-04-21 11:30:00,CVaR-DFL-FRO,62.67658449991479,69
2022-04-21 11:45:00,CVaR-DFL-FRO,94.92920315391476,69
2022-04-21 12:00:00,CVaR-DFL-FRO,80.70577301912003,69
2022-04-21 12:15:00,CVaR-DFL-FRO,81.15388455128664,69
2022-04-21 12:30:00,CVaR-DFL-FRO,51.97205419698658,69
2022-04-21 12:45:00,CVaR-DFL-FRO,57.158900462825905,69
2022-04-21 13:00:00,CVaR-DFL-FRO,53.67593847495507,69
2022-04-21 13:15:00,CVaR-DFL-FRO,37.32623286944774,69
2022-04-21 13:30:00,CVaR-DFL-FRO,91.89306613585408,69
2022-04-21 13:45:00,CVaR-DFL-FRO,73.76242904300739,69
2022-04-21 14:00:00,CVaR-DFL-FRO,53.033871854279745,69
2022-04-21 14:15:00,CVaR-DFL-FRO,87.3605783313568,69
2022-04-21 14:30:00,CVaR-DFL-FRO,48.64735351702614,69
2022-04-21 14:45:00,CVaR-DFL-FRO,33.75647485505042,69
2022-04-21 15:00:00,CVaR-DFL-FRO,79.84726480465827,69
2022-04-21 15:15:00,CVaR-DFL-FRO,39.98396604448285,69
2022-04-21 15:30:00,CVaR-DFL-FRO,55.483672166870576,69
2022-04-21 15:45:00,CVaR-DFL-FRO,62.6578059712636,69
2022-04-21 16:00:00,CVaR-DFL-FRO,66.15169789627721,69
2022-04-21 16:15:00,CVaR-DFL-FRO,76.09766838312242,69
2022-04-21 16:30:00,CVaR-DFL-FRO,70.180261297227,69
2022-04-21 16:45:00,CVaR-DFL-FRO,69.525951505688,69
2022-04-21 17:00:00,CVaR-DFL-FRO,46.34304169390003,69
2022-04-21 17:15:00,CVaR-DFL-FRO,64.35085685015098,69
2022-04-21 17:30:00,CVaR-DFL-FRO,37.330097415568076,69
2022-04-21 17:45:00,CVaR-DFL-FRO,94.44028163729388,69
2022-04-21 18:00:00,CVaR-DFL-FRO,38.5115949696095,69
2022-04-21 18:15:00,CVaR-DFL-FRO,53.011208179366676,69
2022-04-21 18:30:00,CVaR-DFL-FRO,39.49922341494187,69
2022-04-21 18:45:00,CVaR-DFL-FRO,47.2003857564809,69
2022-04-21 19:00:00,CVaR-DFL-FRO,59.10916972572306,69
2022-04-21 19:15:00,CVaR-DFL-FRO,50.166158485608456,69
2022-04-21 19:30:00,CVaR-DFL-FRO,83.22346519824863,69
2022-04-21 19:45:00,CVaR-DFL-FRO,63.05295380168814,69
2022-04-21 20:00:00,CVaR-DFL-FRO,51.17565468223715,69
2022-04-21 20:15:00,CVaR-DFL-FRO,56.53761816831691,69
2022-04-21 20:30:00,CVaR-DFL-FRO,85.14527932704986,69
2022-04-21 20:45:00,CVaR-DFL-FRO,77.50275919773426,69
2022-04-21 21:00:00,CVaR-DFL-FRO,41.71136198935141,69
2022-04-21 21:15:00,CVaR-DFL-FRO,47.91283040618863,69
2022-04-21 21:30:00,CVaR-DFL-FRO,67.9639086765202,69
2022-04-21 21:45:00,CVaR-DFL-FRO,65.51234978779345,69
2022-04-21 22:00:00,CVaR-DFL-FRO,42.84191220562724,69
2022-04-21 22:15:00,CVaR-DFL-FRO,73.84592862475971,69
2022-04-21 22:30:00,CVaR-DFL-FRO,44.960209569334125,69
2022-04-21 22:45:00,CVaR-DFL-FRO,87.34034076658126,69
2022-04-21 23:00:00,CVaR-DFL-FRO,69.09723289194505,69
2022-04-21 23:15:00,CVaR-DFL-FRO,41.797855721710114,69
2022-04-21 23:30:00,CVaR-DFL-FRO,50.16132283341809,69
2022-04-21 23:45:00,CVaR-DFL-FRO,49.89818079044345,69
2022-04-21 02:00:00,CVaR-DFL-RTRO,43.70493265467215,69
2022-04-21 02:15:00,CVaR-DFL-RTRO,47.53023869856714,69
2022-04-21 06:15:00,CVaR-DFL-RTRO,77.238383282602,69
2022-04-21 14:45:00,CVaR-DFL-RTRO,65.68668146744768,69
2022-04-21 15:00:00,CVaR-DFL-RTRO,83.2563911276178,69
2022-04-21 16:30:00,CVaR-DFL-RTRO,69.28650182672979,69
2022-04-21 17:00:00,CVaR-DFL-RTRO,90.5084781700815,69
2022-04-21 18:00:00,CVaR-DFL-RTRO,75.50405275158572,69
2022-04-21 18:15:00,CVaR-DFL-RTRO,86.79672242023119,69
2022-04-21 19:30:00,CVaR-DFL-RTRO,35.792994079359325,69
2022-04-21 20:00:00,CVaR-DFL-RTRO,46.40300961282146,69
2022-04-22 00:00:00,LSTM-FRO,54.678066126034324,69
2022-04-22 00:15:00,LSTM-FRO,66.8556540936151,69
2022-04-22 00:30:00,LSTM-FRO,40.013541948886484,69
2022-04-22 00:45:00,LSTM-FRO,35.76310005461942,69
2022-04-22 01:00:00,LSTM-FRO,25.525358091476,69
2022-04-22 01:15:00,LSTM-FRO,51.79205420040045,69
2022-04-22 01:30:00,LSTM-FRO,36.31852182866789,69
2022-04-22 01:45:00,LSTM-FRO,87.62865284629939,69
2022-04-22 02:00:00,LSTM-FRO,34.63371869466453,69
2022-04-22 02:15:00,LSTM-FRO,70.73609334214316,69
2022-04-22 02:30:00,LSTM-FRO,50.3157346517758,69
2022-04-22 02:45:00,LSTM-FRO,32.211135042519174,69
2022-04-22 03:00:00,LSTM-FRO,44.20001255144245,69
2022-04-22 03:15:00,LSTM-FRO,50.60726098556494,69
2022-04-22 03:30:00,LSTM-FRO,39.405302400522366,69
2022-04-22 03:45:00,LSTM-FRO,51.46051816133857,69
2022-04-22 04:00:00,LSTM-FRO,51.176763013587774,69
2022-04-22 04:15:00,LSTM-FRO,48.431600983065536,69
2022-04-22 04:30:00,LSTM-FRO,41.52568793118078,69
2022-04-22 04:45:00,LSTM-FRO,31.046644544256747,69
2022-04-22 05:00:00,LSTM-FRO,40.901694630235795,69
2022-04-22 05:15:00,LSTM-FRO,43.58211978338743,69
2022-04-22 05:30:00,LSTM-FRO,26.03609607240114,69
2022-04-22 05:45:00,LSTM-FRO,43.50746489172786,69
2022-04-22 06:00:00,LSTM-FRO,40.696687740269695,69
2022-04-22 06:15:00,LSTM-FRO,30.11256984906516,69
2022-04-22 06:30:00,LSTM-FRO,38.35365278976052,69
2022-04-22 06:45:00,LSTM-FRO,38.5579301431949,69
2022-04-22 07:00:00,LSTM-FRO,67.6927191293866,69
2022-04-22 07:15:00,LSTM-FRO,44.06677979593523,69
2022-04-22 07:30:00,LSTM-FRO,54.08389738897512,69
2022-04-22 07:45:00,LSTM-FRO,40.482563166796346,69
2022-04-22 08:00:00,LSTM-FRO,26.050050166256703,69
2022-04-22 08:15:00,LSTM-FRO,49.36454204383769,69
2022-04-22 08:30:00,LSTM-FRO,35.347105215602156,69
2022-04-22 08:45:00,LSTM-FRO,38.32868761580889,69
2022-04-22 09:00:00,LSTM-FRO,32.01196675456497,69
2022-04-22 09:15:00,LSTM-FRO,42.466491977873396,69
2022-04-22 09:30:00,LSTM-FRO,54.48089404659553,69
2022-04-22 09:45:00,LSTM-FRO,52.699305184379796,69
2022-04-22 10:00:00,LSTM-FRO,62.09371092032405,69
2022-04-22 10:15:00,LSTM-FRO,64.3434176299073,69
2022-04-22 10:30:00,LSTM-FRO,24.94944131064228,69
2022-04-22 10:45:00,LSTM-FRO,30.901390742419338,69
2022-04-22 11:00:00,LSTM-FRO,26.483430744882547,69
2022-04-22 11:15:00,LSTM-FRO,48.86627601790971,69
2022-04-22 11:30:00,LSTM-FRO,35.038814941964915,69
2022-04-22 11:45:00,LSTM-FRO,36.879058360783354,69
2022-04-22 12:00:00,LSTM-FRO,39.49101102574088,69
2022-04-22 12:15:00,LSTM-FRO,45.90106144167673,69
2022-04-22 12:30:00,LSTM-FRO,28.719395630727846,69
2022-04-22 12:45:00,LSTM-FRO,30.399392136188606,69
2022-04-22 13:00:00,LSTM-FRO,41.711342576018495,69
2022-04-22 13:15:00,LSTM-FRO,56.33865426282075,69
2022-04-22 13:30:00,LSTM-FRO,41.43276248500389,69
2022-04-22 13:45:00,LSTM-FRO,34.182350501815264,69
2022-04-22 14:00:00,LSTM-FRO,24.316652148141745,69
2022-04-22 14:15:00,LSTM-FRO,52.96373188355494,69
2022-04-22 14:30:00,LSTM-FRO,34.66392133538308,69
2022-04-22 14:45:00,LSTM-FRO,31.261744607641692,69
2022-04-22 15:00:00,LSTM-FRO,27.108096619257584,69
2022-04-22 15:15:00,LSTM-FRO,29.054571244213573,69
2022-04-22 15:30:00,LSTM-FRO,32.75791061627919,69
2022-04-22 15:45:00,LSTM-FRO,39.27103049867896,69
2022-04-22 16:00:00,LSTM-FRO,30.784311052508947,69
2022-04-22 16:15:00,LSTM-FRO,43.687754353897674,69
2022-04-22 16:30:00,LSTM-FRO,39.19618637543195,69
2022-04-22 16:45:00,LSTM-FRO,72.83937254213757,69
2022-04-22 17:00:00,LSTM-FRO,27.182252980774255,69
2022-04-22 17:15:00,LSTM-FRO,43.42283663820506,69
2022-04-22 17:30:00,LSTM-FRO,43.55959100557566,69
2022-04-22 17:45:00,LSTM-FRO,32.19259849327,69
2022-04-22 18:00:00,LSTM-FRO,42.70687260444005,69
2022-04-22 18:15:00,LSTM-FRO,50.58457389584516,69
2022-04-22 18:30:00,LSTM-FRO,42.72015906741264,69
2022-04-22 18:45:00,LSTM-FRO,59.027489490036686,69
2022-04-22 19:00:00,LSTM-FRO,24.137363598178727,69
2022-04-22 19:15:00,LSTM-FRO,33.75111387244117,69
2022-04-22 19:30:00,LSTM-FRO,60.38530414318347,69
2022-04-22 19:45:00,LSTM-FRO,52.42600710788866,69
2022-04-22 20:00:00,LSTM-FRO,47.757578021130044,69
2022-04-22 20:15:00,LSTM-FRO,56.828280162425266,69
2022-04-22 20:30:00,LSTM-FRO,25.772679750776472,69
2022-04-22 20:45:00,LSTM-FRO,50.91602958798669,69
2022-04-22 21:00:00,LSTM-FRO,54.46984152139972,69
2022-04-22 21:15:00,LSTM-FRO,35.34254951049489,69
2022-04-22 21:30:00,LSTM-FRO,80.68005400246729,69
2022-04-22 21:45:00,LSTM-FRO,43.80461338629409,69
2022-04-22 22:00:00,LSTM-FRO,24.046151330797137,69
2022-04-22 22:15:00,LSTM-FRO,45.88609907096959,69
2022-04-22 22:30:00,LSTM-FRO,34.80405957473633,69
2022-04-22 22:45:00,LSTM-FRO,55.863326528643796,69
2022-04-22 23:00:00,LSTM-FRO,47.84676777446183,69
2022-04-22 23:15:00,LSTM-FRO,35.885931530909495,69
2022-04-22 23:30:00,LSTM-FRO,60.8020329999653,69
2022-04-22 23:45:00,LSTM-FRO,52.788193207087524,69
2022-04-22 00:00:00,Transformer-FRO,43.29323671574035,69
2022-04-22 00:15:00,Transformer-FRO,51.471326319754496,69
2022-04-22 00:30:00,Transformer-FRO,40.980884594298374,69
2022-04-22 00:45:00,Transformer-FRO,41.298661126210014,69
2022-04-22 01:00:00,Transformer-FRO,45.45951863213766,69
2022-04-22 01:15:00,Transformer-FRO,34.18038970078266,69
2022-04-22 01:30:00,Transformer-FRO,25.27494448512386,69
2022-04-22 01:45:00,Transformer-FRO,47.90289672790111,69
2022-04-22 02:00:00,Transformer-FRO,26.92054867565495,69
2022-04-22 02:15:00,Transformer-FRO,34.829738687147206,69
2022-04-22 02:30:00,Transformer-FRO,28.477080127286516,69
2022-04-22 02:45:00,Transformer-FRO,29.398670389509093,69
2022-04-22 03:00:00,Transformer-FRO,50.27967507300845,69
2022-04-22 03:15:00,Transformer-FRO,42.51354478386603,69
2022-04-22 03:30:00,Transformer-FRO,42.11851271057825,69
2022-04-22 03:45:00,Transformer-FRO,32.03927000007972,69
2022-04-22 04:00:00,Transformer-FRO,38.0038098962618,69
2022-04-22 04:15:00,Transformer-FRO,49.63489790122986,69
2022-04-22 04:30:00,Transformer-FRO,44.42714848850577,69
2022-04-22 04:45:00,Transformer-FRO,55.7072149411997,69
2022-04-22 05:00:00,Transformer-FRO,57.79754993528539,69
2022-04-22 05:15:00,Transformer-FRO,42.18589826675101,69
2022-04-22 05:30:00,Transformer-FRO,27.88907067715168,69
2022-04-22 05:45:00,Transformer-FRO,37.0258144694698,69
2022-04-22 06:00:00,Transformer-FRO,43.90620586139917,69
2022-04-22 06:15:00,Transformer-FRO,36.836276768341214,69
2022-04-22 06:30:00,Transformer-FRO,34.27932336502719,69
2022-04-22 06:45:00,Transformer-FRO,45.8495233016928,69
2022-04-22 07:00:00,Transformer-FRO,84.43030898745114,69
2022-04-22 07:15:00,Transformer-FRO,39.68813622709461,69
2022-04-22 07:30:00,Transformer-FRO,44.997074679497935,69
2022-04-22 07:45:00,Transformer-FRO,32.071322895084435,69
2022-04-22 08:00:00,Transformer-FRO,62.11152941009968,69
2022-04-22 08:15:00,Transformer-FRO,56.4625410030606,69
2022-04-22 08:30:00,Transformer-FRO,55.463665064583395,69
2022-04-22 08:45:00,Transformer-FRO,64.0098763537905,69
2022-04-22 09:00:00,Transformer-FRO,40.31769448726318,69
2022-04-22 09:15:00,Transformer-FRO,41.64170495516721,69
2022-04-22 09:30:00,Transformer-FRO,70.07646850350805,69
2022-04-22 09:45:00,Transformer-FRO,53.036466919235444,69
2022-04-22 10:00:00,Transformer-FRO,25.363639404336745,69
2022-04-22 10:15:00,Transformer-FRO,50.6512375289747,69
2022-04-22 10:30:00,Transformer-FRO,38.73973204393427,69
2022-04-22 10:45:00,Transformer-FRO,56.805737494423624,69
2022-04-22 11:00:00,Transformer-FRO,50.04399810754193,69
2022-04-22 11:15:00,Transformer-FRO,28.70662742887761,69
2022-04-22 11:30:00,Transformer-FRO,48.27224383434133,69
2022-04-22 11:45:00,Transformer-FRO,47.55098691381634,69
2022-04-22 12:00:00,Transformer-FRO,49.46837565477877,69
2022-04-22 12:15:00,Transformer-FRO,52.25758356409566,69
2022-04-22 12:30:00,Transformer-FRO,66.30452180538019,69
2022-04-22 12:45:00,Transformer-FRO,50.11781408182361,69
2022-04-22 13:00:00,Transformer-FRO,45.297233385727765,69
2022-04-22 13:15:00,Transformer-FRO,60.597130845702246,69
2022-04-22 13:30:00,Transformer-FRO,80.43207405094319,69
2022-04-22 13:45:00,Transformer-FRO,57.05457569196051,69
2022-04-22 14:00:00,Transformer-FRO,47.49663599661035,69
2022-04-22 14:15:00,Transformer-FRO,50.36004968674317,69
2022-04-22 14:30:00,Transformer-FRO,48.112859968369285,69
2022-04-22 14:45:00,Transformer-FRO,45.24594483224527,69
2022-04-22 15:00:00,Transformer-FRO,78.83439645759104,69
2022-04-22 15:15:00,Transformer-FRO,37.09858847018954,69
2022-04-22 15:30:00,Transformer-FRO,60.70597608232554,69
2022-04-22 15:45:00,Transformer-FRO,43.5874840540266,69
2022-04-22 16:00:00,Transformer-FRO,30.7045101757109,69
2022-04-22 16:15:00,Transformer-FRO,42.88895883600234,69
2022-04-22 16:30:00,Transformer-FRO,39.09124198653267,69
2022-04-22 16:45:00,Transformer-FRO,52.28527907713681,69
2022-04-22 17:00:00,Transformer-FRO,46.10577545966494,69
2022-04-22 17:15:00,Transformer-FRO,34.569567068764464,69
2022-04-22 17:30:00,Transformer-FRO,65.87787463513538,69
2022-04-22 17:45:00,Transformer-FRO,59.69741810816859,69
2022-04-22 18:00:00,Transformer-FRO,67.86768240166619,69
2022-04-22 18:15:00,Transformer-FRO,47.87601510597258,69
2022-04-22 18:30:00,Transformer-FRO,44.61547553595255,69
2022-04-22 18:45:00,Transformer-FRO,54.017101041881226,69
2022-04-22 19:00:00,Transformer-FRO,38.78207051479866,69
2022-04-22 19:15:00,Transformer-FRO,46.570319123454055,69
2022-04-22 19:30:00,Transformer-FRO,43.02940617332775,69
2022-04-22 19:45:00,Transformer-FRO,30.858847180218902,69
2022-04-22 20:00:00,Transformer-FRO,46.53896256225942,69
2022-04-22 20:15:00,Transformer-FRO,40.17585393218172,69
2022-04-22 20:30:00,Transformer-FRO,42.2915190729442,69
2022-04-22 20:45:00,Transformer-FRO,49.472501725609035,69
2022-04-22 21:00:00,Transformer-FRO,62.58131221365129,69
2022-04-22 21:15:00,Transformer-FRO,36.1539776694346,69
2022-04-22 21:30:00,Transformer-FRO,41.2756071642842,69
2022-04-22 21:45:00,Transformer-FRO,36.94509541869883,69
2022-04-22 22:00:00,Transformer-FRO,36.32823238238781,69
2022-04-22 22:15:00,Transformer-FRO,38.610978730027924,69
2022-04-22 22:30:00,Transformer-FRO,42.79883676839387,69
2022-04-22 22:45:00,Transformer-FRO,52.397569647830174,69
2022-04-22 23:00:00,Transformer-FRO,48.92102290417567,69
2022-04-22 23:15:00,Transformer-FRO,34.25953224160617,69
2022-04-22 23:30:00,Transformer-FRO,62.93236804830527,69
2022-04-22 23:45:00,Transformer-FRO,57.489224767453486,69
2022-04-22 00:00:00,DFL-FRO,72.97087086073645,69
2022-04-22 00:15:00,DFL-FRO,56.638510531677326,69
2022-04-22 00:30:00,DFL-FRO,49.41102390937456,69
2022-04-22 00:45:00,DFL-FRO,57.13882793909857,69
2022-04-22 01:00:00,DFL-FRO,51.26869177500758,69
2022-04-22 01:15:00,DFL-FRO,60.237453374335175,69
2022-04-22 01:30:00,DFL-FRO,54.44865473883886,69
2022-04-22 01:45:00,DFL-FRO,46.949167072267485,69
2022-04-22 02:00:00,DFL-FRO,29.143820570735397,69
2022-04-22 02:15:00,DFL-FRO,59.93377798535862,69
2022-04-22 02:30:00,DFL-FRO,46.47125459681071,69
2022-04-22 02:45:00,DFL-FRO,64.3320999921323,69
2022-04-22 03:00:00,DFL-FRO,59.16844936839853,69
2022-04-22 03:15:00,DFL-FRO,46.813615884580045,69
2022-04-22 03:30:00,DFL-FRO,68.94169264711508,69
2022-04-22 03:45:00,DFL-FRO,54.718820244919364,69
2022-04-22 04:00:00,DFL-FRO,54.085856756136984,69
2022-04-22 04:15:00,DFL-FRO,49.667672697665274,69
2022-04-22 04:30:00,DFL-FRO,83.08070648069234,69
2022-04-22 04:45:00,DFL-FRO,42.221265073195056,69
2022-04-22 05:00:00,DFL-FRO,47.14516466145659,69
2022-04-22 05:15:00,DFL-FRO,36.412839112664926,69
2022-04-22 05:30:00,DFL-FRO,63.40830905344339,69
2022-04-22 05:45:00,DFL-FRO,43.813985244887974,69
2022-04-22 06:00:00,DFL-FRO,45.223420442181926,69
2022-04-22 06:15:00,DFL-FRO,44.62836938848911,69
2022-04-22 06:30:00,DFL-FRO,52.56610733806223,69
2022-04-22 06:45:00,DFL-FRO,36.27505187670314,69
2022-04-22 07:00:00,DFL-FRO,27.40818174807612,69
2022-04-22 07:15:00,DFL-FRO,58.769250892286394,69
2022-04-22 07:30:00,DFL-FRO,28.43062012579646,69
2022-04-22 07:45:00,DFL-FRO,65.73134719577293,69
2022-04-22 08:00:00,DFL-FRO,80.19837541834401,69
2022-04-22 08:15:00,DFL-FRO,49.30273947374906,69
2022-04-22 08:30:00,DFL-FRO,74.54097969338757,69
2022-04-22 08:45:00,DFL-FRO,51.29062286014619,69
2022-04-22 09:00:00,DFL-FRO,81.12581034435871,69
2022-04-22 09:15:00,DFL-FRO,45.4002394756269,69
2022-04-22 09:30:00,DFL-FRO,26.482657945205005,69
2022-04-22 09:45:00,DFL-FRO,50.49075658260873,69
2022-04-22 10:00:00,DFL-FRO,83.6553546890086,69
2022-04-22 10:15:00,DFL-FRO,60.065704406685676,69
2022-04-22 10:30:00,DFL-FRO,44.648708607020374,69
2022-04-22 10:45:00,DFL-FRO,56.66991416749004,69
2022-04-22 11:00:00,DFL-FRO,67.93927852312453,69
2022-04-22 11:15:00,DFL-FRO,50.409478065170894,69
2022-04-22 11:30:00,DFL-FRO,108.42721235004174,69
2022-04-22 11:45:00,DFL-FRO,44.62230341346577,69
2022-04-22 12:00:00,DFL-FRO,68.54414945445939,69
2022-04-22 12:15:00,DFL-FRO,64.04189697260125,69
2022-04-22 12:30:00,DFL-FRO,42.381816336152994,69
2022-04-22 12:45:00,DFL-FRO,45.80951003946093,69
2022-04-22 13:00:00,DFL-FRO,68.84655953136267,69
2022-04-22 13:15:00,DFL-FRO,53.79862342622122,69
2022-04-22 13:30:00,DFL-FRO,56.816871772296786,69
2022-04-22 13:45:00,DFL-FRO,32.53587745285388,69
2022-04-22 14:00:00,DFL-FRO,62.15425704558633,69
2022-04-22 14:15:00,DFL-FRO,56.00796684011889,69
2022-04-22 14:30:00,DFL-FRO,50.71944360879996,69
2022-04-22 14:45:00,DFL-FRO,57.18421920979824,69
2022-04-22 15:00:00,DFL-FRO,46.006869737803385,69
2022-04-22 15:15:00,DFL-FRO,43.69346599668269,69
2022-04-22 15:30:00,DFL-FRO,48.23317863989165,69
2022-04-22 15:45:00,DFL-FRO,45.29797083785866,69
2022-04-22 16:00:00,DFL-FRO,95.59908751635345,69
2022-04-22 16:15:00,DFL-FRO,66.81184224848803,69
2022-04-22 16:30:00,DFL-FRO,39.285368813121366,69
2022-04-22 16:45:00,DFL-FRO,91.78328158856534,69
2022-04-22 17:00:00,DFL-FRO,45.70075625642614,69
2022-04-22 17:15:00,DFL-FRO,52.0745701627924,69
2022-04-22 17:30:00,DFL-FRO,66.53968324464056,69
2022-04-22 17:45:00,DFL-FRO,29.6070413653912,69
2022-04-22 18:00:00,DFL-FRO,48.29942061916038,69
2022-04-22 18:15:00,DFL-FRO,43.92319582156943,69
2022-04-22 18:30:00,DFL-FRO,54.72250468183865,69
2022-04-22 18:45:00,DFL-FRO,57.33230428889661,69
2022-04-22 19:00:00,DFL-FRO,50.5285913754259,69
2022-04-22 19:15:00,DFL-FRO,49.87096100580685,69
2022-04-22 19:30:00,DFL-FRO,69.7671174497252,69
2022-04-22 19:45:00,DFL-FRO,56.23284948469634,69
2022-04-22 20:00:00,DFL-FRO,52.25089861265851,69
2022-04-22 20:15:00,DFL-FRO,53.845480298941695,69
2022-04-22 20:30:00,DFL-FRO,86.73288121112489,69
2022-04-22 20:45:00,DFL-FRO,54.22397816801536,69
2022-04-22 21:00:00,DFL-FRO,44.65973960098152,69
2022-04-22 21:15:00,DFL-FRO,30.121412473000312,69
2022-04-22 21:30:00,DFL-FRO,34.44620550379551,69
2022-04-22 21:45:00,DFL-FRO,45.26187524075061,69
2022-04-22 22:00:00,DFL-FRO,50.086495982464974,69
2022-04-22 22:15:00,DFL-FRO,44.14345755998198,69
2022-04-22 22:30:00,DFL-FRO,57.02701279629432,69
2022-04-22 22:45:00,DFL-FRO,43.98309778781651,69
2022-04-22 23:00:00,DFL-FRO,39.88884021461617,69
2022-04-22 23:15:00,DFL-FRO,61.397888383460334,69
2022-04-22 23:30:00,DFL-FRO,76.0271100986988,69
2022-04-22 23:45:00,DFL-FRO,37.77630876880309,69
2022-04-22 00:00:00,CVaR-DFL-FRO,34.34212653797508,69
2022-04-22 00:15:00,CVaR-DFL-FRO,39.11929737498133,69
2022-04-22 00:30:00,CVaR-DFL-FRO,51.1425853529506,69
2022-04-22 00:45:00,CVaR-DFL-FRO,86.15410625838435,69
2022-04-22 01:00:00,CVaR-DFL-FRO,48.28634010887667,69
2022-04-22 01:15:00,CVaR-DFL-FRO,47.743099518960214,69
2022-04-22 01:30:00,CVaR-DFL-FRO,61.78587338900906,69
2022-04-22 01:45:00,CVaR-DFL-FRO,61.804501674599045,69
2022-04-22 02:00:00,CVaR-DFL-FRO,48.192557861957596,69
2022-04-22 02:15:00,CVaR-DFL-FRO,111.46521860419666,69
2022-04-22 02:30:00,CVaR-DFL-FRO,56.39988025474776,69
2022-04-22 02:45:00,CVaR-DFL-FRO,63.251741706790625,69
2022-04-22 03:00:00,CVaR-DFL-FRO,54.11939343551777,69
2022-04-22 03:15:00,CVaR-DFL-FRO,69.81682742207481,69
2022-04-22 03:30:00,CVaR-DFL-FRO,88.80190944462633,69
2022-04-22 03:45:00,CVaR-DFL-FRO,101.10085964159332,69
2022-04-22 04:00:00,CVaR-DFL-FRO,48.52712620668063,69
2022-04-22 04:15:00,CVaR-DFL-FRO,85.26939713888758,69
2022-04-22 04:30:00,CVaR-DFL-FRO,72.17321457671389,69
2022-04-22 04:45:00,CVaR-DFL-FRO,82.07344300201561,69
2022-04-22 05:00:00,CVaR-DFL-FRO,59.43937283507097,69
2022-04-22 05:15:00,CVaR-DFL-FRO,57.75237827478045,69
2022-04-22 05:30:00,CVaR-DFL-FRO,81.11504174624737,69
2022-04-22 05:45:00,CVaR-DFL-FRO,81.58214344874565,69
2022-04-22 06:00:00,CVaR-DFL-FRO,98.14879979487085,69
2022-04-22 06:15:00,CVaR-DFL-FRO,64.89880220954744,69
2022-04-22 06:30:00,CVaR-DFL-FRO,59.16958907783175,69
2022-04-22 06:45:00,CVaR-DFL-FRO,29.034831766276042,69
2022-04-22 07:00:00,CVaR-DFL-FRO,37.53405997496944,69
2022-04-22 07:15:00,CVaR-DFL-FRO,54.24280011750111,69
2022-04-22 07:30:00,CVaR-DFL-FRO,43.799252476271384,69
2022-04-22 07:45:00,CVaR-DFL-FRO,78.18529690517647,69
2022-04-22 08:00:00,CVaR-DFL-FRO,41.11580671961668,69
2022-04-22 08:15:00,CVaR-DFL-FRO,52.51401615925767,69
2022-04-22 08:30:00,CVaR-DFL-FRO,53.1418160931133,69
2022-04-22 08:45:00,CVaR-DFL-FRO,87.99380195775905,69
2022-04-22 09:00:00,CVaR-DFL-FRO,50.84215045397821,69
2022-04-22 09:15:00,CVaR-DFL-FRO,70.08011650954825,69
2022-04-22 09:30:00,CVaR-DFL-FRO,64.84303203428482,69
2022-04-22 09:45:00,CVaR-DFL-FRO,80.32311757948773,69
2022-04-22 10:00:00,CVaR-DFL-FRO,79.04358661561582,69
2022-04-22 10:15:00,CVaR-DFL-FRO,60.49969705930898,69
2022-04-22 10:30:00,CVaR-DFL-FRO,36.58069637387215,69
2022-04-22 10:45:00,CVaR-DFL-FRO,56.976559411524626,69
2022-04-22 11:00:00,CVaR-DFL-FRO,60.747033792793175,69
2022-04-22 11:15:00,CVaR-DFL-FRO,66.63912096060604,69
2022-04-22 11:30:00,CVaR-DFL-FRO,48.89129816119558,69
2022-04-22 11:45:00,CVaR-DFL-FRO,86.31040718238741,69
2022-04-22 12:00:00,CVaR-DFL-FRO,61.36728131109679,69
2022-04-22 12:15:00,CVaR-DFL-FRO,46.25862561976461,69
2022-04-22 12:30:00,CVaR-DFL-FRO,53.20292874456785,69
2022-04-22 12:45:00,CVaR-DFL-FRO,109.53686016001464,69
2022-04-22 13:00:00,CVaR-DFL-FRO,74.72181178955333,69
2022-04-22 13:15:00,CVaR-DFL-FRO,83.92973070512282,69
2022-04-22 13:30:00,CVaR-DFL-FRO,44.594509512532234,69
2022-04-22 13:45:00,CVaR-DFL-FRO,49.617417552451016,69
2022-04-22 14:00:00,CVaR-DFL-FRO,49.72874474708173,69
2022-04-22 14:15:00,CVaR-DFL-FRO,64.62147271873617,69
2022-04-22 14:30:00,CVaR-DFL-FRO,57.980667038138236,69
2022-04-22 14:45:00,CVaR-DFL-FRO,52.70199699929946,69
2022-04-22 15:00:00,CVaR-DFL-FRO,54.74041130768598,69
2022-04-22 15:15:00,CVaR-DFL-FRO,48.062905127736116,69
2022-04-22 15:30:00,CVaR-DFL-FRO,57.87835218174686,69
2022-04-22 15:45:00,CVaR-DFL-FRO,85.59043826957512,69
2022-04-22 16:00:00,CVaR-DFL-FRO,38.66506950004225,69
2022-04-22 16:15:00,CVaR-DFL-FRO,67.86957390668776,69
2022-04-22 16:30:00,CVaR-DFL-FRO,92.78830679477,69
2022-04-22 16:45:00,CVaR-DFL-FRO,57.81975555779054,69
2022-04-22 17:00:00,CVaR-DFL-FRO,52.077757636454685,69
2022-04-22 17:15:00,CVaR-DFL-FRO,80.83370664308285,69
2022-04-22 17:30:00,CVaR-DFL-FRO,45.37527178781128,69
2022-04-22 17:45:00,CVaR-DFL-FRO,60.696769613487504,69
2022-04-22 18:00:00,CVaR-DFL-FRO,44.61803161213393,69
2022-04-22 18:15:00,CVaR-DFL-FRO,34.70672016257607,69
2022-04-22 18:30:00,CVaR-DFL-FRO,58.36820588699509,69
2022-04-22 18:45:00,CVaR-DFL-FRO,41.69994858686634,69
2022-04-22 19:00:00,CVaR-DFL-FRO,60.89950374797432,69
2022-04-22 19:15:00,CVaR-DFL-FRO,85.6374284143225,69
2022-04-22 19:30:00,CVaR-DFL-FRO,107.10231223354214,69
2022-04-22 19:45:00,CVaR-DFL-FRO,62.86908561836229,69
2022-04-22 20:00:00,CVaR-DFL-FRO,83.1904666667972,69
2022-04-22 20:15:00,CVaR-DFL-FRO,68.95590863570538,69
2022-04-22 20:30:00,CVaR-DFL-FRO,54.42590347480968,69
2022-04-22 20:45:00,CVaR-DFL-FRO,34.137299119569775,69
2022-04-22 21:00:00,CVaR-DFL-FRO,99.97018181906755,69
2022-04-22 21:15:00,CVaR-DFL-FRO,44.49322460000121,69
2022-04-22 21:30:00,CVaR-DFL-FRO,92.86352626375445,69
2022-04-22 21:45:00,CVaR-DFL-FRO,71.89265048343941,69
2022-04-22 22:00:00,CVaR-DFL-FRO,45.488113365596014,69
2022-04-22 22:15:00,CVaR-DFL-FRO,67.16519267789357,69
2022-04-22 22:30:00,CVaR-DFL-FRO,116.5237794239917,69
2022-04-22 22:45:00,CVaR-DFL-FRO,97.25994533818623,69
2022-04-22 23:00:00,CVaR-DFL-FRO,52.333057879303205,69
2022-04-22 23:15:00,CVaR-DFL-FRO,49.27107938791455,69
2022-04-22 23:30:00,CVaR-DFL-FRO,62.99625623472843,69
2022-04-22 23:45:00,CVaR-DFL-FRO,58.12976336685154,69
2022-04-22 09:30:00,CVaR-DFL-RTRO,128.12891414178685,69
2022-04-22 12:30:00,CVaR-DFL-RTRO,54.12940320600263,69
2022-04-22 14:00:00,CVaR-DFL-RTRO,75.050704001192,69
2022-04-22 15:30:00,CVaR-DFL-RTRO,93.42200645050873,69
2022-04-22 15:45:00,CVaR-DFL-RTRO,92.06825495366314,69
2022-04-22 16:15:00,CVaR-DFL-RTRO,45.153994901602175,69
2022-04-22 17:00:00,CVaR-DFL-RTRO,54.47392122794652,69
2022-04-22 17:15:00,CVaR-DFL-RTRO,74.14423565346475,69
2022-04-22 17:30:00,CVaR-DFL-RTRO,121.47812326776344,69
2022-04-22 18:15:00,CVaR-DFL-RTRO,53.68346809340398,69
2022-04-22 18:45:00,CVaR-DFL-RTRO,58.230973247345936,69
2022-04-22 19:00:00,CVaR-DFL-RTRO,76.82945082100291,69
2022-04-22 19:15:00,CVaR-DFL-RTRO,81.63984812667682,69
2022-04-22 20:00:00,CVaR-DFL-RTRO,83.15526374797261,69
2022-04-22 21:45:00,CVaR-DFL-RTRO,52.318648761928294,69
2022-04-23 00:00:00,LSTM-FRO,43.65512388513035,69
2022-04-23 00:15:00,LSTM-FRO,56.775896133071704,69
2022-04-23 00:30:00,LSTM-FRO,38.95285995385993,69
2022-04-23 00:45:00,LSTM-FRO,41.12526162986258,69
2022-04-23 01:00:00,LSTM-FRO,31.965978489343254,69
2022-04-23 01:15:00,LSTM-FRO,66.02052666581618,69
2022-04-23 01:30:00,LSTM-FRO,42.98913503377934,69
2022-04-23 01:45:00,LSTM-FRO,54.205414378719325,69
2022-04-23 02:00:00,LSTM-FRO,41.66771611162445,69
2022-04-23 02:15:00,LSTM-FRO,42.25094345887405,69
2022-04-23 02:30:00,LSTM-FRO,28.37713445122739,69
2022-04-23 02:45:00,LSTM-FRO,24.101979646107875,69
2022-04-23 03:00:00,LSTM-FRO,56.62777132129443,69
2022-04-23 03:15:00,LSTM-FRO,42.174550651349435,69
2022-04-23 03:30:00,LSTM-FRO,43.55580353646439,69
2022-04-23 03:45:00,LSTM-FRO,30.22467929720689,69
2022-04-23 04:00:00,LSTM-FRO,32.967294975414816,69
2022-04-23 04:15:00,LSTM-FRO,53.99554451872006,69
2022-04-23 04:30:00,LSTM-FRO,64.0117674020025,69
2022-04-23 04:45:00,LSTM-FRO,35.38388928007127,69
2022-04-23 05:00:00,LSTM-FRO,48.94956119541164,69
2022-04-23 05:15:00,LSTM-FRO,43.376815746563736,69
2022-04-23 05:30:00,LSTM-FRO,40.12355846767598,69
2022-04-23 05:45:00,LSTM-FRO,65.83404016561231,69
2022-04-23 06:00:00,LSTM-FRO,36.90878131183381,69
2022-04-23 06:15:00,LSTM-FRO,56.46888284216083,69
2022-04-23 06:30:00,LSTM-FRO,45.51189632126064,69
2022-04-23 06:45:00,LSTM-FRO,41.181179527256425,69
2022-04-23 07:00:00,LSTM-FRO,58.36126685448281,69
2022-04-23 07:15:00,LSTM-FRO,44.48075413919469,69
2022-04-23 07:30:00,LSTM-FRO,40.367058664530646,69
2022-04-23 07:45:00,LSTM-FRO,58.47015206900527,69
2022-04-23 08:00:00,LSTM-FRO,56.59021192514638,69
2022-04-23 08:15:00,LSTM-FRO,55.92223763321905,69
2022-04-23 08:30:00,LSTM-FRO,15.58372090961445,69
2022-04-23 08:45:00,LSTM-FRO,46.1881457657923,69
2022-04-23 09:00:00,LSTM-FRO,43.618053686635925,69
2022-04-23 09:15:00,LSTM-FRO,40.99578139383105,69
2022-04-23 09:30:00,LSTM-FRO,48.19717065332794,69
2022-04-23 09:45:00,LSTM-FRO,44.151700253930365,69
2022-04-23 10:00:00,LSTM-FRO,49.02733569714376,69
2022-04-23 10:15:00,LSTM-FRO,38.66566928158848,69
2022-04-23 10:30:00,LSTM-FRO,60.23927241305834,69
2022-04-23 10:45:00,LSTM-FRO,50.288045748530436,69
2022-04-23 11:00:00,LSTM-FRO,47.39027861544627,69
2022-04-23 11:15:00,LSTM-FRO,46.81300279118797,69
2022-04-23 11:30:00,LSTM-FRO,55.29846438387601,69
2022-04-23 11:45:00,LSTM-FRO,53.4478141772241,69
2022-04-23 12:00:00,LSTM-FRO,40.20176674582816,69
2022-04-23 12:15:00,LSTM-FRO,53.02846038833631,69
2022-04-23 12:30:00,LSTM-FRO,43.203232300542105,69
2022-04-23 12:45:00,LSTM-FRO,66.9165647835891,69
2022-04-23 13:00:00,LSTM-FRO,54.47788445882552,69
2022-04-23 13:15:00,LSTM-FRO,35.3454007059938,69
2022-04-23 13:30:00,LSTM-FRO,74.24146721103287,69
2022-04-23 13:45:00,LSTM-FRO,24.39858550362423,69
2022-04-23 14:00:00,LSTM-FRO,48.531970870647996,69
2022-04-23 14:15:00,LSTM-FRO,34.724146527574945,69
2022-04-23 14:30:00,LSTM-FRO,66.33540593412884,69
2022-04-23 14:45:00,LSTM-FRO,44.065875049819695,69
2022-04-23 15:00:00,LSTM-FRO,33.88413213965547,69
2022-04-23 15:15:00,LSTM-FRO,38.67991245728003,69
2022-04-23 15:30:00,LSTM-FRO,34.57033299940232,69
2022-04-23 15:45:00,LSTM-FRO,38.30034818672471,69
2022-04-23 16:00:00,LSTM-FRO,38.08107891561386,69
2022-04-23 16:15:00,LSTM-FRO,34.248784348504195,69
2022-04-23 16:30:00,LSTM-FRO,44.257199515835296,69
2022-04-23 16:45:00,LSTM-FRO,45.624011862702204,69
2022-04-23 17:00:00,LSTM-FRO,32.204573718695876,69
2022-04-23 17:15:00,LSTM-FRO,27.273879508438956,69
2022-04-23 17:30:00,LSTM-FRO,44.713870148151194,69
2022-04-23 17:45:00,LSTM-FRO,47.2642679255717,69
2022-04-23 18:00:00,LSTM-FRO,49.676642648643224,69
2022-04-23 18:15:00,LSTM-FRO,47.493271892425675,69
2022-04-23 18:30:00,LSTM-FRO,61.37705444890644,69
2022-04-23 18:45:00,LSTM-FRO,53.11849444381902,69
2022-04-23 19:00:00,LSTM-FRO,81.04181939844402,69
2022-04-23 19:15:00,LSTM-FRO,90.07185243289537,69
2022-04-23 19:30:00,LSTM-FRO,26.59882830891292,69
2022-04-23 19:45:00,LSTM-FRO,23.823001365440977,69
2022-04-23 20:00:00,LSTM-FRO,41.27948843242973,69
2022-04-23 20:15:00,LSTM-FRO,46.93688134696387,69
2022-04-23 20:30:00,LSTM-FRO,40.57576905858579,69
2022-04-23 20:45:00,LSTM-FRO,49.34557395660058,69
2022-04-23 21:00:00,LSTM-FRO,38.64354190203278,69
2022-04-23 21:15:00,LSTM-FRO,34.744171809598825,69
2022-04-23 21:30:00,LSTM-FRO,36.08704434177177,69
2022-04-23 21:45:00,LSTM-FRO,39.32934657952615,69
2022-04-23 22:00:00,LSTM-FRO,51.1098163087096,69
2022-04-23 22:15:00,LSTM-FRO,36.59932711461449,69
2022-04-23 22:30:00,LSTM-FRO,38.46229984376081,69
2022-04-23 22:45:00,LSTM-FRO,47.720853202186944,69
2022-04-23 23:00:00,LSTM-FRO,39.34289471545013,69
2022-04-23 23:15:00,LSTM-FRO,54.73811439845251,69
2022-04-23 23:30:00,LSTM-FRO,32.831499177732205,69
2022-04-23 23:45:00,LSTM-FRO,31.0919356735678,69
2022-04-23 00:00:00,Transformer-FRO,53.259193499249726,69
2022-04-23 00:15:00,Transformer-FRO,38.354684431229224,69
2022-04-23 00:30:00,Transformer-FRO,67.90598924611146,69
2022-04-23 00:45:00,Transformer-FRO,78.92432388794403,69
2022-04-23 01:00:00,Transformer-FRO,40.780518141376184,69
2022-04-23 01:15:00,Transformer-FRO,70.47752898280099,69
2022-04-23 01:30:00,Transformer-FRO,25.905534393568473,69
2022-04-23 01:45:00,Transformer-FRO,63.36674126659457,69
2022-04-23 02:00:00,Transformer-FRO,38.42614617917668,69
2022-04-23 02:15:00,Transformer-FRO,61.748129286107414,69
2022-04-23 02:30:00,Transformer-FRO,37.410978267984454,69
2022-04-23 02:45:00,Transformer-FRO,47.12887587267849,69
2022-04-23 03:00:00,Transformer-FRO,38.9026419273226,69
2022-04-23 03:15:00,Transformer-FRO,45.38944679053404,69
2022-04-23 03:30:00,Transformer-FRO,77.00837666066678,69
2022-04-23 03:45:00,Transformer-FRO,46.65042288153468,69
2022-04-23 04:00:00,Transformer-FRO,82.80053176371838,69
2022-04-23 04:15:00,Transformer-FRO,43.41517676112206,69
2022-04-23 04:30:00,Transformer-FRO,70.5589515502638,69
2022-04-23 04:45:00,Transformer-FRO,31.50390107286686,69
2022-04-23 05:00:00,Transformer-FRO,44.54474299024659,69
2022-04-23 05:15:00,Transformer-FRO,41.75980677414195,69
2022-04-23 05:30:00,Transformer-FRO,71.40238458777466,69
2022-04-23 05:45:00,Transformer-FRO,50.32567301868277,69
2022-04-23 06:00:00,Transformer-FRO,27.9526791030681,69
2022-04-23 06:15:00,Transformer-FRO,34.183136284199556,69
2022-04-23 06:30:00,Transformer-FRO,36.9170324361105,69
2022-04-23 06:45:00,Transformer-FRO,61.08061183830234,69
2022-04-23 07:00:00,Transformer-FRO,59.07555934077093,69
2022-04-23 07:15:00,Transformer-FRO,44.38499082750284,69
2022-04-23 07:30:00,Transformer-FRO,41.62608770025691,69
2022-04-23 07:45:00,Transformer-FRO,57.73685646523971,69
2022-04-23 08:00:00,Transformer-FRO,35.817862261142174,69
2022-04-23 08:15:00,Transformer-FRO,53.99964243794692,69
2022-04-23 08:30:00,Transformer-FRO,52.823329356660636,69
2022-04-23 08:45:00,Transformer-FRO,44.682286126737736,69
2022-04-23 09:00:00,Transformer-FRO,53.168207692904815,69
2022-04-23 09:15:00,Transformer-FRO,49.25482185022058,69
2022-04-23 09:30:00,Transformer-FRO,54.55770688291788,69
2022-04-23 09:45:00,Transformer-FRO,33.97183679763245,69
2022-04-23 10:00:00,Transformer-FRO,56.235184803523936,69
2022-04-23 10:15:00,Transformer-FRO,62.56043350219406,69
2022-04-23 10:30:00,Transformer-FRO,52.12345966761829,69
2022-04-23 10:45:00,Transformer-FRO,56.04226502054518,69
2022-04-23 11:00:00,Transformer-FRO,46.62651951335475,69
2022-04-23 11:15:00,Transformer-FRO,60.4094447831419,69
2022-04-23 11:30:00,Transformer-FRO,48.787622960220546,69
2022-04-23 11:45:00,Transformer-FRO,35.64763515405428,69
2022-04-23 12:00:00,Transformer-FRO,59.30840586730004,69
2022-04-23 12:15:00,Transformer-FRO,31.43509138566575,69
2022-04-23 12:30:00,Transformer-FRO,51.61136711485449,69
2022-04-23 12:45:00,Transformer-FRO,43.43303198175536,69
2022-04-23 13:00:00,Transformer-FRO,42.72104397744194,69
2022-04-23 13:15:00,Transformer-FRO,50.15336482941347,69
2022-04-23 13:30:00,Transformer-FRO,39.93053797047762,69
2022-04-23 13:45:00,Transformer-FRO,54.76676594073742,69
2022-04-23 14:00:00,Transformer-FRO,48.681102397739494,69
2022-04-23 14:15:00,Transformer-FRO,40.89205973193161,69
2022-04-23 14:30:00,Transformer-FRO,67.81093200088694,69
2022-04-23 14:45:00,Transformer-FRO,50.580585220576374,69
2022-04-23 15:00:00,Transformer-FRO,56.4727592680303,69
2022-04-23 15:15:00,Transformer-FRO,69.20022554690244,69
2022-04-23 15:30:00,Transformer-FRO,68.90712541069912,69
2022-04-23 15:45:00,Transformer-FRO,55.73248103074508,69
2022-04-23 16:00:00,Transformer-FRO,44.35906712213823,69
2022-04-23 16:15:00,Transformer-FRO,33.14209808160952,69
2022-04-23 16:30:00,Transformer-FRO,50.6055545043606,69
2022-04-23 16:45:00,Transformer-FRO,63.670221577402636,69
2022-04-23 17:00:00,Transformer-FRO,52.575206285553804,69
2022-04-23 17:15:00,Transformer-FRO,19.680949168319206,69
2022-04-23 17:30:00,Transformer-FRO,60.078006414745715,69
2022-04-23 17:45:00,Transformer-FRO,61.04032061578067,69
2022-04-23 18:00:00,Transformer-FRO,44.37554631244597,69
2022-04-23 18:15:00,Transformer-FRO,61.94471261213193,69
2022-04-23 18:30:00,Transformer-FRO,56.431356584500875,69
2022-04-23 18:45:00,Transformer-FRO,40.17691209795105,69
2022-04-23 19:00:00,Transformer-FRO,66.64800822832348,69
2022-04-23 19:15:00,Transformer-FRO,34.562340136875775,69
2022-04-23 19:30:00,Transformer-FRO,47.26612569885554,69
2022-04-23 19:45:00,Transformer-FRO,46.06213968045744,69
2022-04-23 20:00:00,Transformer-FRO,38.74876760542054,69
2022-04-23 20:15:00,Transformer-FRO,51.89265667349455,69
2022-04-23 20:30:00,Transformer-FRO,67.32489842596914,69
2022-04-23 20:45:00,Transformer-FRO,66.24311347435955,69
2022-04-23 21:00:00,Transformer-FRO,57.8456164544281,69
2022-04-23 21:15:00,Transformer-FRO,30.936795364754484,69
2022-04-23 21:30:00,Transformer-FRO,33.955585006345316,69
2022-04-23 21:45:00,Transformer-FRO,50.07792776055032,69
2022-04-23 22:00:00,Transformer-FRO,47.54826838468578,69
2022-04-23 22:15:00,Transformer-FRO,42.17260755642553,69
2022-04-23 22:30:00,Transformer-FRO,78.5249464950739,69
2022-04-23 22:45:00,Transformer-FRO,49.302821017822424,69
2022-04-23 23:00:00,Transformer-FRO,55.19633660637591,69
2022-04-23 23:15:00,Transformer-FRO,61.93721800167661,69
2022-04-23 23:30:00,Transformer-FRO,48.65796246646913,69
2022-04-23 23:45:00,Transformer-FRO,93.76430621134338,69
2022-04-23 00:00:00,DFL-FRO,43.39817099913909,69
2022-04-23 00:15:00,DFL-FRO,39.46105756013184,69
2022-04-23 00:30:00,DFL-FRO,80.06909863220041,69
2022-04-23 00:45:00,DFL-FRO,64.59236055199554,69
2022-04-23 01:00:00,DFL-FRO,44.16373961575817,69
2022-04-23 01:15:00,DFL-FRO,40.350768756175384,69
2022-04-23 01:30:00,DFL-FRO,76.14858181540696,69
2022-04-23 01:45:00,DFL-FRO,57.038299213822896,69
2022-04-23 02:00:00,DFL-FRO,76.69953822123601,69
2022-04-23 02:15:00,DFL-FRO,50.63239673369235,69
2022-04-23 02:30:00,DFL-FRO,59.503881036766785,69
2022-04-23 02:45:00,DFL-FRO,56.05682871630381,69
2022-04-23 03:00:00,DFL-FRO,43.17763612953508,69
2022-04-23 03:15:00,DFL-FRO,49.445476802640606,69
2022-04-23 03:30:00,DFL-FRO,36.859685361827786,69
2022-04-23 03:45:00,DFL-FRO,59.21172276747445,69
2022-04-23 04:00:00,DFL-FRO,63.851705995530025,69
2022-04-23 04:15:00,DFL-FRO,68.11589861148121,69
2022-04-23 04:30:00,DFL-FRO,62.166602100426765,69
2022-04-23 04:45:00,DFL-FRO,49.66847983943315,69
2022-04-23 05:00:00,DFL-FRO,79.82779001517945,69
2022-04-23 05:15:00,DFL-FRO,66.25931009985915,69
2022-04-23 05:30:00,DFL-FRO,76.22724107512975,69
2022-04-23 05:45:00,DFL-FRO,77.5899151525181,69
2022-04-23 06:00:00,DFL-FRO,49.705110335958935,69
2022-04-23 06:15:00,DFL-FRO,57.46176605221422,69
2022-04-23 06:30:00,DFL-FRO,64.09228554265823,69
2022-04-23 06:45:00,DFL-FRO,37.22752544073777,69
2022-04-23 07:00:00,DFL-FRO,37.46132527448607,69
2022-04-23 07:15:00,DFL-FRO,35.68173138528225,69
2022-04-23 07:30:00,DFL-FRO,49.95136428803928,69
2022-04-23 07:45:00,DFL-FRO,46.87320158099396,69
2022-04-23 08:00:00,DFL-FRO,34.33377574530586,69
2022-04-23 08:15:00,DFL-FRO,53.718573764399174,69
2022-04-23 08:30:00,DFL-FRO,50.127744400898386,69
2022-04-23 08:45:00,DFL-FRO,71.91291100737357,69
2022-04-23 09:00:00,DFL-FRO,90.92776875569801,69
2022-04-23 09:15:00,DFL-FRO,58.58536639394402,69
2022-04-23 09:30:00,DFL-FRO,42.30234317845497,69
2022-04-23 09:45:00,DFL-FRO,61.819594942166425,69
2022-04-23 10:00:00,DFL-FRO,51.635307585385945,69
2022-04-23 10:15:00,DFL-FRO,48.12320473988866,69
2022-04-23 10:30:00,DFL-FRO,40.37670472437113,69
2022-04-23 10:45:00,DFL-FRO,45.172012586924815,69
2022-04-23 11:00:00,DFL-FRO,48.977859540978415,69
2022-04-23 11:15:00,DFL-FRO,64.62904598775204,69
2022-04-23 11:30:00,DFL-FRO,59.495315674317055,69
2022-04-23 11:45:00,DFL-FRO,86.24057994175519,69
2022-04-23 12:00:00,DFL-FRO,62.30357389598092,69
2022-04-23 12:15:00,DFL-FRO,58.05575889907112,69
2022-04-23 12:30:00,DFL-FRO,47.23313653976779,69
2022-04-23 12:45:00,DFL-FRO,38.42036730562536,69
2022-04-23 13:00:00,DFL-FRO,43.8438472924594,69
2022-04-23 13:15:00,DFL-FRO,42.26403403224054,69
2022-04-23 13:30:00,DFL-FRO,24.986876686719764,69
2022-04-23 13:45:00,DFL-FRO,38.73447223830562,69
2022-04-23 14:00:00,DFL-FRO,80.96846498446443,69
2022-04-23 14:15:00,DFL-FRO,57.14975607520375,69
2022-04-23 14:30:00,DFL-FRO,46.30472706218378,69
2022-04-23 14:45:00,DFL-FRO,57.63404463766419,69
2022-04-23 15:00:00,DFL-FRO,29.66345898481563,69
2022-04-23 15:15:00,DFL-FRO,55.77054622043533,69
2022-04-23 15:30:00,DFL-FRO,73.87363774224914,69
2022-04-23 15:45:00,DFL-FRO,49.768089174532555,69
2022-04-23 16:00:00,DFL-FRO,31.222828274598132,69
2022-04-23 16:15:00,DFL-FRO,45.81800694585748,69
2022-04-23 16:30:00,DFL-FRO,73.9105683753691,69
2022-04-23 16:45:00,DFL-FRO,55.40214168020076,69
2022-04-23 17:00:00,DFL-FRO,34.50252076716777,69
2022-04-23 17:15:00,DFL-FRO,100.5065051246751,69
2022-04-23 17:30:00,DFL-FRO,36.14322098146262,69
2022-04-23 17:45:00,DFL-FRO,48.085175476101604,69
2022-04-23 18:00:00,DFL-FRO,38.42120258575541,69
2022-04-23 18:15:00,DFL-FRO,38.43622254366805,69
2022-04-23 18:30:00,DFL-FRO,45.32623929167031,69
2022-04-23 18:45:00,DFL-FRO,61.63526012774936,69
2022-04-23 19:00:00,DFL-FRO,74.14617192142349,69
2022-04-23 19:15:00,DFL-FRO,46.1787803711397,69
2022-04-23 19:30:00,DFL-FRO,38.71793844918114,69
2022-04-23 19:45:00,DFL-FRO,58.95363875849832,69
2022-04-23 20:00:00,DFL-FRO,59.44388980075191,69
2022-04-23 20:15:00,DFL-FRO,55.11728210297233,69
2022-04-23 20:30:00,DFL-FRO,55.67049779300375,69
2022-04-23 20:45:00,DFL-FRO,49.88839797414232,69
2022-04-23 21:00:00,DFL-FRO,52.947312093022525,69
2022-04-23 21:15:00,DFL-FRO,48.92449597032726,69
2022-04-23 21:30:00,DFL-FRO,69.67397169346079,69
2022-04-23 21:45:00,DFL-FRO,96.63291667150935,69
2022-04-23 22:00:00,DFL-FRO,54.18014077884463,69
2022-04-23 22:15:00,DFL-FRO,51.404328167241786,69
2022-04-23 22:30:00,DFL-FRO,55.35884547386481,69
2022-04-23 22:45:00,DFL-FRO,42.767319111198965,69
2022-04-23 23:00:00,DFL-FRO,63.918995550183624,69
2022-04-23 23:15:00,DFL-FRO,58.333201326942536,69
2022-04-23 23:30:00,DFL-FRO,45.733594099122634,69
2022-04-23 23:45:00,DFL-FRO,66.44216319014008,69
2022-04-23 00:00:00,CVaR-DFL-FRO,44.82422462429031,69
2022-04-23 00:15:00,CVaR-DFL-FRO,66.86221681912481,69
2022-04-23 00:30:00,CVaR-DFL-FRO,64.58335665207635,69
2022-04-23 00:45:00,CVaR-DFL-FRO,80.38586396494217,69
2022-04-23 01:00:00,CVaR-DFL-FRO,77.31181000723332,69
2022-04-23 01:15:00,CVaR-DFL-FRO,58.160349560011625,69
2022-04-23 01:30:00,CVaR-DFL-FRO,52.113069290753124,69
2022-04-23 01:45:00,CVaR-DFL-FRO,60.1462591313458,69
2022-04-23 02:00:00,CVaR-DFL-FRO,67.09941741026695,69
2022-04-23 02:15:00,CVaR-DFL-FRO,69.5897769615475,69
2022-04-23 02:30:00,CVaR-DFL-FRO,65.85449841521715,69
2022-04-23 02:45:00,CVaR-DFL-FRO,58.48617946840326,69
2022-04-23 03:00:00,CVaR-DFL-FRO,81.27604145806079,69
2022-04-23 03:15:00,CVaR-DFL-FRO,49.02022992748013,69
2022-04-23 03:30:00,CVaR-DFL-FRO,127.2847368448747,69
2022-04-23 03:45:00,CVaR-DFL-FRO,75.72650801756008,69
2022-04-23 04:00:00,CVaR-DFL-FRO,42.73920517985495,69
2022-04-23 04:15:00,CVaR-DFL-FRO,63.579757197242216,69
2022-04-23 04:30:00,CVaR-DFL-FRO,75.94708500342311,69
2022-04-23 04:45:00,CVaR-DFL-FRO,54.0843899089121,69
2022-04-23 05:00:00,CVaR-DFL-FRO,38.23980044054008,69
2022-04-23 05:15:00,CVaR-DFL-FRO,43.898040658662445,69
2022-04-23 05:30:00,CVaR-DFL-FRO,70.82901595874432,69
2022-04-23 05:45:00,CVaR-DFL-FRO,35.35253842679209,69
2022-04-23 06:00:00,CVaR-DFL-FRO,38.77338592592135,69
2022-04-23 06:15:00,CVaR-DFL-FRO,70.71642123818452,69
2022-04-23 06:30:00,CVaR-DFL-FRO,56.19998936989599,69
2022-04-23 06:45:00,CVaR-DFL-FRO,48.70270036288382,69
2022-04-23 07:00:00,CVaR-DFL-FRO,51.75723203177773,69
2022-04-23 07:15:00,CVaR-DFL-FRO,38.522338372758526,69
2022-04-23 07:30:00,CVaR-DFL-FRO,69.60449726077447,69
2022-04-23 07:45:00,CVaR-DFL-FRO,47.09758273295659,69
2022-04-23 08:00:00,CVaR-DFL-FRO,51.11883598280289,69
2022-04-23 08:15:00,CVaR-DFL-FRO,66.76479319305128,69
2022-04-23 08:30:00,CVaR-DFL-FRO,55.623498143843975,69
2022-04-23 08:45:00,CVaR-DFL-FRO,48.57212773755166,69
2022-04-23 09:00:00,CVaR-DFL-FRO,32.927949954244376,69
2022-04-23 09:15:00,CVaR-DFL-FRO,67.18305122755875,69
2022-04-23 09:30:00,CVaR-DFL-FRO,61.56859863714214,69
2022-04-23 09:45:00,CVaR-DFL-FRO,51.40366741726547,69
2022-04-23 10:00:00,CVaR-DFL-FRO,43.920158430216816,69
2022-04-23 10:15:00,CVaR-DFL-FRO,60.347112721658036,69
2022-04-23 10:30:00,CVaR-DFL-FRO,69.52069488371009,69
2022-04-23 10:45:00,CVaR-DFL-FRO,61.91917114339231,69
2022-04-23 11:00:00,CVaR-DFL-FRO,98.67870247547826,69
2022-04-23 11:15:00,CVaR-DFL-FRO,74.40254247939271,69
2022-04-23 11:30:00,CVaR-DFL-FRO,58.194555119217945,69
2022-04-23 11:45:00,CVaR-DFL-FRO,75.16060702717226,69
2022-04-23 12:00:00,CVaR-DFL-FRO,61.00617226156389,69
2022-04-23 12:15:00,CVaR-DFL-FRO,60.942164729909365,69
2022-04-23 12:30:00,CVaR-DFL-FRO,88.98634711901627,69
2022-04-23 12:45:00,CVaR-DFL-FRO,45.81139499251083,69
2022-04-23 13:00:00,CVaR-DFL-FRO,60.53999881244033,69
2022-04-23 13:15:00,CVaR-DFL-FRO,86.16064313331682,69
2022-04-23 13:30:00,CVaR-DFL-FRO,66.00567114610747,69
2022-04-23 13:45:00,CVaR-DFL-FRO,53.76324178294068,69
2022-04-23 14:00:00,CVaR-DFL-FRO,35.874666906025794,69
2022-04-23 14:15:00,CVaR-DFL-FRO,30.244955398268438,69
2022-04-23 14:30:00,CVaR-DFL-FRO,112.66587636863302,69
2022-04-23 14:45:00,CVaR-DFL-FRO,65.9961110539918,69
2022-04-23 15:00:00,CVaR-DFL-FRO,50.37690934563476,69
2022-04-23 15:15:00,CVaR-DFL-FRO,66.81878584269354,69
2022-04-23 15:30:00,CVaR-DFL-FRO,45.128809342895615,69
2022-04-23 15:45:00,CVaR-DFL-FRO,54.38250536017805,69
2022-04-23 16:00:00,CVaR-DFL-FRO,45.22084760329729,69
2022-04-23 16:15:00,CVaR-DFL-FRO,39.19886592864713,69
2022-04-23 16:30:00,CVaR-DFL-FRO,31.79667660661254,69
2022-04-23 16:45:00,CVaR-DFL-FRO,37.07193289719507,69
2022-04-23 17:00:00,CVaR-DFL-FRO,81.88003709934259,69
2022-04-23 17:15:00,CVaR-DFL-FRO,44.596617119897445,69
2022-04-23 17:30:00,CVaR-DFL-FRO,70.6748685390196,69
2022-04-23 17:45:00,CVaR-DFL-FRO,80.29420482433552,69
2022-04-23 18:00:00,CVaR-DFL-FRO,60.41685053530561,69
2022-04-23 18:15:00,CVaR-DFL-FRO,54.92212976602508,69
2022-04-23 18:30:00,CVaR-DFL-FRO,62.58335982968326,69
2022-04-23 18:45:00,CVaR-DFL-FRO,52.995016522749154,69
2022-04-23 19:00:00,CVaR-DFL-FRO,86.53159982818849,69
2022-04-23 19:15:00,CVaR-DFL-FRO,106.0616751690838,69
2022-04-23 19:30:00,CVaR-DFL-FRO,93.21518171896655,69
2022-04-23 19:45:00,CVaR-DFL-FRO,31.351713520227655,69
2022-04-23 20:00:00,CVaR-DFL-FRO,52.668822052770075,69
2022-04-23 20:15:00,CVaR-DFL-FRO,60.19023047240692,69
2022-04-23 20:30:00,CVaR-DFL-FRO,69.15536986352114,69
2022-04-23 20:45:00,CVaR-DFL-FRO,35.645779211056684,69
2022-04-23 21:00:00,CVaR-DFL-FRO,35.47224905866568,69
2022-04-23 21:15:00,CVaR-DFL-FRO,89.26749812318872,69
2022-04-23 21:30:00,CVaR-DFL-FRO,50.75869924392717,69
2022-04-23 21:45:00,CVaR-DFL-FRO,38.329430119737296,69
2022-04-23 22:00:00,CVaR-DFL-FRO,43.04866145986641,69
2022-04-23 22:15:00,CVaR-DFL-FRO,67.65320351117845,69
2022-04-23 22:30:00,CVaR-DFL-FRO,46.87007559697347,69
2022-04-23 22:45:00,CVaR-DFL-FRO,64.67395404744589,69
2022-04-23 23:00:00,CVaR-DFL-FRO,44.706785185417615,69
2022-04-23 23:15:00,CVaR-DFL-FRO,35.46413114599759,69
2022-04-23 23:30:00,CVaR-DFL-FRO,92.50067382841938,69
2022-04-23 23:45:00,CVaR-DFL-FRO,67.81131438229389,69
2022-04-23 00:45:00,CVaR-DFL-RTRO,78.68458866874136,69
2022-04-23 06:30:00,CVaR-DFL-RTRO,61.45118617205197,69
2022-04-23 10:15:00,CVaR-DFL-RTRO,56.014567218780606,69
2022-04-23 12:45:00,CVaR-DFL-RTRO,80.96699730147678,69
2022-04-23 14:15:00,CVaR-DFL-RTRO,82.0378199031117,69
2022-04-23 14:45:00,CVaR-DFL-RTRO,58.853023309989155,69
2022-04-23 18:00:00,CVaR-DFL-RTRO,57.34046882666441,69
2022-04-23 18:15:00,CVaR-DFL-RTRO,64.94064875100084,69
2022-04-23 18:30:00,CVaR-DFL-RTRO,58.059312230153026,69
2022-04-23 19:15:00,CVaR-DFL-RTRO,109.06172655948522,69
2022-04-23 21:45:00,CVaR-DFL-RTRO,75.57054396702563,69
2022-04-24 00:00:00,LSTM-FRO,33.603848601049116,69
2022-04-24 00:15:00,LSTM-FRO,51.126747273954074,69
2022-04-24 00:30:00,LSTM-FRO,36.42497207439212,69
2022-04-24 00:45:00,LSTM-FRO,36.05069688199635,69
2022-04-24 01:00:00,LSTM-FRO,51.560148825592414,69
2022-04-24 01:15:00,LSTM-FRO,46.80665414398262,69
2022-04-24 01:30:00,LSTM-FRO,22.653772440050837,69
2022-04-24 01:45:00,LSTM-FRO,40.820528605500776,69
2022-04-24 02:00:00,LSTM-FRO,43.82929042495982,69
2022-04-24 02:15:00,LSTM-FRO,38.99914257202374,69
2022-04-24 02:30:00,LSTM-FRO,44.214357830849984,69
2022-04-24 02:45:00,LSTM-FRO,26.963599864248533,69
2022-04-24 03:00:00,LSTM-FRO,20.865403829301982,69
2022-04-24 03:15:00,LSTM-FRO,33.2451979109881,69
2022-04-24 03:30:00,LSTM-FRO,45.58812185494845,69
2022-04-24 03:45:00,LSTM-FRO,18.90069828906864,69
2022-04-24 04:00:00,LSTM-FRO,34.36463814564323,69
2022-04-24 04:15:00,LSTM-FRO,26.20897647910642,69
2022-04-24 04:30:00,LSTM-FRO,39.96018195627312,69
2022-04-24 04:45:00,LSTM-FRO,69.42887930154768,69
2022-04-24 05:00:00,LSTM-FRO,40.21628518922787,69
2022-04-24 05:15:00,LSTM-FRO,41.33891735914159,69
2022-04-24 05:30:00,LSTM-FRO,52.4296575437508,69
2022-04-24 05:45:00,LSTM-FRO,42.69751311941093,69
2022-04-24 06:00:00,LSTM-FRO,40.238342939761914,69
2022-04-24 06:15:00,LSTM-FRO,53.592925493273555,69
2022-04-24 06:30:00,LSTM-FRO,47.8109374260283,69
2022-04-24 06:45:00,LSTM-FRO,45.661180307285086,69
2022-04-24 07:00:00,LSTM-FRO,41.015601142692574,69
2022-04-24 07:15:00,LSTM-FRO,38.93586463910312,69
2022-04-24 07:30:00,LSTM-FRO,53.465600111769305,69
2022-04-24 07:45:00,LSTM-FRO,39.02983303843012,69
2022-04-24 08:00:00,LSTM-FRO,57.851859831981656,69
2022-04-24 08:15:00,LSTM-FRO,32.652331292796546,69
2022-04-24 08:30:00,LSTM-FRO,60.8693037081471,69
2022-04-24 08:45:00,LSTM-FRO,47.812773028051026,69
2022-04-24 09:00:00,LSTM-FRO,33.30311287741107,69
2022-04-24 09:15:00,LSTM-FRO,48.25820552018769,69
2022-04-24 09:30:00,LSTM-FRO,36.07282601461707,69
2022-04-24 09:45:00,LSTM-FRO,42.827638703227265,69
2022-04-24 10:00:00,LSTM-FRO,37.58590086176328,69
2022-04-24 10:15:00,LSTM-FRO,41.07606574147288,69
2022-04-24 10:30:00,LSTM-FRO,53.792210260125856,69
2022-04-24 10:45:00,LSTM-FRO,48.37383385280643,69
2022-04-24 11:00:00,LSTM-FRO,32.01742070026663,69
2022-04-24 11:15:00,LSTM-FRO,32.481053457005444,69
2022-04-24 11:30:00,LSTM-FRO,45.45702566219653,69
2022-04-24 11:45:00,LSTM-FRO,46.29090825552384,69
2022-04-24 12:00:00,LSTM-FRO,35.854863197038355,69
2022-04-24 12:15:00,LSTM-FRO,63.32471646057989,69
2022-04-24 12:30:00,LSTM-FRO,52.09201367150792,69
2022-04-24 12:45:00,LSTM-FRO,36.29743903334149,69
2022-04-24 13:00:00,LSTM-FRO,35.427094368189096,69
2022-04-24 13:15:00,LSTM-FRO,40.109036190340795,69
2022-04-24 13:30:00,LSTM-FRO,39.07501062210826,69
2022-04-24 13:45:00,LSTM-FRO,58.214685828463736,69
2022-04-24 14:00:00,LSTM-FRO,54.37728582266127,69
2022-04-24 14:15:00,LSTM-FRO,42.84529040657288,69
2022-04-24 14:30:00,LSTM-FRO,50.34872476864968,69
2022-04-24 14:45:00,LSTM-FRO,52.21613675342164,69
2022-04-24 15:00:00,LSTM-FRO,43.0954598962286,69
2022-04-24 15:15:00,LSTM-FRO,46.986732412881175,69
2022-04-24 15:30:00,LSTM-FRO,49.30160927850292,69
2022-04-24 15:45:00,LSTM-FRO,47.99997165406284,69
2022-04-24 16:00:00,LSTM-FRO,34.92772639588057,69
2022-04-24 16:15:00,LSTM-FRO,35.825488953832945,69
2022-04-24 16:30:00,LSTM-FRO,39.50167498268165,69
2022-04-24 16:45:00,LSTM-FRO,35.566026801450256,69
2022-04-24 17:00:00,LSTM-FRO,29.340966447152493,69
2022-04-24 17:15:00,LSTM-FRO,50.32403821053987,69
2022-04-24 17:30:00,LSTM-FRO,46.32835421357899,69
2022-04-24 17:45:00,LSTM-FRO,30.342740440738794,69
2022-04-24 18:00:00,LSTM-FRO,39.97731419856425,69
2022-04-24 18:15:00,LSTM-FRO,40.54971563917586,69
2022-04-24 18:30:00,LSTM-FRO,44.45454510598524,69
2022-04-24 18:45:00,LSTM-FRO,32.36851101605575,69
2022-04-24 19:00:00,LSTM-FRO,30.23152235181758,69
2022-04-24 19:15:00,LSTM-FRO,48.38856458912096,69
2022-04-24 19:30:00,LSTM-FRO,28.896083183267642,69
2022-04-24 19:45:00,LSTM-FRO,40.06022858174738,69
2022-04-24 20:00:00,LSTM-FRO,39.13172279750953,69
2022-04-24 20:15:00,LSTM-FRO,41.175465617404775,69
2022-04-24 20:30:00,LSTM-FRO,45.25142272657944,69
2022-04-24 20:45:00,LSTM-FRO,63.44015670151849,69
2022-04-24 21:00:00,LSTM-FRO,28.42461108696709,69
2022-04-24 21:15:00,LSTM-FRO,52.923576495993,69
2022-04-24 21:30:00,LSTM-FRO,22.604291073123786,69
2022-04-24 21:45:00,LSTM-FRO,60.26003571005572,69
2022-04-24 22:00:00,LSTM-FRO,25.430518289535875,69
2022-04-24 22:15:00,LSTM-FRO,78.29035297243304,69
2022-04-24 22:30:00,LSTM-FRO,38.51102498670355,69
2022-04-24 22:45:00,LSTM-FRO,58.71702055072672,69
2022-04-24 23:00:00,LSTM-FRO,55.75451578120589,69
2022-04-24 23:15:00,LSTM-FRO,38.06197141265686,69
2022-04-24 23:30:00,LSTM-FRO,38.80233540889504,69
2022-04-24 23:45:00,LSTM-FRO,34.41978324467095,69
2022-04-24 00:00:00,Transformer-FRO,44.118072002810294,69
2022-04-24 00:15:00,Transformer-FRO,39.82793548283587,69
2022-04-24 00:30:00,Transformer-FRO,56.56373567154601,69
2022-04-24 00:45:00,Transformer-FRO,39.030515702772654,69
2022-04-24 01:00:00,Transformer-FRO,45.20955494662879,69
2022-04-24 01:15:00,Transformer-FRO,50.60769375905816,69
2022-04-24 01:30:00,Transformer-FRO,41.688889397676924,69
2022-04-24 01:45:00,Transformer-FRO,43.34798864044819,69
2022-04-24 02:00:00,Transformer-FRO,73.21696966396888,69
2022-04-24 02:15:00,Transformer-FRO,46.69208041064063,69
2022-04-24 02:30:00,Transformer-FRO,44.852626404007324,69
2022-04-24 02:45:00,Transformer-FRO,47.04496974631612,69
2022-04-24 03:00:00,Transformer-FRO,55.36492264568144,69
2022-04-24 03:15:00,Transformer-FRO,37.67472101108609,69
2022-04-24 03:30:00,Transformer-FRO,54.97621563970011,69
2022-04-24 03:45:00,Transformer-FRO,52.592256900627035,69
2022-04-24 04:00:00,Transformer-FRO,30.99298257401824,69
2022-04-24 04:15:00,Transformer-FRO,78.29537985883807,69
2022-04-24 04:30:00,Transformer-FRO,71.82575237689885,69
2022-04-24 04:45:00,Transformer-FRO,40.018149552087245,69
2022-04-24 05:00:00,Transformer-FRO,36.82151653052142,69
2022-04-24 05:15:00,Transformer-FRO,52.215869825869206,69
2022-04-24 05:30:00,Transformer-FRO,34.042092774866916,69
2022-04-24 05:45:00,Transformer-FRO,70.05462022510763,69
2022-04-24 06:00:00,Transformer-FRO,43.60770531844656,69
2022-04-24 06:15:00,Transformer-FRO,74.87981545131746,69
2022-04-24 06:30:00,Transformer-FRO,39.77214164443505,69
2022-04-24 06:45:00,Transformer-FRO,47.816899972349745,69
2022-04-24 07:00:00,Transformer-FRO,68.31762380633698,69
2022-04-24 07:15:00,Transformer-FRO,45.276758709921594,69
2022-04-24 07:30:00,Transformer-FRO,52.814066942653994,69
2022-04-24 07:45:00,Transformer-FRO,65.30176285246999,69
2022-04-24 08:00:00,Transformer-FRO,42.630823829503065,69
2022-04-24 08:15:00,Transformer-FRO,35.51832872267383,69
2022-04-24 08:30:00,Transformer-FRO,33.754095338041054,69
2022-04-24 08:45:00,Transformer-FRO,57.243071239965424,69
2022-04-24 09:00:00,Transformer-FRO,54.432360054621384,69
2022-04-24 09:15:00,Transformer-FRO,64.78032668461,69
2022-04-24 09:30:00,Transformer-FRO,45.856556198525645,69
2022-04-24 09:45:00,Transformer-FRO,33.99920420874614,69
2022-04-24 10:00:00,Transformer-FRO,26.7853716385436,69
2022-04-24 10:15:00,Transformer-FRO,103.35867785279352,69
2022-04-24 10:30:00,Transformer-FRO,56.412470538023356,69
2022-04-24 10:45:00,Transformer-FRO,50.997771524978354,69
2022-04-24 11:00:00,Transformer-FRO,52.90359175302218,69
2022-04-24 11:15:00,Transformer-FRO,33.99391337185197,69
2022-04-24 11:30:00,Transformer-FRO,40.077098625845586,69
2022-04-24 11:45:00,Transformer-FRO,77.27083666586084,69
2022-04-24 12:00:00,Transformer-FRO,58.36307531649764,69
2022-04-24 12:15:00,Transformer-FRO,40.402604046768026,69
2022-04-24 12:30:00,Transformer-FRO,35.84062308180063,69
2022-04-24 12:45:00,Transformer-FRO,43.07811243949053,69
2022-04-24 13:00:00,Transformer-FRO,45.36829983769962,69
2022-04-24 13:15:00,Transformer-FRO,83.63119237423165,69
2022-04-24 13:30:00,Transformer-FRO,46.8853227504249,69
2022-04-24 13:45:00,Transformer-FRO,36.1877357656039,69
2022-04-24 14:00:00,Transformer-FRO,48.484434998202744,69
2022-04-24 14:15:00,Transformer-FRO,52.70825966041154,69
2022-04-24 14:30:00,Transformer-FRO,35.34596591761601,69
2022-04-24 14:45:00,Transformer-FRO,54.6211650547032,69
2022-04-24 15:00:00,Transformer-FRO,67.29522014510663,69
2022-04-24 15:15:00,Transformer-FRO,51.02256980394558,69
2022-04-24 15:30:00,Transformer-FRO,40.05437070247911,69
2022-04-24 15:45:00,Transformer-FRO,42.931548408005156,69
2022-04-24 16:00:00,Transformer-FRO,32.05133655691655,69
2022-04-24 16:15:00,Transformer-FRO,47.55008951817973,69
2022-04-24 16:30:00,Transformer-FRO,53.345219422879,69
2022-04-24 16:45:00,Transformer-FRO,39.03600649938475,69
2022-04-24 17:00:00,Transformer-FRO,81.29692125284285,69
2022-04-24 17:15:00,Transformer-FRO,60.42030824532372,69
2022-04-24 17:30:00,Transformer-FRO,30.95995693124472,69
2022-04-24 17:45:00,Transformer-FRO,31.12467305794118,69
2022-04-24 18:00:00,Transformer-FRO,38.163537100851315,69
2022-04-24 18:15:00,Transformer-FRO,73.94401881287818,69
2022-04-24 18:30:00,Transformer-FRO,61.98170760876515,69
2022-04-24 18:45:00,Transformer-FRO,74.91672543455535,69
2022-04-24 19:00:00,Transformer-FRO,49.35509994079246,69
2022-04-24 19:15:00,Transformer-FRO,46.628669360655785,69
2022-04-24 19:30:00,Transformer-FRO,35.649295450331806,69
2022-04-24 19:45:00,Transformer-FRO,53.88472068995211,69
2022-04-24 20:00:00,Transformer-FRO,46.789607758044106,69
2022-04-24 20:15:00,Transformer-FRO,46.325935751088835,69
2022-04-24 20:30:00,Transformer-FRO,74.8071035237813,69
2022-04-24 20:45:00,Transformer-FRO,47.64229328571865,69
2022-04-24 21:00:00,Transformer-FRO,69.45379547671236,69
2022-04-24 21:15:00,Transformer-FRO,32.64335961569644,69
2022-04-24 21:30:00,Transformer-FRO,98.66068840528648,69
2022-04-24 21:45:00,Transformer-FRO,44.69462395008212,69
2022-04-24 22:00:00,Transformer-FRO,59.10497777262469,69
2022-04-24 22:15:00,Transformer-FRO,61.58780234932686,69
2022-04-24 22:30:00,Transformer-FRO,43.28291737534611,69
2022-04-24 22:45:00,Transformer-FRO,60.83981201881468,69
2022-04-24 23:00:00,Transformer-FRO,61.663200729563,69
2022-04-24 23:15:00,Transformer-FRO,40.933305992226224,69
2022-04-24 23:30:00,Transformer-FRO,41.05889943021509,69
2022-04-24 23:45:00,Transformer-FRO,49.80518811945906,69
2022-04-24 00:00:00,DFL-FRO,80.79834458967728,69
2022-04-24 00:15:00,DFL-FRO,66.48408463923553,69
2022-04-24 00:30:00,DFL-FRO,53.44393413922927,69
2022-04-24 00:45:00,DFL-FRO,64.69503560297422,69
2022-04-24 01:00:00,DFL-FRO,30.585456743562982,69
2022-04-24 01:15:00,DFL-FRO,45.82139249921235,69
2022-04-24 01:30:00,DFL-FRO,59.13395388581364,69
2022-04-24 01:45:00,DFL-FRO,74.70244045937368,69
2022-04-24 02:00:00,DFL-FRO,57.68161739296601,69
2022-04-24 02:15:00,DFL-FRO,82.29776363701218,69
2022-04-24 02:30:00,DFL-FRO,69.66075425219385,69
2022-04-24 02:45:00,DFL-FRO,47.49441027749391,69
2022-04-24 03:00:00,DFL-FRO,52.40360337083647,69
2022-04-24 03:15:00,DFL-FRO,61.18268391248102,69
2022-04-24 03:30:00,DFL-FRO,48.0298168729231,69
2022-04-24 03:45:00,DFL-FRO,84.01323737283629,69
2022-04-24 04:00:00,DFL-FRO,39.86127520974685,69
2022-04-24 04:15:00,DFL-FRO,59.60821433946261,69
2022-04-24 04:30:00,DFL-FRO,67.10238775681759,69
2022-04-24 04:45:00,DFL-FRO,49.89898743316275,69
2022-04-24 05:00:00,DFL-FRO,46.822262275454754,69
2022-04-24 05:15:00,DFL-FRO,53.35860944002962,69
2022-04-24 05:30:00,DFL-FRO,68.56887081394386,69
2022-04-24 05:45:00,DFL-FRO,47.340163434034906,69
2022-04-24 06:00:00,DFL-FRO,40.311897663117875,69
2022-04-24 06:15:00,DFL-FRO,75.44916096338409,69
2022-04-24 06:30:00,DFL-FRO,61.02521553971997,69
2022-04-24 06:45:00,DFL-FRO,72.46845207542451,69
2022-04-24 07:00:00,DFL-FRO,67.55654741399319,69
2022-04-24 07:15:00,DFL-FRO,100.90159762165455,69
2022-04-24 07:30:00,DFL-FRO,74.6941400510312,69
2022-04-24 07:45:00,DFL-FRO,44.43527541329491,69
2022-04-24 08:00:00,DFL-FRO,62.260690987678664,69
2022-04-24 08:15:00,DFL-FRO,46.5757814517471,69
2022-04-24 08:30:00,DFL-FRO,47.95539917867208,69
2022-04-24 08:45:00,DFL-FRO,36.58418996050249,69
2022-04-24 09:00:00,DFL-FRO,50.285666314657206,69
2022-04-24 09:15:00,DFL-FRO,63.589291182774645,69
2022-04-24 09:30:00,DFL-FRO,53.5104134204973,69
2022-04-24 09:45:00,DFL-FRO,39.966756881658426,69
2022-04-24 10:00:00,DFL-FRO,35.459969515776876,69
2022-04-24 10:15:00,DFL-FRO,98.9811649412155,69
2022-04-24 10:30:00,DFL-FRO,59.760829528817084,69
2022-04-24 10:45:00,DFL-FRO,43.19805634011963,69
2022-04-24 11:00:00,DFL-FRO,62.11168571353441,69
2022-04-24 11:15:00,DFL-FRO,101.16686364391285,69
2022-04-24 11:30:00,DFL-FRO,64.95838142049125,69
2022-04-24 11:45:00,DFL-FRO,24.81438454385494,69
2022-04-24 12:00:00,DFL-FRO,115.30228970948804,69
2022-04-24 12:15:00,DFL-FRO,32.3390143993712,69
2022-04-24 12:30:00,DFL-FRO,51.43616505293007,69
2022-04-24 12:45:00,DFL-FRO,39.58443266446955,69
2022-04-24 13:00:00,DFL-FRO,44.235911918941184,69
2022-04-24 13:15:00,DFL-FRO,59.0770119938313,69
2022-04-24 13:30:00,DFL-FRO,30.375675913794915,69
2022-04-24 13:45:00,DFL-FRO,53.145593440977095,69
2022-04-24 14:00:00,DFL-FRO,75.38010561388633,69
2022-04-24 14:15:00,DFL-FRO,42.96480796833785,69
2022-04-24 14:30:00,DFL-FRO,36.81443525013847,69
2022-04-24 14:45:00,DFL-FRO,52.41434204217644,69
2022-04-24 15:00:00,DFL-FRO,49.549404140500656,69
2022-04-24 15:15:00,DFL-FRO,46.082017987860226,69
2022-04-24 15:30:00,DFL-FRO,38.97497511906073,69
2022-04-24 15:45:00,DFL-FRO,63.12676467846909,69
2022-04-24 16:00:00,DFL-FRO,64.49775084626701,69
2022-04-24 16:15:00,DFL-FRO,40.349192956090775,69
2022-04-24 16:30:00,DFL-FRO,41.957411586076496,69
2022-04-24 16:45:00,DFL-FRO,56.659990696597674,69
2022-04-24 17:00:00,DFL-FRO,41.5128542540803,69
2022-04-24 17:15:00,DFL-FRO,57.33880327950778,69
2022-04-24 17:30:00,DFL-FRO,82.52602398389263,69
2022-04-24 17:45:00,DFL-FRO,53.60417460768732,69
2022-04-24 18:00:00,DFL-FRO,38.69781636867383,69
2022-04-24 18:15:00,DFL-FRO,60.90137633661195,69
2022-04-24 18:30:00,DFL-FRO,51.84973940744789,69
2022-04-24 18:45:00,DFL-FRO,52.25395352027371,69
2022-04-24 19:00:00,DFL-FRO,62.34963532194325,69
2022-04-24 19:15:00,DFL-FRO,66.26606539607405,69
2022-04-24 19:30:00,DFL-FRO,55.066839657280255,69
2022-04-24 19:45:00,DFL-FRO,53.59119295364578,69
2022-04-24 20:00:00,DFL-FRO,97.64006223244665,69
2022-04-24 20:15:00,DFL-FRO,76.52143607333927,69
2022-04-24 20:30:00,DFL-FRO,68.98740347165415,69
2022-04-24 20:45:00,DFL-FRO,56.57546967107765,69
2022-04-24 21:00:00,DFL-FRO,41.03760277418038,69
2022-04-24 21:15:00,DFL-FRO,74.95647329444648,69
2022-04-24 21:30:00,DFL-FRO,56.78497364609449,69
2022-04-24 21:45:00,DFL-FRO,46.317634710441034,69
2022-04-24 22:00:00,DFL-FRO,50.899649338722824,69
2022-04-24 22:15:00,DFL-FRO,41.49866038444992,69
2022-04-24 22:30:00,DFL-FRO,73.48803766212946,69
2022-04-24 22:45:00,DFL-FRO,66.1165144134663,69
2022-04-24 23:00:00,DFL-FRO,57.38692471057563,69
2022-04-24 23:15:00,DFL-FRO,53.86271057220671,69
2022-04-24 23:30:00,DFL-FRO,44.983389104868905,69
2022-04-24 23:45:00,DFL-FRO,29.87332797786324,69
2022-04-24 00:00:00,CVaR-DFL-FRO,42.925455869785736,69
2022-04-24 00:15:00,CVaR-DFL-FRO,41.01687182193073,69
2022-04-24 00:30:00,CVaR-DFL-FRO,58.65726944521845,69
2022-04-24 00:45:00,CVaR-DFL-FRO,68.6958992764371,69
2022-04-24 01:00:00,CVaR-DFL-FRO,51.691888554063596,69
2022-04-24 01:15:00,CVaR-DFL-FRO,82.30628465430317,69
2022-04-24 01:30:00,CVaR-DFL-FRO,42.40584298619547,69
2022-04-24 01:45:00,CVaR-DFL-FRO,51.58099613547558,69
2022-04-24 02:00:00,CVaR-DFL-FRO,52.917546255337506,69
2022-04-24 02:15:00,CVaR-DFL-FRO,74.7849459613507,69
2022-04-24 02:30:00,CVaR-DFL-FRO,55.48980263242907,69
2022-04-24 02:45:00,CVaR-DFL-FRO,55.95650859929568,69
2022-04-24 03:00:00,CVaR-DFL-FRO,32.572488673128035,69
2022-04-24 03:15:00,CVaR-DFL-FRO,40.930831519110605,69
2022-04-24 03:30:00,CVaR-DFL-FRO,74.87020706370424,69
2022-04-24 03:45:00,CVaR-DFL-FRO,28.681166230615727,69
2022-04-24 04:00:00,CVaR-DFL-FRO,80.6808493235338,69
2022-04-24 04:15:00,CVaR-DFL-FRO,62.51094201869302,69
2022-04-24 04:30:00,CVaR-DFL-FRO,42.86217496841353,69
2022-04-24 04:45:00,CVaR-DFL-FRO,41.77987746246244,69
2022-04-24 05:00:00,CVaR-DFL-FRO,95.37410435107822,69
2022-04-24 05:15:00,CVaR-DFL-FRO,82.36828788682283,69
2022-04-24 05:30:00,CVaR-DFL-FRO,51.83281635366552,69
2022-04-24 05:45:00,CVaR-DFL-FRO,55.973827894202465,69
2022-04-24 06:00:00,CVaR-DFL-FRO,44.196757489873875,69
2022-04-24 06:15:00,CVaR-DFL-FRO,55.977083828759405,69
2022-04-24 06:30:00,CVaR-DFL-FRO,43.827596882182654,69
2022-04-24 06:45:00,CVaR-DFL-FRO,52.47818717748837,69
2022-04-24 07:00:00,CVaR-DFL-FRO,92.93495977037335,69
2022-04-24 07:15:00,CVaR-DFL-FRO,52.207833292512646,69
2022-04-24 07:30:00,CVaR-DFL-FRO,39.13704586608008,69
2022-04-24 07:45:00,CVaR-DFL-FRO,35.54319098768087,69
2022-04-24 08:00:00,CVaR-DFL-FRO,55.847394766724044,69
2022-04-24 08:15:00,CVaR-DFL-FRO,42.68908700890346,69
2022-04-24 08:30:00,CVaR-DFL-FRO,57.903318382328564,69
2022-04-24 08:45:00,CVaR-DFL-FRO,32.92264101920402,69
2022-04-24 09:00:00,CVaR-DFL-FRO,66.22153530571654,69
2022-04-24 09:15:00,CVaR-DFL-FRO,38.993519564989334,69
2022-04-24 09:30:00,CVaR-DFL-FRO,54.49830559758962,69
2022-04-24 09:45:00,CVaR-DFL-FRO,48.51164448421548,69
2022-04-24 10:00:00,CVaR-DFL-FRO,90.38534599026853,69
2022-04-24 10:15:00,CVaR-DFL-FRO,56.60220895185173,69
2022-04-24 10:30:00,CVaR-DFL-FRO,96.81374600462078,69
2022-04-24 10:45:00,CVaR-DFL-FRO,63.67687774723442,69
2022-04-24 11:00:00,CVaR-DFL-FRO,82.71793275838057,69
2022-04-24 11:15:00,CVaR-DFL-FRO,50.45022690181294,69
2022-04-24 11:30:00,CVaR-DFL-FRO,59.66216789775895,69
2022-04-24 11:45:00,CVaR-DFL-FRO,77.70175582733552,69
2022-04-24 12:00:00,CVaR-DFL-FRO,70.66630674708937,69
2022-04-24 12:15:00,CVaR-DFL-FRO,63.10629557983854,69
2022-04-24 12:30:00,CVaR-DFL-FRO,48.66406865413422,69
2022-04-24 12:45:00,CVaR-DFL-FRO,51.21958342086131,69
2022-04-24 13:00:00,CVaR-DFL-FRO,75.82104052899139,69
2022-04-24 13:15:00,CVaR-DFL-FRO,80.75212668429444,69
2022-04-24 13:30:00,CVaR-DFL-FRO,44.91553178110134,69
2022-04-24 13:45:00,CVaR-DFL-FRO,42.9109948169555,69
2022-04-24 14:00:00,CVaR-DFL-FRO,40.878516233665096,69
2022-04-24 14:15:00,CVaR-DFL-FRO,69.07537002153614,69
2022-04-24 14:30:00,CVaR-DFL-FRO,40.56628642626504,69
2022-04-24 14:45:00,CVaR-DFL-FRO,68.82300495915437,69
2022-04-24 15:00:00,CVaR-DFL-FRO,63.38754045553301,69
2022-04-24 15:15:00,CVaR-DFL-FRO,45.56944112652876,69
2022-04-24 15:30:00,CVaR-DFL-FRO,86.25665810405846,69
2022-04-24 15:45:00,CVaR-DFL-FRO,34.526834022402554,69
2022-04-24 16:00:00,CVaR-DFL-FRO,88.79003398513392,69
2022-04-24 16:15:00,CVaR-DFL-FRO,59.18361613782568,69
2022-04-24 16:30:00,CVaR-DFL-FRO,28.697449691075278,69
2022-04-24 16:45:00,CVaR-DFL-FRO,86.99104235834916,69
2022-04-24 17:00:00,CVaR-DFL-FRO,72.11896203438235,69
2022-04-24 17:15:00,CVaR-DFL-FRO,47.209772491484216,69
2022-04-24 17:30:00,CVaR-DFL-FRO,40.135986554243885,69
2022-04-24 17:45:00,CVaR-DFL-FRO,33.42889864565966,69
2022-04-24 18:00:00,CVaR-DFL-FRO,111.6072089737816,69
2022-04-24 18:15:00,CVaR-DFL-FRO,40.64114175319573,69
2022-04-24 18:30:00,CVaR-DFL-FRO,36.665895721770475,69
2022-04-24 18:45:00,CVaR-DFL-FRO,58.27796807941308,69
2022-04-24 19:00:00,CVaR-DFL-FRO,32.73996023235499,69
2022-04-24 19:15:00,CVaR-DFL-FRO,39.932154555022336,69
2022-04-24 19:30:00,CVaR-DFL-FRO,72.61723795530942,69
2022-04-24 19:45:00,CVaR-DFL-FRO,61.843969286614104,69
2022-04-24 20:00:00,CVaR-DFL-FRO,47.81123527055953,69
2022-04-24 20:15:00,CVaR-DFL-FRO,54.0387133995199,69
2022-04-24 20:30:00,CVaR-DFL-FRO,47.006539043754415,69
2022-04-24 20:45:00,CVaR-DFL-FRO,52.741549760150455,69
2022-04-24 21:00:00,CVaR-DFL-FRO,42.677254533343145,69
2022-04-24 21:15:00,CVaR-DFL-FRO,45.0874089569481,69
2022-04-24 21:30:00,CVaR-DFL-FRO,44.67407593747433,69
2022-04-24 21:45:00,CVaR-DFL-FRO,43.14400122318235,69
2022-04-24 22:00:00,CVaR-DFL-FRO,73.70055234965619,69
2022-04-24 22:15:00,CVaR-DFL-FRO,67.84126023961463,69
2022-04-24 22:30:00,CVaR-DFL-FRO,40.530852025701506,69
2022-04-24 22:45:00,CVaR-DFL-FRO,37.44161572723529,69
2022-04-24 23:00:00,CVaR-DFL-FRO,51.242832082857426,69
2022-04-24 23:15:00,CVaR-DFL-FRO,103.15898821921306,69
2022-04-24 23:30:00,CVaR-DFL-FRO,39.378364904344735,69
2022-04-24 23:45:00,CVaR-DFL-FRO,51.18166209429868,69
2022-04-24 03:00:00,CVaR-DFL-RTRO,57.932354042631,69
2022-04-24 04:30:00,CVaR-DFL-RTRO,83.2261982694685,69
2022-04-24 05:15:00,CVaR-DFL-RTRO,66.74067476812937,69
2022-04-24 08:45:00,CVaR-DFL-RTRO,82.39484405090448,69
2022-04-24 15:15:00,CVaR-DFL-RTRO,46.42920340921142,69
2022-04-24 16:00:00,CVaR-DFL-RTRO,90.62721851074494,69
2022-04-24 16:30:00,CVaR-DFL-RTRO,75.833312527575,69
2022-04-24 17:30:00,CVaR-DFL-RTRO,74.60354862568936,69
2022-04-24 18:30:00,CVaR-DFL-RTRO,128.75711303371332,69
2022-04-24 19:30:00,CVaR-DFL-RTRO,63.42785576123564,69
2022-04-24 20:00:00,CVaR-DFL-RTRO,79.03405954515948,69
2022-04-24 20:15:00,CVaR-DFL-RTRO,73.43705567111688,69
2022-04-24 20:30:00,CVaR-DFL-RTRO,75.64893311510616,69
2022-04-24 23:45:00,CVaR-DFL-RTRO,139.82007429551066,69
2022-04-25 00:00:00,LSTM-FRO,36.919484712949476,69
2022-04-25 00:15:00,LSTM-FRO,68.08934986759293,69
2022-04-25 00:30:00,LSTM-FRO,39.40557035467296,69
2022-04-25 00:45:00,LSTM-FRO,28.451060945860043,69
2022-04-25 01:00:00,LSTM-FRO,35.34538985262056,69
2022-04-25 01:15:00,LSTM-FRO,31.131060448708908,69
2022-04-25 01:30:00,LSTM-FRO,27.093288567627926,69
2022-04-25 01:45:00,LSTM-FRO,38.862045756975554,69
2022-04-25 02:00:00,LSTM-FRO,41.82617574871263,69
2022-04-25 02:15:00,LSTM-FRO,57.25466371348299,69
2022-04-25 02:30:00,LSTM-FRO,49.85677297294455,69
2022-04-25 02:45:00,LSTM-FRO,49.28970019656182,69
2022-04-25 03:00:00,LSTM-FRO,34.0189571966434,69
2022-04-25 03:15:00,LSTM-FRO,53.159829132615364,69
2022-04-25 03:30:00,LSTM-FRO,60.36469805574666,69
2022-04-25 03:45:00,LSTM-FRO,47.00257794786892,69
2022-04-25 04:00:00,LSTM-FRO,47.333494594764666,69
2022-04-25 04:15:00,LSTM-FRO,30.989889887470493,69
2022-04-25 04:30:00,LSTM-FRO,55.470699182725696,69
2022-04-25 04:45:00,LSTM-FRO,66.56700767220946,69
2022-04-25 05:00:00,LSTM-FRO,46.165065027090314,69
2022-04-25 05:15:00,LSTM-FRO,36.669374426216145,69
2022-04-25 05:30:00,LSTM-FRO,40.87351036565276,69
2022-04-25 05:45:00,LSTM-FRO,38.30601591114871,69
2022-04-25 06:00:00,LSTM-FRO,38.88708119918818,69
2022-04-25 06:15:00,LSTM-FRO,50.089882513391395,69
2022-04-25 06:30:00,LSTM-FRO,45.66380834156475,69
2022-04-25 06:45:00,LSTM-FRO,54.77191809619398,69
2022-04-25 07:00:00,LSTM-FRO,46.72413069162337,69
2022-04-25 07:15:00,LSTM-FRO,34.268574146558805,69
2022-04-25 07:30:00,LSTM-FRO,37.54182511608098,69
2022-04-25 07:45:00,LSTM-FRO,36.96064694835045,69
2022-04-25 08:00:00,LSTM-FRO,40.623142864991685,69
2022-04-25 08:15:00,LSTM-FRO,66.79941337144763,69
2022-04-25 08:30:00,LSTM-FRO,69.54036442214478,69
2022-04-25 08:45:00,LSTM-FRO,52.51872322660371,69
2022-04-25 09:00:00,LSTM-FRO,43.85829362104021,69
2022-04-25 09:15:00,LSTM-FRO,30.24467694893725,69
2022-04-25 09:30:00,LSTM-FRO,44.987301390167566,69
2022-04-25 09:45:00,LSTM-FRO,34.91183703809598,69
2022-04-25 10:00:00,LSTM-FRO,64.1020016520847,69
2022-04-25 10:15:00,LSTM-FRO,28.44443687931598,69
2022-04-25 10:30:00,LSTM-FRO,46.88371188581327,69
2022-04-25 10:45:00,LSTM-FRO,34.18135500730168,69
2022-04-25 11:00:00,LSTM-FRO,42.46841747233035,69
2022-04-25 11:15:00,LSTM-FRO,50.31781211636676,69
2022-04-25 11:30:00,LSTM-FRO,55.02042022687909,69
2022-04-25 11:45:00,LSTM-FRO,41.9263163732472,69
2022-04-25 12:00:00,LSTM-FRO,51.534174818682374,69
2022-04-25 12:15:00,LSTM-FRO,36.04769345997239,69
2022-04-25 12:30:00,LSTM-FRO,45.27655413137733,69
2022-04-25 12:45:00,LSTM-FRO,54.74814697220113,69
2022-04-25 13:00:00,LSTM-FRO,46.271194874330824,69
2022-04-25 13:15:00,LSTM-FRO,37.27276622681882,69
2022-04-25 13:30:00,LSTM-FRO,39.6899726456085,69
2022-04-25 13:45:00,LSTM-FRO,54.93329722465097,69
2022-04-25 14:00:00,LSTM-FRO,32.36419441008094,69
2022-04-25 14:15:00,LSTM-FRO,33.58530104340873,69
2022-04-25 14:30:00,LSTM-FRO,49.50987852422365,69
2022-04-25 14:45:00,LSTM-FRO,38.126392756295466,69
2022-04-25 15:00:00,LSTM-FRO,29.55856778929498,69
2022-04-25 15:15:00,LSTM-FRO,59.75535986972241,69
2022-04-25 15:30:00,LSTM-FRO,32.30124315559818,69
2022-04-25 15:45:00,LSTM-FRO,40.49119175804558,69
2022-04-25 16:00:00,LSTM-FRO,36.43846367693966,69
2022-04-25 16:15:00,LSTM-FRO,39.504670733599006,69
2022-04-25 16:30:00,LSTM-FRO,34.09240065964951,69
2022-04-25 16:45:00,LSTM-FRO,50.93050382654012,69
2022-04-25 17:00:00,LSTM-FRO,43.77095681766672,69
2022-04-25 17:15:00,LSTM-FRO,54.49373669777854,69
2022-04-25 17:30:00,LSTM-FRO,36.5332858354834,69
2022-04-25 17:45:00,LSTM-FRO,72.72048786597907,69
2022-04-25 18:00:00,LSTM-FRO,26.390559260658303,69
2022-04-25 18:15:00,LSTM-FRO,28.594577623362653,69
2022-04-25 18:30:00,LSTM-FRO,66.1049607835798,69
2022-04-25 18:45:00,LSTM-FRO,47.949711937071385,69
2022-04-25 19:00:00,LSTM-FRO,46.37919318099114,69
2022-04-25 19:15:00,LSTM-FRO,47.43767416899988,69
2022-04-25 19:30:00,LSTM-FRO,49.13370456449566,69
2022-04-25 19:45:00,LSTM-FRO,45.89715176470089,69
2022-04-25 20:00:00,LSTM-FRO,33.40376806608428,69
2022-04-25 20:15:00,LSTM-FRO,52.276556408915944,69
2022-04-25 20:30:00,LSTM-FRO,50.2497731133271,69
2022-04-25 20:45:00,LSTM-FRO,60.93103974056538,69
2022-04-25 21:00:00,LSTM-FRO,66.29035778392112,69
2022-04-25 21:15:00,LSTM-FRO,46.25234144803329,69
2022-04-25 21:30:00,LSTM-FRO,31.280204962348222,69
2022-04-25 21:45:00,LSTM-FRO,66.42832389383594,69
2022-04-25 22:00:00,LSTM-FRO,32.968514958481926,69
2022-04-25 22:15:00,LSTM-FRO,46.33936911865426,69
2022-04-25 22:30:00,LSTM-FRO,39.91287240999531,69
2022-04-25 22:45:00,LSTM-FRO,38.208010234634564,69
2022-04-25 23:00:00,LSTM-FRO,51.574082855021324,69
2022-04-25 23:15:00,LSTM-FRO,45.26429407155747,69
2022-04-25 23:30:00,LSTM-FRO,48.42390116310105,69
2022-04-25 23:45:00,LSTM-FRO,34.6875033215884,69
2022-04-25 00:00:00,Transformer-FRO,38.29423719761375,69
2022-04-25 00:15:00,Transformer-FRO,44.38275652982569,69
2022-04-25 00:30:00,Transformer-FRO,45.314325580238595,69
2022-04-25 00:45:00,Transformer-FRO,75.29205740869777,69
2022-04-25 01:00:00,Transformer-FRO,43.69570975015659,69
2022-04-25 01:15:00,Transformer-FRO,26.965294807065856,69
2022-04-25 01:30:00,Transformer-FRO,67.0329853171823,69
2022-04-25 01:45:00,Transformer-FRO,52.485831284131436,69
2022-04-25 02:00:00,Transformer-FRO,45.17099576125581,69
2022-04-25 02:15:00,Transformer-FRO,41.73143229100937,69
2022-04-25 02:30:00,Transformer-FRO,36.576901425280596,69
2022-04-25 02:45:00,Transformer-FRO,77.13998215625664,69
2022-04-25 03:00:00,Transformer-FRO,47.35872764346546,69
2022-04-25 03:15:00,Transformer-FRO,29.810723737125496,69
2022-04-25 03:30:00,Transformer-FRO,50.86179278887525,69
2022-04-25 03:45:00,Transformer-FRO,63.836191004996245,69
2022-04-25 04:00:00,Transformer-FRO,48.657380368839874,69
2022-04-25 04:15:00,Transformer-FRO,37.00829961316043,69
2022-04-25 04:30:00,Transformer-FRO,36.161600371385255,69
2022-04-25 04:45:00,Transformer-FRO,36.85807690013031,69
2022-04-25 05:00:00,Transformer-FRO,69.2637380521432,69
2022-04-25 05:15:00,Transformer-FRO,45.869722796379826,69
2022-04-25 05:30:00,Transformer-FRO,30.269347856945902,69
2022-04-25 05:45:00,Transformer-FRO,51.60912060911998,69
2022-04-25 06:00:00,Transformer-FRO,48.46397819390558,69
2022-04-25 06:15:00,Transformer-FRO,41.6055483985695,69
2022-04-25 06:30:00,Transformer-FRO,35.888283771404254,69
2022-04-25 06:45:00,Transformer-FRO,35.48686333652856,69
2022-04-25 07:00:00,Transformer-FRO,61.892657264407966,69
2022-04-25 07:15:00,Transformer-FRO,49.81723823544446,69
2022-04-25 07:30:00,Transformer-FRO,52.886259699360814,69
2022-04-25 07:45:00,Transformer-FRO,49.78176405548974,69
2022-04-25 08:00:00,Transformer-FRO,50.86111754220912,69
2022-04-25 08:15:00,Transformer-FRO,41.39623867260289,69
2022-04-25 08:30:00,Transformer-FRO,44.305247175263695,69
2022-04-25 08:45:00,Transformer-FRO,63.15855583226285,69
2022-04-25 09:00:00,Transformer-FRO,67.37191097589748,69
2022-04-25 09:15:00,Transformer-FRO,34.064117493915994,69
2022-04-25 09:30:00,Transformer-FRO,44.27741494774022,69
2022-04-25 09:45:00,Transformer-FRO,58.056944425211555,69
2022-04-25 10:00:00,Transformer-FRO,76.03132155685918,69
2022-04-25 10:15:00,Transformer-FRO,74.08766724525555,69
2022-04-25 10:30:00,Transformer-FRO,38.03538178915323,69
2022-04-25 10:45:00,Transformer-FRO,64.98359188289388,69
2022-04-25 11:00:00,Transformer-FRO,47.44199175673772,69
2022-04-25 11:15:00,Transformer-FRO,61.22049290077692,69
2022-04-25 11:30:00,Transformer-FRO,57.29603018878559,69
2022-04-25 11:45:00,Transformer-FRO,33.69718351160136,69
2022-04-25 12:00:00,Transformer-FRO,53.87105391580186,69
2022-04-25 12:15:00,Transformer-FRO,60.61042812391363,69
2022-04-25 12:30:00,Transformer-FRO,46.48492792912416,69
2022-04-25 12:45:00,Transformer-FRO,43.84370041017325,69
2022-04-25 13:00:00,Transformer-FRO,31.119262874911133,69
2022-04-25 13:15:00,Transformer-FRO,55.76578450800459,69
2022-04-25 13:30:00,Transformer-FRO,49.32024045054609,69
2022-04-25 13:45:00,Transformer-FRO,36.81172609266679,69
2022-04-25 14:00:00,Transformer-FRO,42.95109318267302,69
2022-04-25 14:15:00,Transformer-FRO,48.633078875371965,69
2022-04-25 14:30:00,Transformer-FRO,40.44119559244211,69
2022-04-25 14:45:00,Transformer-FRO,46.76026366697037,69
2022-04-25 15:00:00,Transformer-FRO,29.716944739666307,69
2022-04-25 15:15:00,Transformer-FRO,66.24580963038008,69
2022-04-25 15:30:00,Transformer-FRO,46.92057609105238,69
2022-04-25 15:45:00,Transformer-FRO,35.16288541559116,69
2022-04-25 16:00:00,Transformer-FRO,24.73284807933577,69
2022-04-25 16:15:00,Transformer-FRO,60.978987652803255,69
2022-04-25 16:30:00,Transformer-FRO,53.98428224151729,69
2022-04-25 16:45:00,Transformer-FRO,49.344960952250915,69
2022-04-25 17:00:00,Transformer-FRO,58.42394250325496,69
2022-04-25 17:15:00,Transformer-FRO,58.382406672094774,69
2022-04-25 17:30:00,Transformer-FRO,49.13802444482374,69
2022-04-25 17:45:00,Transformer-FRO,43.75422876204945,69
2022-04-25 18:00:00,Transformer-FRO,41.94867054584199,69
2022-04-25 18:15:00,Transformer-FRO,52.102811360292975,69
2022-04-25 18:30:00,Transformer-FRO,67.0666271034312,69
2022-04-25 18:45:00,Transformer-FRO,45.50058574795814,69
2022-04-25 19:00:00,Transformer-FRO,68.45902901978756,69
2022-04-25 19:15:00,Transformer-FRO,51.46273925053038,69
2022-04-25 19:30:00,Transformer-FRO,51.563181676199505,69
2022-04-25 19:45:00,Transformer-FRO,87.04525617160473,69
2022-04-25 20:00:00,Transformer-FRO,71.65121960793374,69
2022-04-25 20:15:00,Transformer-FRO,72.13340798268877,69
2022-04-25 20:30:00,Transformer-FRO,38.01712850365931,69
2022-04-25 20:45:00,Transformer-FRO,82.3809435630414,69
2022-04-25 21:00:00,Transformer-FRO,45.74469260183296,69
2022-04-25 21:15:00,Transformer-FRO,44.0577043769092,69
2022-04-25 21:30:00,Transformer-FRO,26.731616204444858,69
2022-04-25 21:45:00,Transformer-FRO,50.84273127548442,69
2022-04-25 22:00:00,Transformer-FRO,35.30870213707045,69
2022-04-25 22:15:00,Transformer-FRO,51.9320990913934,69
2022-04-25 22:30:00,Transformer-FRO,34.60160128936193,69
2022-04-25 22:45:00,Transformer-FRO,74.38991163720182,69
2022-04-25 23:00:00,Transformer-FRO,53.893352802708726,69
2022-04-25 23:15:00,Transformer-FRO,84.27077395271775,69
2022-04-25 23:30:00,Transformer-FRO,35.8639969160113,69
2022-04-25 23:45:00,Transformer-FRO,69.75854623669224,69
2022-04-25 00:00:00,DFL-FRO,51.27114104993001,69
2022-04-25 00:15:00,DFL-FRO,40.44682324673241,69
2022-04-25 00:30:00,DFL-FRO,42.60013953232163,69
2022-04-25 00:45:00,DFL-FRO,41.78348337637563,69
2022-04-25 01:00:00,DFL-FRO,37.33904535510276,69
2022-04-25 01:15:00,DFL-FRO,33.87291492992899,69
2022-04-25 01:30:00,DFL-FRO,42.666718221534694,69
2022-04-25 01:45:00,DFL-FRO,49.955517215519805,69
2022-04-25 02:00:00,DFL-FRO,67.15511650438691,69
2022-04-25 02:15:00,DFL-FRO,52.5505424375733,69
2022-04-25 02:30:00,DFL-FRO,67.20911057899535,69
2022-04-25 02:45:00,DFL-FRO,31.8460131744304,69
2022-04-25 03:00:00,DFL-FRO,42.78082788555026,69
2022-04-25 03:15:00,DFL-FRO,59.09585211533804,69
2022-04-25 03:30:00,DFL-FRO,53.2653514276914,69
2022-04-25 03:45:00,DFL-FRO,37.907923254224144,69
2022-04-25 04:00:00,DFL-FRO,62.938396114219344,69
2022-04-25 04:15:00,DFL-FRO,41.609479314186,69
2022-04-25 04:30:00,DFL-FRO,38.81587969014518,69
2022-04-25 04:45:00,DFL-FRO,55.47234346964174,69
2022-04-25 05:00:00,DFL-FRO,48.429424769679414,69
2022-04-25 05:15:00,DFL-FRO,41.70784342087809,69
2022-04-25 05:30:00,DFL-FRO,41.30979374582716,69
2022-04-25 05:45:00,DFL-FRO,35.739021608748516,69
2022-04-25 06:00:00,DFL-FRO,43.23289709953881,69
2022-04-25 06:15:00,DFL-FRO,65.95810758399165,69
2022-04-25 06:30:00,DFL-FRO,51.80201098768504,69
2022-04-25 06:45:00,DFL-FRO,63.375831757227516,69
2022-04-25 07:00:00,DFL-FRO,55.930430286384414,69
2022-04-25 07:15:00,DFL-FRO,40.6687650461665,69
2022-04-25 07:30:00,DFL-FRO,30.34494687715259,69
2022-04-25 07:45:00,DFL-FRO,37.211268005986554,69
2022-04-25 08:00:00,DFL-FRO,39.99686412146397,69
2022-04-25 08:15:00,DFL-FRO,39.13265993202162,69
2022-04-25 08:30:00,DFL-FRO,63.77848366874346,69
2022-04-25 08:45:00,DFL-FRO,63.590871497678876,69
2022-04-25 09:00:00,DFL-FRO,90.28974963879946,69
2022-04-25 09:15:00,DFL-FRO,38.96571634058438,69
2022-04-25 09:30:00,DFL-FRO,75.9064686478338,69
2022-04-25 09:45:00,DFL-FRO,75.77408118545873,69
2022-04-25 10:00:00,DFL-FRO,45.27574661372859,69
2022-04-25 10:15:00,DFL-FRO,55.26293512151144,69
2022-04-25 10:30:00,DFL-FRO,68.63219427852046,69
2022-04-25 10:45:00,DFL-FRO,47.547268132428954,69
2022-04-25 11:00:00,DFL-FRO,46.51834613044765,69
2022-04-25 11:15:00,DFL-FRO,40.49580678833314,69
2022-04-25 11:30:00,DFL-FRO,24.825341423213082,69
2022-04-25 11:45:00,DFL-FRO,49.31692003425153,69
2022-04-25 12:00:00,DFL-FRO,39.5628494436099,69
2022-04-25 12:15:00,DFL-FRO,35.683030484736406,69
2022-04-25 12:30:00,DFL-FRO,54.46709495358115,69
2022-04-25 12:45:00,DFL-FRO,32.088543322137326,69
2022-04-25 13:00:00,DFL-FRO,60.7040814118963,69
2022-04-25 13:15:00,DFL-FRO,55.419911562021966,69
2022-04-25 13:30:00,DFL-FRO,43.178660623889364,69
2022-04-25 13:45:00,DFL-FRO,47.488414953257646,69
2022-04-25 14:00:00,DFL-FRO,34.54400488317595,69
2022-04-25 14:15:00,DFL-FRO,59.75596355273591,69
2022-04-25 14:30:00,DFL-FRO,50.97212756968057,69
2022-04-25 14:45:00,DFL-FRO,52.055712204181404,69
2022-04-25 15:00:00,DFL-FRO,55.70692898196097,69
2022-04-25 15:15:00,DFL-FRO,40.32373465926401,69
2022-04-25 15:30:00,DFL-FRO,31.480454154246992,69
2022-04-25 15:45:00,DFL-FRO,63.35300326303536,69
2022-04-25 16:00:00,DFL-FRO,58.725073864761875,69
2022-04-25 16:15:00,DFL-FRO,41.56149700575919,69
2022-04-25 16:30:00,DFL-FRO,54.26624606462902,69
2022-04-25 16:45:00,DFL-FRO,68.96716656015238,69
2022-04-25 17:00:00,DFL-FRO,66.68277450365878,69
2022-04-25 17:15:00,DFL-FRO,41.22017338445187,69
2022-04-25 17:30:00,DFL-FRO,31.750964868359294,69
2022-04-25 17:45:00,DFL-FRO,33.32705493467369,69
2022-04-25 18:00:00,DFL-FRO,44.27102929322351,69
2022-04-25 18:15:00,DFL-FRO,73.06426575694394,69
2022-04-25 18:30:00,DFL-FRO,39.35584277235616,69
2022-04-25 18:45:00,DFL-FRO,40.85200364740932,69
2022-04-25 19:00:00,DFL-FRO,40.61522265920887,69
2022-04-25 19:15:00,DFL-FRO,41.604102251352955,69
2022-04-25 19:30:00,DFL-FRO,48.19208045767558,69
2022-04-25 19:45:00,DFL-FRO,33.678690716712595,69
2022-04-25 20:00:00,DFL-FRO,65.66724356565855,69
2022-04-25 20:15:00,DFL-FRO,46.4077397279894,69
2022-04-25 20:30:00,DFL-FRO,97.36819469357327,69
2022-04-25 20:45:00,DFL-FRO,34.70681903527336,69
2022-04-25 21:00:00,DFL-FRO,75.74410580803658,69
2022-04-25 21:15:00,DFL-FRO,71.61440375722078,69
2022-04-25 21:30:00,DFL-FRO,43.03876758109697,69
2022-04-25 21:45:00,DFL-FRO,43.241293520508925,69
2022-04-25 22:00:00,DFL-FRO,37.269706855059155,69
2022-04-25 22:15:00,DFL-FRO,37.39069604159511,69
2022-04-25 22:30:00,DFL-FRO,48.336847439458495,69
2022-04-25 22:45:00,DFL-FRO,48.62851331387916,69
2022-04-25 23:00:00,DFL-FRO,30.74855132179178,69
2022-04-25 23:15:00,DFL-FRO,92.39528159289034,69
2022-04-25 23:30:00,DFL-FRO,44.92861627580251,69
2022-04-25 23:45:00,DFL-FRO,49.24928737315764,69
2022-04-25 00:00:00,CVaR-DFL-FRO,52.79967690495221,69
2022-04-25 00:15:00,CVaR-DFL-FRO,51.36780596133903,69
2022-04-25 00:30:00,CVaR-DFL-FRO,57.1915153766816,69
2022-04-25 00:45:00,CVaR-DFL-FRO,56.99011489719897,69
2022-04-25 01:00:00,CVaR-DFL-FRO,73.0259391600436,69
2022-04-25 01:15:00,CVaR-DFL-FRO,61.31597819150717,69
2022-04-25 01:30:00,CVaR-DFL-FRO,70.83703435230316,69
2022-04-25 01:45:00,CVaR-DFL-FRO,57.07258072012337,69
2022-04-25 02:00:00,CVaR-DFL-FRO,61.39083668316534,69
2022-04-25 02:15:00,CVaR-DFL-FRO,53.2119023156735,69
2022-04-25 02:30:00,CVaR-DFL-FRO,77.54018852294023,69
2022-04-25 02:45:00,CVaR-DFL-FRO,63.11167006996772,69
2022-04-25 03:00:00,CVaR-DFL-FRO,54.56892825624594,69
2022-04-25 03:15:00,CVaR-DFL-FRO,54.07854890640626,69
2022-04-25 03:30:00,CVaR-DFL-FRO,55.381214334492356,69
2022-04-25 03:45:00,CVaR-DFL-FRO,57.771951360820346,69
2022-04-25 04:00:00,CVaR-DFL-FRO,56.27438322130545,69
2022-04-25 04:15:00,CVaR-DFL-FRO,48.337495570863126,69
2022-04-25 04:30:00,CVaR-DFL-FRO,72.14821549201035,69
2022-04-25 04:45:00,CVaR-DFL-FRO,73.54055928360222,69
2022-04-25 05:00:00,CVaR-DFL-FRO,98.20142159663231,69
2022-04-25 05:15:00,CVaR-DFL-FRO,47.68688303878519,69
2022-04-25 05:30:00,CVaR-DFL-FRO,70.03055709648292,69
2022-04-25 05:45:00,CVaR-DFL-FRO,32.12576948972281,69
2022-04-25 06:00:00,CVaR-DFL-FRO,73.56208040228952,69
2022-04-25 06:15:00,CVaR-DFL-FRO,36.840022012900214,69
2022-04-25 06:30:00,CVaR-DFL-FRO,42.49856620257978,69
2022-04-25 06:45:00,CVaR-DFL-FRO,63.29530634695782,69
2022-04-25 07:00:00,CVaR-DFL-FRO,47.42975529742241,69
2022-04-25 07:15:00,CVaR-DFL-FRO,45.50593352096587,69
2022-04-25 07:30:00,CVaR-DFL-FRO,49.43234459733256,69
2022-04-25 07:45:00,CVaR-DFL-FRO,71.3822889965945,69
2022-04-25 08:00:00,CVaR-DFL-FRO,43.16518972378983,69
2022-04-25 08:15:00,CVaR-DFL-FRO,56.31196031775157,69
2022-04-25 08:30:00,CVaR-DFL-FRO,51.04588496024187,69
2022-04-25 08:45:00,CVaR-DFL-FRO,73.35865830316028,69
2022-04-25 09:00:00,CVaR-DFL-FRO,73.98346836212627,69
2022-04-25 09:15:00,CVaR-DFL-FRO,32.851730401183595,69
2022-04-25 09:30:00,CVaR-DFL-FRO,78.53177306741425,69
2022-04-25 09:45:00,CVaR-DFL-FRO,47.584175119728926,69
2022-04-25 10:00:00,CVaR-DFL-FRO,61.484517327862555,69
2022-04-25 10:15:00,CVaR-DFL-FRO,43.08666061591188,69
2022-04-25 10:30:00,CVaR-DFL-FRO,64.04485332259901,69
2022-04-25 10:45:00,CVaR-DFL-FRO,123.87031364171263,69
2022-04-25 11:00:00,CVaR-DFL-FRO,59.487591517607044,69
2022-04-25 11:15:00,CVaR-DFL-FRO,49.80719422861224,69
2022-04-25 11:30:00,CVaR-DFL-FRO,53.35933119636526,69
2022-04-25 11:45:00,CVaR-DFL-FRO,36.701534143097525,69
2022-04-25 12:00:00,CVaR-DFL-FRO,88.73854968667115,69
2022-04-25 12:15:00,CVaR-DFL-FRO,62.92596916313568,69
2022-04-25 12:30:00,CVaR-DFL-FRO,41.676392204287765,69
2022-04-25 12:45:00,CVaR-DFL-FRO,42.089243539564315,69
2022-04-25 13:00:00,CVaR-DFL-FRO,57.50754001079046,69
2022-04-25 13:15:00,CVaR-DFL-FRO,75.88956664216359,69
2022-04-25 13:30:00,CVaR-DFL-FRO,40.40872006159658,69
2022-04-25 13:45:00,CVaR-DFL-FRO,80.17151705832924,69
2022-04-25 14:00:00,CVaR-DFL-FRO,55.677009146630404,69
2022-04-25 14:15:00,CVaR-DFL-FRO,43.19977400413354,69
2022-04-25 14:30:00,CVaR-DFL-FRO,49.68914630332669,69
2022-04-25 14:45:00,CVaR-DFL-FRO,97.15807910396586,69
2022-04-25 15:00:00,CVaR-DFL-FRO,37.61002546339837,69
2022-04-25 15:15:00,CVaR-DFL-FRO,45.87171520122468,69
2022-04-25 15:30:00,CVaR-DFL-FRO,76.36377475630876,69
2022-04-25 15:45:00,CVaR-DFL-FRO,61.116630538891236,69
2022-04-25 16:00:00,CVaR-DFL-FRO,45.05537336380099,69
2022-04-25 16:15:00,CVaR-DFL-FRO,76.6463983710262,69
2022-04-25 16:30:00,CVaR-DFL-FRO,77.75595181519243,69
2022-04-25 16:45:00,CVaR-DFL-FRO,63.2793239511076,69
2022-04-25 17:00:00,CVaR-DFL-FRO,47.56055977492698,69
2022-04-25 17:15:00,CVaR-DFL-FRO,49.830453830274514,69
2022-04-25 17:30:00,CVaR-DFL-FRO,62.39121901526341,69
2022-04-25 17:45:00,CVaR-DFL-FRO,38.48818934788718,69
2022-04-25 18:00:00,CVaR-DFL-FRO,85.54395520855208,69
2022-04-25 18:15:00,CVaR-DFL-FRO,95.74725937199979,69
2022-04-25 18:30:00,CVaR-DFL-FRO,53.298120152684,69
2022-04-25 18:45:00,CVaR-DFL-FRO,63.75426735250807,69
2022-04-25 19:00:00,CVaR-DFL-FRO,81.94691276217037,69
2022-04-25 19:15:00,CVaR-DFL-FRO,103.43794977305029,69
2022-04-25 19:30:00,CVaR-DFL-FRO,91.68663599947153,69
2022-04-25 19:45:00,CVaR-DFL-FRO,33.85827116057603,69
2022-04-25 20:00:00,CVaR-DFL-FRO,52.02984122767155,69
2022-04-25 20:15:00,CVaR-DFL-FRO,66.60514120185454,69
2022-04-25 20:30:00,CVaR-DFL-FRO,49.29193533142668,69
2022-04-25 20:45:00,CVaR-DFL-FRO,98.16903800564232,69
2022-04-25 21:00:00,CVaR-DFL-FRO,93.71706586818867,69
2022-04-25 21:15:00,CVaR-DFL-FRO,44.72006064039595,69
2022-04-25 21:30:00,CVaR-DFL-FRO,54.49756422710506,69
2022-04-25 21:45:00,CVaR-DFL-FRO,45.627248213547624,69
2022-04-25 22:00:00,CVaR-DFL-FRO,53.960570717644124,69
2022-04-25 22:15:00,CVaR-DFL-FRO,53.46807662920899,69
2022-04-25 22:30:00,CVaR-DFL-FRO,76.40246966609674,69
2022-04-25 22:45:00,CVaR-DFL-FRO,43.7493145644719,69
2022-04-25 23:00:00,CVaR-DFL-FRO,25.93417061379964,69
2022-04-25 23:15:00,CVaR-DFL-FRO,35.22715882518899,69
2022-04-25 23:30:00,CVaR-DFL-FRO,41.936916623455595,69
2022-04-25 23:45:00,CVaR-DFL-FRO,46.94160536082122,69
2022-04-25 03:45:00,CVaR-DFL-RTRO,64.4516391243622,69
2022-04-25 05:00:00,CVaR-DFL-RTRO,54.93246233124004,69
2022-04-25 13:15:00,CVaR-DFL-RTRO,45.09491104126892,69
2022-04-25 13:30:00,CVaR-DFL-RTRO,64.09766676807259,69
2022-04-25 14:30:00,CVaR-DFL-RTRO,110.70590135453375,69
2022-04-25 14:45:00,CVaR-DFL-RTRO,50.50256033432411,69
2022-04-25 17:45:00,CVaR-DFL-RTRO,62.94200698883876,69
2022-04-25 18:00:00,CVaR-DFL-RTRO,43.93056737645824,69
2022-04-25 19:00:00,CVaR-DFL-RTRO,42.0136304947155,69
2022-04-25 20:15:00,CVaR-DFL-RTRO,51.519072944663236,69
2022-04-25 21:30:00,CVaR-DFL-RTRO,57.07236767291277,69
2022-04-26 00:00:00,LSTM-FRO,39.318298091355,69
2022-04-26 00:15:00,LSTM-FRO,27.512320003268275,69
2022-04-26 00:30:00,LSTM-FRO,35.562574032958466,69
2022-04-26 00:45:00,LSTM-FRO,47.19994737973252,69
2022-04-26 01:00:00,LSTM-FRO,29.590622020291722,69
2022-04-26 01:15:00,LSTM-FRO,38.06425129162843,69
2022-04-26 01:30:00,LSTM-FRO,44.788294781628174,69
2022-04-26 01:45:00,LSTM-FRO,34.194029147173424,69
2022-04-26 02:00:00,LSTM-FRO,45.33900116736956,69
2022-04-26 02:15:00,LSTM-FRO,28.405073949830793,69
2022-04-26 02:30:00,LSTM-FRO,52.011648930133774,69
2022-04-26 02:45:00,LSTM-FRO,45.61615575413548,69
2022-04-26 03:00:00,LSTM-FRO,42.19938187776949,69
2022-04-26 03:15:00,LSTM-FRO,55.19131742662433,69
2022-04-26 03:30:00,LSTM-FRO,38.311554806434074,69
2022-04-26 03:45:00,LSTM-FRO,35.634872824798194,69
2022-04-26 04:00:00,LSTM-FRO,58.732594639286944,69
2022-04-26 04:15:00,LSTM-FRO,66.05826645124462,69
2022-04-26 04:30:00,LSTM-FRO,34.96511075851994,69
2022-04-26 04:45:00,LSTM-FRO,40.442338882504636,69
2022-04-26 05:00:00,LSTM-FRO,54.09700428459107,69
2022-04-26 05:15:00,LSTM-FRO,40.80537485341327,69
2022-04-26 05:30:00,LSTM-FRO,48.31281420027344,69
2022-04-26 05:45:00,LSTM-FRO,50.61985292825618,69
2022-04-26 06:00:00,LSTM-FRO,36.13530589161452,69
2022-04-26 06:15:00,LSTM-FRO,46.2326399975184,69
2022-04-26 06:30:00,LSTM-FRO,41.549135572054375,69
2022-04-26 06:45:00,LSTM-FRO,30.65968621067729,69
2022-04-26 07:00:00,LSTM-FRO,32.4593627562621,69
2022-04-26 07:15:00,LSTM-FRO,35.327036803560844,69
2022-04-26 07:30:00,LSTM-FRO,52.53748705506133,69
2022-04-26 07:45:00,LSTM-FRO,52.97238201392816,69
2022-04-26 08:00:00,LSTM-FRO,50.23386845392881,69
2022-04-26 08:15:00,LSTM-FRO,46.475101684239185,69
2022-04-26 08:30:00,LSTM-FRO,46.15785935841092,69
2022-04-26 08:45:00,LSTM-FRO,44.61678376546816,69
2022-04-26 09:00:00,LSTM-FRO,46.0973053208645,69
2022-04-26 09:15:00,LSTM-FRO,46.8882144859137,69
2022-04-26 09:30:00,LSTM-FRO,29.249579283585284,69
2022-04-26 09:45:00,LSTM-FRO,34.12559492571051,69
2022-04-26 10:00:00,LSTM-FRO,32.14094768347328,69
2022-04-26 10:15:00,LSTM-FRO,54.946996100966196,69
2022-04-26 10:30:00,LSTM-FRO,63.03414858644861,69
2022-04-26 10:45:00,LSTM-FRO,24.14104588771694,69
2022-04-26 11:00:00,LSTM-FRO,61.637003154779705,69
2022-04-26 11:15:00,LSTM-FRO,42.52966635079073,69
2022-04-26 11:30:00,LSTM-FRO,53.65982125860035,69
2022-04-26 11:45:00,LSTM-FRO,47.25577388405488,69
2022-04-26 12:00:00,LSTM-FRO,59.74157070826596,69
2022-04-26 12:15:00,LSTM-FRO,43.863611057871864,69
2022-04-26 12:30:00,LSTM-FRO,29.551949755560184,69
2022-04-26 12:45:00,LSTM-FRO,40.524337022391954,69
2022-04-26 13:00:00,LSTM-FRO,47.36490835253698,69
2022-04-26 13:15:00,LSTM-FRO,39.41775919191508,69
2022-04-26 13:30:00,LSTM-FRO,49.08474539559591,69
2022-04-26 13:45:00,LSTM-FRO,40.933084913871554,69
2022-04-26 14:00:00,LSTM-FRO,35.835344077674584,69
2022-04-26 14:15:00,LSTM-FRO,31.683857284270807,69
2022-04-26 14:30:00,LSTM-FRO,37.71545649209921,69
2022-04-26 14:45:00,LSTM-FRO,43.8067098044536,69
2022-04-26 15:00:00,LSTM-FRO,25.445670535735616,69
2022-04-26 15:15:00,LSTM-FRO,34.21283781858731,69
2022-04-26 15:30:00,LSTM-FRO,25.2085131195152,69
2022-04-26 15:45:00,LSTM-FRO,35.64186247553345,69
2022-04-26 16:00:00,LSTM-FRO,56.2049719297214,69
2022-04-26 16:15:00,LSTM-FRO,30.897296066065188,69
2022-04-26 16:30:00,LSTM-FRO,49.64772423027755,69
2022-04-26 16:45:00,LSTM-FRO,85.08071469371112,69
2022-04-26 17:00:00,LSTM-FRO,59.939009869734434,69
2022-04-26 17:15:00,LSTM-FRO,43.032193843843565,69
2022-04-26 17:30:00,LSTM-FRO,51.62121422426357,69
2022-04-26 17:45:00,LSTM-FRO,29.50577951347228,69
2022-04-26 18:00:00,LSTM-FRO,28.03465198754659,69
2022-04-26 18:15:00,LSTM-FRO,41.91466240977293,69
2022-04-26 18:30:00,LSTM-FRO,45.99342844740176,69
2022-04-26 18:45:00,LSTM-FRO,54.77153266753875,69
2022-04-26 19:00:00,LSTM-FRO,36.07677413831926,69
2022-04-26 19:15:00,LSTM-FRO,43.68397512852692,69
2022-04-26 19:30:00,LSTM-FRO,43.30961629770656,69
2022-04-26 19:45:00,LSTM-FRO,40.263532330456506,69
2022-04-26 20:00:00,LSTM-FRO,40.86349973929883,69
2022-04-26 20:15:00,LSTM-FRO,33.57783955243036,69
2022-04-26 20:30:00,LSTM-FRO,44.64083746851179,69
2022-04-26 20:45:00,LSTM-FRO,43.70212280169787,69
2022-04-26 21:00:00,LSTM-FRO,37.26187838700509,69
2022-04-26 21:15:00,LSTM-FRO,49.183947617977246,69
2022-04-26 21:30:00,LSTM-FRO,53.86377491943229,69
2022-04-26 21:45:00,LSTM-FRO,49.32740830379733,69
2022-04-26 22:00:00,LSTM-FRO,32.03203063511835,69
2022-04-26 22:15:00,LSTM-FRO,42.66787963976872,69
2022-04-26 22:30:00,LSTM-FRO,33.103054233787056,69
2022-04-26 22:45:00,LSTM-FRO,42.634783496120804,69
2022-04-26 23:00:00,LSTM-FRO,33.135437140724456,69
2022-04-26 23:15:00,LSTM-FRO,57.34297913957576,69
2022-04-26 23:30:00,LSTM-FRO,50.65707284848289,69
2022-04-26 23:45:00,LSTM-FRO,55.58302038209338,69
2022-04-26 00:00:00,Transformer-FRO,46.537594125110196,69
2022-04-26 00:15:00,Transformer-FRO,44.70864024498747,69
2022-04-26 00:30:00,Transformer-FRO,78.31603404435091,69
2022-04-26 00:45:00,Transformer-FRO,47.82474153847483,69
2022-04-26 01:00:00,Transformer-FRO,35.15920341221968,69
2022-04-26 01:15:00,Transformer-FRO,64.76952185809824,69
2022-04-26 01:30:00,Transformer-FRO,51.80255967446871,69
2022-04-26 01:45:00,Transformer-FRO,73.68265469320716,69
2022-04-26 02:00:00,Transformer-FRO,53.148841661419276,69
2022-04-26 02:15:00,Transformer-FRO,49.653964790531006,69
2022-04-26 02:30:00,Transformer-FRO,74.0681907206511,69
2022-04-26 02:45:00,Transformer-FRO,33.52609115679846,69
2022-04-26 03:00:00,Transformer-FRO,42.898910386832554,69
2022-04-26 03:15:00,Transformer-FRO,39.67547710764525,69
2022-04-26 03:30:00,Transformer-FRO,28.289464931963394,69
2022-04-26 03:45:00,Transformer-FRO,62.558409287307434,69
2022-04-26 04:00:00,Transformer-FRO,43.210096157812984,69
2022-04-26 04:15:00,Transformer-FRO,63.081472196973685,69
2022-04-26 04:30:00,Transformer-FRO,55.19595905143012,69
2022-04-26 04:45:00,Transformer-FRO,58.39851148932198,69
2022-04-26 05:00:00,Transformer-FRO,44.365475854021525,69
2022-04-26 05:15:00,Transformer-FRO,40.95923123978056,69
2022-04-26 05:30:00,Transformer-FRO,51.08385600889727,69
2022-04-26 05:45:00,Transformer-FRO,63.30703986738119,69
2022-04-26 06:00:00,Transformer-FRO,49.26531355659869,69
2022-04-26 06:15:00,Transformer-FRO,41.62472331773007,69
2022-04-26 06:30:00,Transformer-FRO,36.60273672474322,69
2022-04-26 06:45:00,Transformer-FRO,52.61803240463801,69
2022-04-26 07:00:00,Transformer-FRO,43.24756311023508,69
2022-04-26 07:15:00,Transformer-FRO,48.99390048141341,69
2022-04-26 07:30:00,Transformer-FRO,46.92220487606328,69
2022-04-26 07:45:00,Transformer-FRO,44.4915206708052,69
2022-04-26 08:00:00,Transformer-FRO,53.852272650356866,69
2022-04-26 08:15:00,Transformer-FRO,57.60880198294861,69
2022-04-26 08:30:00,Transformer-FRO,82.97798902573501,69
2022-04-26 08:45:00,Transformer-FRO,60.72173354684224,69
2022-04-26 09:00:00,Transformer-FRO,75.37390296835072,69
2022-04-26 09:15:00,Transformer-FRO,40.387441761748704,69
2022-04-26 09:30:00,Transformer-FRO,32.988657634979035,69
2022-04-26 09:45:00,Transformer-FRO,49.725568292209246,69
2022-04-26 10:00:00,Transformer-FRO,62.313761938384474,69
2022-04-26 10:15:00,Transformer-FRO,59.83607182852445,69
2022-04-26 10:30:00,Transformer-FRO,68.27735579611146,69
2022-04-26 10:45:00,Transformer-FRO,25.898075220694885,69
2022-04-26 11:00:00,Transformer-FRO,69.01589861013592,69
2022-04-26 11:15:00,Transformer-FRO,54.435679648882214,69
2022-04-26 11:30:00,Transformer-FRO,33.47802429747457,69
2022-04-26 11:45:00,Transformer-FRO,60.183245149278356,69
2022-04-26 12:00:00,Transformer-FRO,52.14815024349047,69
2022-04-26 12:15:00,Transformer-FRO,55.08389930844654,69
2022-04-26 12:30:00,Transformer-FRO,64.62966033648654,69
2022-04-26 12:45:00,Transformer-FRO,55.78713785576328,69
2022-04-26 13:00:00,Transformer-FRO,34.100165191039,69
2022-04-26 13:15:00,Transformer-FRO,48.0988184465257,69
2022-04-26 13:30:00,Transformer-FRO,32.84646731380674,69
2022-04-26 13:45:00,Transformer-FRO,59.03514530357064,69
2022-04-26 14:00:00,Transformer-FRO,71.65333793315264,69
2022-04-26 14:15:00,Transformer-FRO,36.20319583491286,69
2022-04-26 14:30:00,Transformer-FRO,41.954097178300536,69
2022-04-26 14:45:00,Transformer-FRO,39.726755805526835,69
2022-04-26 15:00:00,Transformer-FRO,44.382625555110806,69
2022-04-26 15:15:00,Transformer-FRO,55.53013381939038,69
2022-04-26 15:30:00,Transformer-FRO,44.50719539852899,69
2022-04-26 15:45:00,Transformer-FRO,59.088128394061854,69
2022-04-26 16:00:00,Transformer-FRO,65.74702907760462,69
2022-04-26 16:15:00,Transformer-FRO,66.36860444948242,69
2022-04-26 16:30:00,Transformer-FRO,37.37610804032505,69
2022-04-26 16:45:00,Transformer-FRO,71.43052020941177,69
2022-04-26 17:00:00,Transformer-FRO,72.92667488385278,69
2022-04-26 17:15:00,Transformer-FRO,74.57875941965872,69
2022-04-26 17:30:00,Transformer-FRO,47.915187521301355,69
2022-04-26 17:45:00,Transformer-FRO,41.090870419890926,69
2022-04-26 18:00:00,Transformer-FRO,38.69365092332691,69
2022-04-26 18:15:00,Transformer-FRO,37.53500208086572,69
2022-04-26 18:30:00,Transformer-FRO,50.06265995819116,69
2022-04-26 18:45:00,Transformer-FRO,62.149974828885384,69
2022-04-26 19:00:00,Transformer-FRO,69.97904759102775,69
2022-04-26 19:15:00,Transformer-FRO,44.020756333784895,69
2022-04-26 19:30:00,Transformer-FRO,49.41454754375528,69
2022-04-26 19:45:00,Transformer-FRO,48.584440798353974,69
2022-04-26 20:00:00,Transformer-FRO,42.34858636270166,69
2022-04-26 20:15:00,Transformer-FRO,60.37377973060504,69
2022-04-26 20:30:00,Transformer-FRO,54.822635514096184,69
2022-04-26 20:45:00,Transformer-FRO,51.77640512493897,69
2022-04-26 21:00:00,Transformer-FRO,54.75825635825038,69
2022-04-26 21:15:00,Transformer-FRO,58.52414978134194,69
2022-04-26 21:30:00,Transformer-FRO,58.37275655106043,69
2022-04-26 21:45:00,Transformer-FRO,40.180202711178865,69
2022-04-26 22:00:00,Transformer-FRO,62.934154661672395,69
2022-04-26 22:15:00,Transformer-FRO,53.31952981527879,69
2022-04-26 22:30:00,Transformer-FRO,44.60461096687752,69
2022-04-26 22:45:00,Transformer-FRO,53.02882820640081,69
2022-04-26 23:00:00,Transformer-FRO,54.56275600617586,69
2022-04-26 23:15:00,Transformer-FRO,66.02658004224867,69
2022-04-26 23:30:00,Transformer-FRO,38.07893426598766,69
2022-04-26 23:45:00,Transformer-FRO,70.31335693475349,69
2022-04-26 00:00:00,DFL-FRO,47.695637845938315,69
2022-04-26 00:15:00,DFL-FRO,47.2851742051336,69
2022-04-26 00:30:00,DFL-FRO,41.470653323328506,69
2022-04-26 00:45:00,DFL-FRO,33.65393361652173,69
2022-04-26 01:00:00,DFL-FRO,66.62554800456354,69
2022-04-26 01:15:00,DFL-FRO,96.27481454401416,69
2022-04-26 01:30:00,DFL-FRO,34.846442969911294,69
2022-04-26 01:45:00,DFL-FRO,42.07156046051502,69
2022-04-26 02:00:00,DFL-FRO,68.03608823978665,69
2022-04-26 02:15:00,DFL-FRO,54.320121696942294,69
2022-04-26 02:30:00,DFL-FRO,69.6464735714808,69
2022-04-26 02:45:00,DFL-FRO,53.46654366712221,69
2022-04-26 03:00:00,DFL-FRO,46.7029631437777,69
2022-04-26 03:15:00,DFL-FRO,51.62483379665685,69
2022-04-26 03:30:00,DFL-FRO,28.079937272251644,69
2022-04-26 03:45:00,DFL-FRO,39.8391768810374,69
2022-04-26 04:00:00,DFL-FRO,71.92237389011372,69
2022-04-26 04:15:00,DFL-FRO,77.04490580207661,69
2022-04-26 04:30:00,DFL-FRO,81.85091903135618,69
2022-04-26 04:45:00,DFL-FRO,62.320432088801844,69
2022-04-26 05:00:00,DFL-FRO,29.09728603986897,69
2022-04-26 05:15:00,DFL-FRO,45.99121449394314,69
2022-04-26 05:30:00,DFL-FRO,79.98827987315195,69
2022-04-26 05:45:00,DFL-FRO,87.021141357142,69
2022-04-26 06:00:00,DFL-FRO,80.8511242659208,69
2022-04-26 06:15:00,DFL-FRO,51.47327987319589,69
2022-04-26 06:30:00,DFL-FRO,38.045848356373746,69
2022-04-26 06:45:00,DFL-FRO,54.39696052419523,69
2022-04-26 07:00:00,DFL-FRO,55.2553263458902,69
2022-04-26 07:15:00,DFL-FRO,85.61970554796126,69
2022-04-26 07:30:00,DFL-FRO,58.68087106684007,69
2022-04-26 07:45:00,DFL-FRO,55.28457980130898,69
2022-04-26 08:00:00,DFL-FRO,56.17876849792315,69
2022-04-26 08:15:00,DFL-FRO,61.60281224927391,69
2022-04-26 08:30:00,DFL-FRO,65.67356677694288,69
2022-04-26 08:45:00,DFL-FRO,44.84292806038178,69
2022-04-26 09:00:00,DFL-FRO,40.81704147135081,69
2022-04-26 09:15:00,DFL-FRO,81.03195480215514,69
2022-04-26 09:30:00,DFL-FRO,34.616668878604756,69
2022-04-26 09:45:00,DFL-FRO,87.38298788729188,69
2022-04-26 10:00:00,DFL-FRO,32.0785254165838,69
2022-04-26 10:15:00,DFL-FRO,46.6513731011265,69
2022-04-26 10:30:00,DFL-FRO,72.40281046045632,69
2022-04-26 10:45:00,DFL-FRO,55.03006277351578,69
2022-04-26 11:00:00,DFL-FRO,37.93961575449964,69
2022-04-26 11:15:00,DFL-FRO,62.06678523615503,69
2022-04-26 11:30:00,DFL-FRO,56.07588300280624,69
2022-04-26 11:45:00,DFL-FRO,51.76781959234762,69
2022-04-26 12:00:00,DFL-FRO,46.13540674532563,69
2022-04-26 12:15:00,DFL-FRO,54.489606185065945,69
2022-04-26 12:30:00,DFL-FRO,46.68589766633308,69
2022-04-26 12:45:00,DFL-FRO,109.43396961984267,69
2022-04-26 13:00:00,DFL-FRO,51.418583170609104,69
2022-04-26 13:15:00,DFL-FRO,49.51274372921584,69
2022-04-26 13:30:00,DFL-FRO,47.22007839852269,69
2022-04-26 13:45:00,DFL-FRO,90.8866525129524,69
2022-04-26 14:00:00,DFL-FRO,34.63597639498462,69
2022-04-26 14:15:00,DFL-FRO,60.90350153242764,69
2022-04-26 14:30:00,DFL-FRO,51.42914375282374,69
2022-04-26 14:45:00,DFL-FRO,36.81110418686219,69
2022-04-26 15:00:00,DFL-FRO,43.66151687615993,69
2022-04-26 15:15:00,DFL-FRO,60.17724576147075,69
2022-04-26 15:30:00,DFL-FRO,43.10629812635774,69
2022-04-26 15:45:00,DFL-FRO,59.20977995724673,69
2022-04-26 16:00:00,DFL-FRO,89.66805659148308,69
2022-04-26 16:15:00,DFL-FRO,57.74071452680537,69
2022-04-26 16:30:00,DFL-FRO,36.49938769073803,69
2022-04-26 16:45:00,DFL-FRO,43.32105109090518,69
2022-04-26 17:00:00,DFL-FRO,50.76369436049795,69
2022-04-26 17:15:00,DFL-FRO,49.81459850232093,69
2022-04-26 17:30:00,DFL-FRO,57.43842056851459,69
2022-04-26 17:45:00,DFL-FRO,60.100630588713,69
2022-04-26 18:00:00,DFL-FRO,89.70287585806973,69
2022-04-26 18:15:00,DFL-FRO,54.96697801002863,69
2022-04-26 18:30:00,DFL-FRO,39.74129984812266,69
2022-04-26 18:45:00,DFL-FRO,76.22049338604957,69
2022-04-26 19:00:00,DFL-FRO,78.60810690150637,69
2022-04-26 19:15:00,DFL-FRO,58.758011769030375,69
2022-04-26 19:30:00,DFL-FRO,51.32606152568788,69
2022-04-26 19:45:00,DFL-FRO,65.6013906180085,69
2022-04-26 20:00:00,DFL-FRO,51.84050863662772,69
2022-04-26 20:15:00,DFL-FRO,30.791193236703478,69
2022-04-26 20:30:00,DFL-FRO,64.5160668199182,69
2022-04-26 20:45:00,DFL-FRO,70.79331071358986,69
2022-04-26 21:00:00,DFL-FRO,82.66213590282183,69
2022-04-26 21:15:00,DFL-FRO,44.764213583581636,69
2022-04-26 21:30:00,DFL-FRO,58.65393126161222,69
2022-04-26 21:45:00,DFL-FRO,59.01338869565616,69
2022-04-26 22:00:00,DFL-FRO,56.367685037158445,69
2022-04-26 22:15:00,DFL-FRO,56.83882676812148,69
2022-04-26 22:30:00,DFL-FRO,55.604864571224084,69
2022-04-26 22:45:00,DFL-FRO,58.41562424133468,69
2022-04-26 23:00:00,DFL-FRO,67.82693501492346,69
2022-04-26 23:15:00,DFL-FRO,77.66505635706592,69
2022-04-26 23:30:00,DFL-FRO,44.44207470667729,69
2022-04-26 23:45:00,DFL-FRO,52.41135773499881,69
2022-04-26 00:00:00,CVaR-DFL-FRO,49.00157975612162,69
2022-04-26 00:15:00,CVaR-DFL-FRO,35.660837202724096,69
2022-04-26 00:30:00,CVaR-DFL-FRO,58.57644721024473,69
2022-04-26 00:45:00,CVaR-DFL-FRO,67.2238660426328,69
2022-04-26 01:00:00,CVaR-DFL-FRO,55.48298981206697,69
2022-04-26 01:15:00,CVaR-DFL-FRO,57.99133221810701,69
2022-04-26 01:30:00,CVaR-DFL-FRO,65.99686737346578,69
2022-04-26 01:45:00,CVaR-DFL-FRO,89.11752746566026,69
2022-04-26 02:00:00,CVaR-DFL-FRO,51.21327626010538,69
2022-04-26 02:15:00,CVaR-DFL-FRO,40.79329716520065,69
2022-04-26 02:30:00,CVaR-DFL-FRO,56.57912308216903,69
2022-04-26 02:45:00,CVaR-DFL-FRO,102.811705916462,69
2022-04-26 03:00:00,CVaR-DFL-FRO,40.92571932520144,69
2022-04-26 03:15:00,CVaR-DFL-FRO,70.78949940195524,69
2022-04-26 03:30:00,CVaR-DFL-FRO,82.54513262462022,69
2022-04-26 03:45:00,CVaR-DFL-FRO,28.425354614762668,69
2022-04-26 04:00:00,CVaR-DFL-FRO,65.83304426222367,69
2022-04-26 04:15:00,CVaR-DFL-FRO,69.7957707810405,69
2022-04-26 04:30:00,CVaR-DFL-FRO,53.63051554258115,69
2022-04-26 04:45:00,CVaR-DFL-FRO,47.8186484659678,69
2022-04-26 05:00:00,CVaR-DFL-FRO,48.63247402777268,69
2022-04-26 05:15:00,CVaR-DFL-FRO,52.64605549612503,69
2022-04-26 05:30:00,CVaR-DFL-FRO,53.06942149780721,69
2022-04-26 05:45:00,CVaR-DFL-FRO,50.124658082817206,69
2022-04-26 06:00:00,CVaR-DFL-FRO,52.393289780682686,69
2022-04-26 06:15:00,CVaR-DFL-FRO,83.37037591813765,69
2022-04-26 06:30:00,CVaR-DFL-FRO,40.268239564792516,69
2022-04-26 06:45:00,CVaR-DFL-FRO,34.25402520148589,69
2022-04-26 07:00:00,CVaR-DFL-FRO,83.77478038008238,69
2022-04-26 07:15:00,CVaR-DFL-FRO,54.86669262857432,69
2022-04-26 07:30:00,CVaR-DFL-FRO,51.70421356198458,69
2022-04-26 07:45:00,CVaR-DFL-FRO,56.22456321722466,69
2022-04-26 08:00:00,CVaR-DFL-FRO,61.94972684024869,69
2022-04-26 08:15:00,CVaR-DFL-FRO,49.62255846164068,69
2022-04-26 08:30:00,CVaR-DFL-FRO,67.76729853640677,69
2022-04-26 08:45:00,CVaR-DFL-FRO,43.46078946854058,69
2022-04-26 09:00:00,CVaR-DFL-FRO,53.07375467089074,69
2022-04-26 09:15:00,CVaR-DFL-FRO,29.752687176201032,69
2022-04-26 09:30:00,CVaR-DFL-FRO,82.9036495823088,69
2022-04-26 09:45:00,CVaR-DFL-FRO,55.1317797678062,69
2022-04-26 10:00:00,CVaR-DFL-FRO,71.21848229710608,69
2022-04-26 10:15:00,CVaR-DFL-FRO,67.16804151929718,69
2022-04-26 10:30:00,CVaR-DFL-FRO,68.6730618129525,69
2022-04-26 10:45:00,CVaR-DFL-FRO,58.01208177018913,69
2022-04-26 11:00:00,CVaR-DFL-FRO,65.39638613372834,69
2022-04-26 11:15:00,CVaR-DFL-FRO,43.47365381306473,69
2022-04-26 11:30:00,CVaR-DFL-FRO,40.79864871974783,69
2022-04-26 11:45:00,CVaR-DFL-FRO,56.396832642946606,69
2022-04-26 12:00:00,CVaR-DFL-FRO,47.33873673756114,69
2022-04-26 12:15:00,CVaR-DFL-FRO,89.5051473216358,69
2022-04-26 12:30:00,CVaR-DFL-FRO,65.138031678766,69
2022-04-26 12:45:00,CVaR-DFL-FRO,46.815921724706705,69
2022-04-26 13:00:00,CVaR-DFL-FRO,53.56232226607789,69
2022-04-26 13:15:00,CVaR-DFL-FRO,60.536513228221025,69
2022-04-26 13:30:00,CVaR-DFL-FRO,56.96452601874593,69
2022-04-26 13:45:00,CVaR-DFL-FRO,63.1317673281627,69
2022-04-26 14:00:00,CVaR-DFL-FRO,59.36923617559598,69
2022-04-26 14:15:00,CVaR-DFL-FRO,38.17737459121352,69
2022-04-26 14:30:00,CVaR-DFL-FRO,30.332520990632474,69
2022-04-26 14:45:00,CVaR-DFL-FRO,51.933483035951426,69
2022-04-26 15:00:00,CVaR-DFL-FRO,68.89530634820443,69
2022-04-26 15:15:00,CVaR-DFL-FRO,52.110399479143624,69
2022-04-26 15:30:00,CVaR-DFL-FRO,84.53300314619605,69
2022-04-26 15:45:00,CVaR-DFL-FRO,57.32963697711762,69
2022-04-26 16:00:00,CVaR-DFL-FRO,87.67534700002003,69
2022-04-26 16:15:00,CVaR-DFL-FRO,82.395174039537,69
2022-04-26 16:30:00,CVaR-DFL-FRO,79.92462857405104,69
2022-04-26 16:45:00,CVaR-DFL-FRO,40.401470330847545,69
2022-04-26 17:00:00,CVaR-DFL-FRO,58.451070722377665,69
2022-04-26 17:15:00,CVaR-DFL-FRO,84.18102160244779,69
2022-04-26 17:30:00,CVaR-DFL-FRO,63.143204165987996,69
2022-04-26 17:45:00,CVaR-DFL-FRO,68.76758575371457,69
2022-04-26 18:00:00,CVaR-DFL-FRO,38.20937797253689,69
2022-04-26 18:15:00,CVaR-DFL-FRO,103.91342465034272,69
2022-04-26 18:30:00,CVaR-DFL-FRO,45.767009847045145,69
2022-04-26 18:45:00,CVaR-DFL-FRO,31.80314775352562,69
2022-04-26 19:00:00,CVaR-DFL-FRO,52.28797059760393,69
2022-04-26 19:15:00,CVaR-DFL-FRO,27.729216786735012,69
2022-04-26 19:30:00,CVaR-DFL-FRO,41.874854342089236,69
2022-04-26 19:45:00,CVaR-DFL-FRO,126.10489596387568,69
2022-04-26 20:00:00,CVaR-DFL-FRO,51.83251863228884,69
2022-04-26 20:15:00,CVaR-DFL-FRO,37.750879477582956,69
2022-04-26 20:30:00,CVaR-DFL-FRO,58.5955102201879,69
2022-04-26 20:45:00,CVaR-DFL-FRO,44.316717489591234,69
2022-04-26 21:00:00,CVaR-DFL-FRO,75.53341362952334,69
2022-04-26 21:15:00,CVaR-DFL-FRO,44.42759700787481,69
2022-04-26 21:30:00,CVaR-DFL-FRO,63.112433591003686,69
2022-04-26 21:45:00,CVaR-DFL-FRO,41.097472677596066,69
2022-04-26 22:00:00,CVaR-DFL-FRO,127.66029516813151,69
2022-04-26 22:15:00,CVaR-DFL-FRO,67.7200042954239,69
2022-04-26 22:30:00,CVaR-DFL-FRO,55.644278289248795,69
2022-04-26 22:45:00,CVaR-DFL-FRO,53.21634827462542,69
2022-04-26 23:00:00,CVaR-DFL-FRO,49.180892649638395,69
2022-04-26 23:15:00,CVaR-DFL-FRO,46.190763824233535,69
2022-04-26 23:30:00,CVaR-DFL-FRO,45.80826146994801,69
2022-04-26 23:45:00,CVaR-DFL-FRO,96.62171888743963,69
2022-04-26 03:45:00,CVaR-DFL-RTRO,87.88616489953564,69
2022-04-26 09:15:00,CVaR-DFL-RTRO,85.98354307022302,69
2022-04-26 16:30:00,CVaR-DFL-RTRO,65.16384082615275,69
2022-04-26 17:15:00,CVaR-DFL-RTRO,59.38063792354572,69
2022-04-26 17:30:00,CVaR-DFL-RTRO,111.32887999987253,69
2022-04-26 18:00:00,CVaR-DFL-RTRO,81.94015113459284,69
2022-04-26 18:45:00,CVaR-DFL-RTRO,60.849041465988115,69
2022-04-26 19:15:00,CVaR-DFL-RTRO,56.19856724535879,69
2022-04-27 00:00:00,LSTM-FRO,45.83667942355975,69
2022-04-27 00:15:00,LSTM-FRO,42.73662367287252,69
2022-04-27 00:30:00,LSTM-FRO,45.831790307293936,69
2022-04-27 00:45:00,LSTM-FRO,48.46854937895053,69
2022-04-27 01:00:00,LSTM-FRO,43.89864044348518,69
2022-04-27 01:15:00,LSTM-FRO,60.237082125581416,69
2022-04-27 01:30:00,LSTM-FRO,61.08454723893258,69
2022-04-27 01:45:00,LSTM-FRO,50.88864362754596,69
2022-04-27 02:00:00,LSTM-FRO,62.87974225722941,69
2022-04-27 02:15:00,LSTM-FRO,44.62291973583569,69
2022-04-27 02:30:00,LSTM-FRO,52.95355927167584,69
2022-04-27 02:45:00,LSTM-FRO,57.298434834334465,69
2022-04-27 03:00:00,LSTM-FRO,57.50856904625327,69
2022-04-27 03:15:00,LSTM-FRO,56.04007275987934,69
2022-04-27 03:30:00,LSTM-FRO,52.17316744243453,69
2022-04-27 03:45:00,LSTM-FRO,72.77933361056904,69
2022-04-27 04:00:00,LSTM-FRO,38.885808493501436,69
2022-04-27 04:15:00,LSTM-FRO,42.82611016928803,69
2022-04-27 04:30:00,LSTM-FRO,42.193403080599325,69
2022-04-27 04:45:00,LSTM-FRO,40.5978462736828,69
2022-04-27 05:00:00,LSTM-FRO,27.027456588794553,69
2022-04-27 05:15:00,LSTM-FRO,62.882044040680654,69
2022-04-27 05:30:00,LSTM-FRO,34.416544617256676,69
2022-04-27 05:45:00,LSTM-FRO,46.46711826952859,69
2022-04-27 06:00:00,LSTM-FRO,31.161101298923175,69
2022-04-27 06:15:00,LSTM-FRO,52.0361708904834,69
2022-04-27 06:30:00,LSTM-FRO,36.559781603186266,69
2022-04-27 06:45:00,LSTM-FRO,33.47981474650836,69
2022-04-27 07:00:00,LSTM-FRO,46.75412920614482,69
2022-04-27 07:15:00,LSTM-FRO,37.345117669892446,69
2022-04-27 07:30:00,LSTM-FRO,38.55083246867616,69
2022-04-27 07:45:00,LSTM-FRO,46.49015913894131,69
2022-04-27 08:00:00,LSTM-FRO,54.43154984937512,69
2022-04-27 08:15:00,LSTM-FRO,36.258119241630524,69
2022-04-27 08:30:00,LSTM-FRO,34.71894957315471,69
2022-04-27 08:45:00,LSTM-FRO,44.791121252880764,69
2022-04-27 09:00:00,LSTM-FRO,50.98281226568515,69
2022-04-27 09:15:00,LSTM-FRO,64.28489294013113,69
2022-04-27 09:30:00,LSTM-FRO,34.027465638916816,69
2022-04-27 09:45:00,LSTM-FRO,41.111674516887454,69
2022-04-27 10:00:00,LSTM-FRO,59.81664205721438,69
2022-04-27 10:15:00,LSTM-FRO,73.07163388721695,69
2022-04-27 10:30:00,LSTM-FRO,34.70240626320133,69
2022-04-27 10:45:00,LSTM-FRO,36.98983885649607,69
2022-04-27 11:00:00,LSTM-FRO,48.998317536275295,69
2022-04-27 11:15:00,LSTM-FRO,38.51616238309352,69
2022-04-27 11:30:00,LSTM-FRO,36.80070689610622,69
2022-04-27 11:45:00,LSTM-FRO,47.346196771889986,69
2022-04-27 12:00:00,LSTM-FRO,65.69882092370113,69
2022-04-27 12:15:00,LSTM-FRO,32.05272356598712,69
2022-04-27 12:30:00,LSTM-FRO,64.86164015590334,69
2022-04-27 12:45:00,LSTM-FRO,38.54492827674945,69
2022-04-27 13:00:00,LSTM-FRO,48.56592715521569,69
2022-04-27 13:15:00,LSTM-FRO,66.38570577278813,69
2022-04-27 13:30:00,LSTM-FRO,48.31701752849231,69
2022-04-27 13:45:00,LSTM-FRO,41.32354527522119,69
2022-04-27 14:00:00,LSTM-FRO,53.32500734497348,69
2022-04-27 14:15:00,LSTM-FRO,42.633611748056744,69
2022-04-27 14:30:00,LSTM-FRO,50.75420954929417,69
2022-04-27 14:45:00,LSTM-FRO,42.29764775778954,69
2022-04-27 15:00:00,LSTM-FRO,55.27376684467423,69
2022-04-27 15:15:00,LSTM-FRO,31.377989308491834,69
2022-04-27 15:30:00,LSTM-FRO,34.524876606767755,69
2022-04-27 15:45:00,LSTM-FRO,31.262434529931753,69
2022-04-27 16:00:00,LSTM-FRO,43.90150271346966,69
2022-04-27 16:15:00,LSTM-FRO,30.330060588038812,69
2022-04-27 16:30:00,LSTM-FRO,37.428677743282066,69
2022-04-27 16:45:00,LSTM-FRO,33.7198145590992,69
2022-04-27 17:00:00,LSTM-FRO,64.55854680159095,69
2022-04-27 17:15:00,LSTM-FRO,34.72341343451045,69
2022-04-27 17:30:00,LSTM-FRO,32.237815584314674,69
2022-04-27 17:45:00,LSTM-FRO,47.39219246911592,69
2022-04-27 18:00:00,LSTM-FRO,68.00452019461405,69
2022-04-27 18:15:00,LSTM-FRO,43.249129854398554,69
2022-04-27 18:30:00,LSTM-FRO,44.09712109713971,69
2022-04-27 18:45:00,LSTM-FRO,61.56825192210538,69
2022-04-27 19:00:00,LSTM-FRO,55.51122690333211,69
2022-04-27 19:15:00,LSTM-FRO,49.546457833626555,69
2022-04-27 19:30:00,LSTM-FRO,38.47173351857273,69
2022-04-27 19:45:00,LSTM-FRO,49.92781521373545,69
2022-04-27 20:00:00,LSTM-FRO,31.642569638703517,69
2022-04-27 20:15:00,LSTM-FRO,38.074588223962955,69
2022-04-27 20:30:00,LSTM-FRO,63.78186980761413,69
2022-04-27 20:45:00,LSTM-FRO,61.74214971798788,69
2022-04-27 21:00:00,LSTM-FRO,49.69681033620279,69
2022-04-27 21:15:00,LSTM-FRO,27.433630068866027,69
2022-04-27 21:30:00,LSTM-FRO,32.87796450176366,69
2022-04-27 21:45:00,LSTM-FRO,37.54498579841004,69
2022-04-27 22:00:00,LSTM-FRO,42.649317392678824,69
2022-04-27 22:15:00,LSTM-FRO,32.53158223481761,69
2022-04-27 22:30:00,LSTM-FRO,41.85787689747826,69
2022-04-27 22:45:00,LSTM-FRO,69.39233330927084,69
2022-04-27 23:00:00,LSTM-FRO,49.24168063844322,69
2022-04-27 23:15:00,LSTM-FRO,47.04237685576738,69
2022-04-27 23:30:00,LSTM-FRO,34.489932897588474,69
2022-04-27 23:45:00,LSTM-FRO,29.508071996584096,69
2022-04-27 00:00:00,Transformer-FRO,28.49099636676665,69
2022-04-27 00:15:00,Transformer-FRO,44.85225393129344,69
2022-04-27 00:30:00,Transformer-FRO,48.58227304735313,69
2022-04-27 00:45:00,Transformer-FRO,34.27072336523056,69
2022-04-27 01:00:00,Transformer-FRO,45.70581207357293,69
2022-04-27 01:15:00,Transformer-FRO,64.32345115778314,69
2022-04-27 01:30:00,Transformer-FRO,72.99044326487535,69
2022-04-27 01:45:00,Transformer-FRO,53.69039566994389,69
2022-04-27 02:00:00,Transformer-FRO,42.045103172388615,69
2022-04-27 02:15:00,Transformer-FRO,53.24362550167399,69
2022-04-27 02:30:00,Transformer-FRO,62.40306696082993,69
2022-04-27 02:45:00,Transformer-FRO,26.17466208029794,69
2022-04-27 03:00:00,Transformer-FRO,64.54135713577139,69
2022-04-27 03:15:00,Transformer-FRO,38.210380952313955,69
2022-04-27 03:30:00,Transformer-FRO,38.30561400970797,69
2022-04-27 03:45:00,Transformer-FRO,40.131554028680675,69
2022-04-27 04:00:00,Transformer-FRO,47.787125943912,69
2022-04-27 04:15:00,Transformer-FRO,33.00098656482908,69
2022-04-27 04:30:00,Transformer-FRO,40.865984091729594,69
2022-04-27 04:45:00,Transformer-FRO,50.391872820941735,69
2022-04-27 05:00:00,Transformer-FRO,46.54873089029613,69
2022-04-27 05:15:00,Transformer-FRO,48.543694813732486,69
2022-04-27 05:30:00,Transformer-FRO,40.454204811616414,69
2022-04-27 05:45:00,Transformer-FRO,52.6357426844216,69
2022-04-27 06:00:00,Transformer-FRO,57.81279708162969,69
2022-04-27 06:15:00,Transformer-FRO,56.922860150122744,69
2022-04-27 06:30:00,Transformer-FRO,49.13482899859837,69
2022-04-27 06:45:00,Transformer-FRO,56.08186170561641,69
2022-04-27 07:00:00,Transformer-FRO,55.106492341225774,69
2022-04-27 07:15:00,Transformer-FRO,87.9044516101425,69
2022-04-27 07:30:00,Transformer-FRO,60.28127508455096,69
2022-04-27 07:45:00,Transformer-FRO,42.991909265868195,69
2022-04-27 08:00:00,Transformer-FRO,34.749248980312416,69
2022-04-27 08:15:00,Transformer-FRO,41.11698544559614,69
2022-04-27 08:30:00,Transformer-FRO,40.37250267417677,69
2022-04-27 08:45:00,Transformer-FRO,50.211615069252986,69
2022-04-27 09:00:00,Transformer-FRO,36.702431022797875,69
2022-04-27 09:15:00,Transformer-FRO,59.87895136911723,69
2022-04-27 09:30:00,Transformer-FRO,30.708893025738885,69
2022-04-27 09:45:00,Transformer-FRO,28.83845097050108,69
2022-04-27 10:00:00,Transformer-FRO,42.47933639245705,69
2022-04-27 10:15:00,Transformer-FRO,35.3760862038,69
2022-04-27 10:30:00,Transformer-FRO,31.76994957014106,69
2022-04-27 10:45:00,Transformer-FRO,37.30719732509574,69
2022-04-27 11:00:00,Transformer-FRO,36.12574709688995,69
2022-04-27 11:15:00,Transformer-FRO,44.10561391309711,69
2022-04-27 11:30:00,Transformer-FRO,37.46771679311903,69
2022-04-27 11:45:00,Transformer-FRO,38.264306738416735,69
2022-04-27 12:00:00,Transformer-FRO,43.93482467019285,69
2022-04-27 12:15:00,Transformer-FRO,57.185571140807745,69
2022-04-27 12:30:00,Transformer-FRO,64.35260065299367,69
2022-04-27 12:45:00,Transformer-FRO,45.70401780995465,69
2022-04-27 13:00:00,Transformer-FRO,46.63274745066554,69
2022-04-27 13:15:00,Transformer-FRO,41.954432261854876,69
2022-04-27 13:30:00,Transformer-FRO,49.82126087232845,69
2022-04-27 13:45:00,Transformer-FRO,48.66192517839888,69
2022-04-27 14:00:00,Transformer-FRO,61.98542136925921,69
2022-04-27 14:15:00,Transformer-FRO,26.989508384142393,69
2022-04-27 14:30:00,Transformer-FRO,41.40130703510154,69
2022-04-27 14:45:00,Transformer-FRO,48.023861912686385,69
2022-04-27 15:00:00,Transformer-FRO,43.69210419321292,69
2022-04-27 15:15:00,Transformer-FRO,34.503012612218754,69
2022-04-27 15:30:00,Transformer-FRO,31.433737709964944,69
2022-04-27 15:45:00,Transformer-FRO,54.19143504576201,69
2022-04-27 16:00:00,Transformer-FRO,36.16838069179159,69
2022-04-27 16:15:00,Transformer-FRO,27.939932719755422,69
2022-04-27 16:30:00,Transformer-FRO,54.90037921871233,69
2022-04-27 16:45:00,Transformer-FRO,49.53516101044355,69
2022-04-27 17:00:00,Transformer-FRO,42.69128143390833,69
2022-04-27 17:15:00,Transformer-FRO,34.723442374370265,69
2022-04-27 17:30:00,Transformer-FRO,42.71815172391232,69
2022-04-27 17:45:00,Transformer-FRO,60.24262787716821,69
2022-04-27 18:00:00,Transformer-FRO,28.97172328302745,69
2022-04-27 18:15:00,Transformer-FRO,29.354315349425622,69
2022-04-27 18:30:00,Transformer-FRO,37.397091324048446,69
2022-04-27 18:45:00,Transformer-FRO,43.688039060996,69
2022-04-27 19:00:00,Transformer-FRO,38.690682897868356,69
2022-04-27 19:15:00,Transformer-FRO,51.947402901709545,69
2022-04-27 19:30:00,Transformer-FRO,58.299591988299326,69
2022-04-27 19:45:00,Transformer-FRO,47.27917680782774,69
2022-04-27 20:00:00,Transformer-FRO,50.85217334417868,69
2022-04-27 20:15:00,Transformer-FRO,47.19769010286487,69
2022-04-27 20:30:00,Transformer-FRO,44.098470333480634,69
2022-04-27 20:45:00,Transformer-FRO,31.48099442283607,69
2022-04-27 21:00:00,Transformer-FRO,33.719405317910514,69
2022-04-27 21:15:00,Transformer-FRO,31.017382710071438,69
2022-04-27 21:30:00,Transformer-FRO,42.33248321412065,69
2022-04-27 21:45:00,Transformer-FRO,46.71405248751601,69
2022-04-27 22:00:00,Transformer-FRO,30.238347766361194,69
2022-04-27 22:15:00,Transformer-FRO,44.82395360088392,69
2022-04-27 22:30:00,Transformer-FRO,35.078527251076466,69
2022-04-27 22:45:00,Transformer-FRO,33.3619173939362,69
2022-04-27 23:00:00,Transformer-FRO,37.420467301728664,69
2022-04-27 23:15:00,Transformer-FRO,32.922361347719566,69
2022-04-27 23:30:00,Transformer-FRO,51.46384480067434,69
2022-04-27 23:45:00,Transformer-FRO,42.11951176828121,69
2022-04-27 00:00:00,DFL-FRO,51.1035721318649,69
2022-04-27 00:15:00,DFL-FRO,51.652181613621394,69
2022-04-27 00:30:00,DFL-FRO,98.31395737441153,69
2022-04-27 00:45:00,DFL-FRO,36.625062566692876,69
2022-04-27 01:00:00,DFL-FRO,83.25048055121717,69
2022-04-27 01:15:00,DFL-FRO,92.42134658650716,69
2022-04-27 01:30:00,DFL-FRO,71.90729122841181,69
2022-04-27 01:45:00,DFL-FRO,52.761097389316674,69
2022-04-27 02:00:00,DFL-FRO,86.66716380480857,69
2022-04-27 02:15:00,DFL-FRO,52.89102547343241,69
2022-04-27 02:30:00,DFL-FRO,47.45496197402974,69
2022-04-27 02:45:00,DFL-FRO,51.906882093038675,69
2022-04-27 03:00:00,DFL-FRO,49.30737634824675,69
2022-04-27 03:15:00,DFL-FRO,44.334625015352465,69
2022-04-27 03:30:00,DFL-FRO,79.24788538017812,69
2022-04-27 03:45:00,DFL-FRO,46.55676857006152,69
2022-04-27 04:00:00,DFL-FRO,57.439367962214,69
2022-04-27 04:15:00,DFL-FRO,38.52725080883396,69
2022-04-27 04:30:00,DFL-FRO,58.42850202833018,69
2022-04-27 04:45:00,DFL-FRO,41.78997900125285,69
2022-04-27 05:00:00,DFL-FRO,41.50112883460957,69
2022-04-27 05:15:00,DFL-FRO,56.16189300558727,69
2022-04-27 05:30:00,DFL-FRO,78.06976992375816,69
2022-04-27 05:45:00,DFL-FRO,65.5937307726985,69
2022-04-27 06:00:00,DFL-FRO,66.87890768782488,69
2022-04-27 06:15:00,DFL-FRO,55.8356491081995,69
2022-04-27 06:30:00,DFL-FRO,52.684122073178784,69
2022-04-27 06:45:00,DFL-FRO,72.42338147886464,69
2022-04-27 07:00:00,DFL-FRO,49.40517858995537,69
2022-04-27 07:15:00,DFL-FRO,73.31430534860613,69
2022-04-27 07:30:00,DFL-FRO,82.11718318951503,69
2022-04-27 07:45:00,DFL-FRO,45.672019804982355,69
2022-04-27 08:00:00,DFL-FRO,47.607183131108165,69
2022-04-27 08:15:00,DFL-FRO,49.64969545063831,69
2022-04-27 08:30:00,DFL-FRO,38.27574823099759,69
2022-04-27 08:45:00,DFL-FRO,50.73105047974125,69
2022-04-27 09:00:00,DFL-FRO,83.65038139290913,69
2022-04-27 09:15:00,DFL-FRO,43.11283486037356,69
2022-04-27 09:30:00,DFL-FRO,84.21324543717003,69
2022-04-27 09:45:00,DFL-FRO,51.24884918167084,69
2022-04-27 10:00:00,DFL-FRO,105.22795586456787,69
2022-04-27 10:15:00,DFL-FRO,47.777326715846414,69
2022-04-27 10:30:00,DFL-FRO,55.61430740993535,69
2022-04-27 10:45:00,DFL-FRO,44.793231281028476,69
2022-04-27 11:00:00,DFL-FRO,47.69795086596344,69
2022-04-27 11:15:00,DFL-FRO,84.52258474240158,69
2022-04-27 11:30:00,DFL-FRO,66.22889355306067,69
2022-04-27 11:45:00,DFL-FRO,77.45148828132233,69
2022-04-27 12:00:00,DFL-FRO,39.947494285825265,69
2022-04-27 12:15:00,DFL-FRO,69.6883504385545,69
2022-04-27 12:30:00,DFL-FRO,44.02494852110158,69
2022-04-27 12:45:00,DFL-FRO,39.70310456450725,69
2022-04-27 13:00:00,DFL-FRO,61.962705644346016,69
2022-04-27 13:15:00,DFL-FRO,61.78398816258428,69
2022-04-27 13:30:00,DFL-FRO,58.801535921419514,69
2022-04-27 13:45:00,DFL-FRO,70.93392301936457,69
2022-04-27 14:00:00,DFL-FRO,74.12902056995541,69
2022-04-27 14:15:00,DFL-FRO,87.721757665548,69
2022-04-27 14:30:00,DFL-FRO,41.385759784625016,69
2022-04-27 14:45:00,DFL-FRO,88.52527734742021,69
2022-04-27 15:00:00,DFL-FRO,98.562178988968,69
2022-04-27 15:15:00,DFL-FRO,52.230950762988364,69
2022-04-27 15:30:00,DFL-FRO,36.15815502795118,69
2022-04-27 15:45:00,DFL-FRO,39.18866482789211,69
2022-04-27 16:00:00,DFL-FRO,50.839354089935284,69
2022-04-27 16:15:00,DFL-FRO,102.30083645539901,69
2022-04-27 16:30:00,DFL-FRO,58.20237297735923,69
2022-04-27 16:45:00,DFL-FRO,48.657360993447185,69
2022-04-27 17:00:00,DFL-FRO,47.72892287248936,69
2022-04-27 17:15:00,DFL-FRO,39.867103339025135,69
2022-04-27 17:30:00,DFL-FRO,74.15016173871265,69
2022-04-27 17:45:00,DFL-FRO,56.435666560143595,69
2022-04-27 18:00:00,DFL-FRO,104.80663088051122,69
2022-04-27 18:15:00,DFL-FRO,69.1664318868809,69
2022-04-27 18:30:00,DFL-FRO,73.22123784971066,69
2022-04-27 18:45:00,DFL-FRO,54.09433875371311,69
2022-04-27 19:00:00,DFL-FRO,42.562935717727605,69
2022-04-27 19:15:00,DFL-FRO,45.25865234400129,69
2022-04-27 19:30:00,DFL-FRO,39.346713519236395,69
2022-04-27 19:45:00,DFL-FRO,74.90404048009216,69
2022-04-27 20:00:00,DFL-FRO,51.95605951330947,69
2022-04-27 20:15:00,DFL-FRO,75.80005145665842,69
2022-04-27 20:30:00,DFL-FRO,60.1887972606492,69
2022-04-27 20:45:00,DFL-FRO,53.32511868649396,69
2022-04-27 21:00:00,DFL-FRO,41.62887765445421,69
2022-04-27 21:15:00,DFL-FRO,63.072627893898535,69
2022-04-27 21:30:00,DFL-FRO,54.45410461138828,69
2022-04-27 21:45:00,DFL-FRO,74.73055300260398,69
2022-04-27 22:00:00,DFL-FRO,47.326143667563514,69
2022-04-27 22:15:00,DFL-FRO,68.93045017736665,69
2022-04-27 22:30:00,DFL-FRO,92.06509053564307,69
2022-04-27 22:45:00,DFL-FRO,62.556820964240764,69
2022-04-27 23:00:00,DFL-FRO,72.30384599803588,69
2022-04-27 23:15:00,DFL-FRO,68.07503286948467,69
2022-04-27 23:30:00,DFL-FRO,99.00239566180551,69
2022-04-27 23:45:00,DFL-FRO,64.3305875835921,69
2022-04-27 00:00:00,CVaR-DFL-FRO,62.456645998364166,69
2022-04-27 00:15:00,CVaR-DFL-FRO,49.95623670376005,69
2022-04-27 00:30:00,CVaR-DFL-FRO,43.81164085713537,69
2022-04-27 00:45:00,CVaR-DFL-FRO,92.64475688979907,69
2022-04-27 01:00:00,CVaR-DFL-FRO,46.54206437781462,69
2022-04-27 01:15:00,CVaR-DFL-FRO,79.13214556804004,69
2022-04-27 01:30:00,CVaR-DFL-FRO,71.61607281952004,69
2022-04-27 01:45:00,CVaR-DFL-FRO,83.35728557383291,69
2022-04-27 02:00:00,CVaR-DFL-FRO,54.03952790812551,69
2022-04-27 02:15:00,CVaR-DFL-FRO,49.70984812718536,69
2022-04-27 02:30:00,CVaR-DFL-FRO,70.8050000500139,69
2022-04-27 02:45:00,CVaR-DFL-FRO,57.80046063914383,69
2022-04-27 03:00:00,CVaR-DFL-FRO,43.50975630559032,69
2022-04-27 03:15:00,CVaR-DFL-FRO,113.51941743509914,69
2022-04-27 03:30:00,CVaR-DFL-FRO,49.699648037775944,69
2022-04-27 03:45:00,CVaR-DFL-FRO,46.74990629875111,69
2022-04-27 04:00:00,CVaR-DFL-FRO,58.68517726624905,69
2022-04-27 04:15:00,CVaR-DFL-FRO,92.25132688218993,69
2022-04-27 04:30:00,CVaR-DFL-FRO,32.781858577094496,69
2022-04-27 04:45:00,CVaR-DFL-FRO,89.96417558358267,69
2022-04-27 05:00:00,CVaR-DFL-FRO,47.92659464173739,69
2022-04-27 05:15:00,CVaR-DFL-FRO,68.40759722308398,69
2022-04-27 05:30:00,CVaR-DFL-FRO,51.465616739623854,69
2022-04-27 05:45:00,CVaR-DFL-FRO,115.36812689508623,69
2022-04-27 06:00:00,CVaR-DFL-FRO,65.57233020236667,69
2022-04-27 06:15:00,CVaR-DFL-FRO,50.968426336585054,69
2022-04-27 06:30:00,CVaR-DFL-FRO,57.647646853325945,69
2022-04-27 06:45:00,CVaR-DFL-FRO,64.88193655412242,69
2022-04-27 07:00:00,CVaR-DFL-FRO,66.6334520390821,69
2022-04-27 07:15:00,CVaR-DFL-FRO,72.11063779931891,69
2022-04-27 07:30:00,CVaR-DFL-FRO,63.11910155037661,69
2022-04-27 07:45:00,CVaR-DFL-FRO,41.62789425141986,69
2022-04-27 08:00:00,CVaR-DFL-FRO,56.96836575635699,69
2022-04-27 08:15:00,CVaR-DFL-FRO,75.86842621569902,69
2022-04-27 08:30:00,CVaR-DFL-FRO,51.56106788772665,69
2022-04-27 08:45:00,CVaR-DFL-FRO,77.40155950544522,69
2022-04-27 09:00:00,CVaR-DFL-FRO,63.75484285507065,69
2022-04-27 09:15:00,CVaR-DFL-FRO,59.11994697135287,69
2022-04-27 09:30:00,CVaR-DFL-FRO,90.62696508640488,69
2022-04-27 09:45:00,CVaR-DFL-FRO,37.320945934548114,69
2022-04-27 10:00:00,CVaR-DFL-FRO,51.476300936922534,69
2022-04-27 10:15:00,CVaR-DFL-FRO,91.68285133188749,69
2022-04-27 10:30:00,CVaR-DFL-FRO,109.85408633665647,69
2022-04-27 10:45:00,CVaR-DFL-FRO,126.10368042551413,69
2022-04-27 11:00:00,CVaR-DFL-FRO,64.11537074170818,69
2022-04-27 11:15:00,CVaR-DFL-FRO,72.52933357591988,69
2022-04-27 11:30:00,CVaR-DFL-FRO,80.864230011264,69
2022-04-27 11:45:00,CVaR-DFL-FRO,92.8735240840786,69
2022-04-27 12:00:00,CVaR-DFL-FRO,69.42023239359929,69
2022-04-27 12:15:00,CVaR-DFL-FRO,83.56848885743022,69
2022-04-27 12:30:00,CVaR-DFL-FRO,72.57052270162028,69
2022-04-27 12:45:00,CVaR-DFL-FRO,73.95478536944458,69
2022-04-27 13:00:00,CVaR-DFL-FRO,47.82670521030432,69
2022-04-27 13:15:00,CVaR-DFL-FRO,57.159216178324364,69
2022-04-27 13:30:00,CVaR-DFL-FRO,53.90795076005504,69
2022-04-27 13:45:00,CVaR-DFL-FRO,44.06796202297255,69
2022-04-27 14:00:00,CVaR-DFL-FRO,38.31089525004294,69
2022-04-27 14:15:00,CVaR-DFL-FRO,55.54950218373505,69
2022-04-27 14:30:00,CVaR-DFL-FRO,58.300314118816026,69
2022-04-27 14:45:00,CVaR-DFL-FRO,65.18495711166237,69
2022-04-27 15:00:00,CVaR-DFL-FRO,74.70850588345603,69
2022-04-27 15:15:00,CVaR-DFL-FRO,66.84437750335256,69
2022-04-27 15:30:00,CVaR-DFL-FRO,58.42341146697128,69
2022-04-27 15:45:00,CVaR-DFL-FRO,47.873655176265466,69
2022-04-27 16:00:00,CVaR-DFL-FRO,82.336688487423,69
2022-04-27 16:15:00,CVaR-DFL-FRO,61.23021774744434,69
2022-04-27 16:30:00,CVaR-DFL-FRO,55.37896468668549,69
2022-04-27 16:45:00,CVaR-DFL-FRO,59.682229785594444,69
2022-04-27 17:00:00,CVaR-DFL-FRO,50.58966636081706,69
2022-04-27 17:15:00,CVaR-DFL-FRO,53.779174526590495,69
2022-04-27 17:30:00,CVaR-DFL-FRO,53.26447142774585,69
2022-04-27 17:45:00,CVaR-DFL-FRO,57.88804265298144,69
2022-04-27 18:00:00,CVaR-DFL-FRO,77.00384835328532,69
2022-04-27 18:15:00,CVaR-DFL-FRO,71.42338533557896,69
2022-04-27 18:30:00,CVaR-DFL-FRO,100.8297483096276,69
2022-04-27 18:45:00,CVaR-DFL-FRO,91.11044224690507,69
2022-04-27 19:00:00,CVaR-DFL-FRO,114.13576176646295,69
2022-04-27 19:15:00,CVaR-DFL-FRO,74.78586604775128,69
2022-04-27 19:30:00,CVaR-DFL-FRO,74.42350311600495,69
2022-04-27 19:45:00,CVaR-DFL-FRO,54.48767896175051,69
2022-04-27 20:00:00,CVaR-DFL-FRO,81.07459871145998,69
2022-04-27 20:15:00,CVaR-DFL-FRO,51.776269668966435,69
2022-04-27 20:30:00,CVaR-DFL-FRO,40.46929203077317,69
2022-04-27 20:45:00,CVaR-DFL-FRO,100.20889079349865,69
2022-04-27 21:00:00,CVaR-DFL-FRO,43.27143413263552,69
2022-04-27 21:15:00,CVaR-DFL-FRO,72.11258630446339,69
2022-04-27 21:30:00,CVaR-DFL-FRO,48.3803146006731,69
2022-04-27 21:45:00,CVaR-DFL-FRO,88.79550202745888,69
2022-04-27 22:00:00,CVaR-DFL-FRO,92.53342701600357,69
2022-04-27 22:15:00,CVaR-DFL-FRO,74.1105485746882,69
2022-04-27 22:30:00,CVaR-DFL-FRO,92.07024946378021,69
2022-04-27 22:45:00,CVaR-DFL-FRO,63.28626668478331,69
2022-04-27 23:00:00,CVaR-DFL-FRO,124.14202780569573,69
2022-04-27 23:15:00,CVaR-DFL-FRO,79.13934619255083,69
2022-04-27 23:30:00,CVaR-DFL-FRO,48.08523349464494,69
2022-04-27 23:45:00,CVaR-DFL-FRO,64.48991251206854,69
2022-04-27 03:45:00,CVaR-DFL-RTRO,86.64008364662074,69
2022-04-27 04:15:00,CVaR-DFL-RTRO,101.14609115486607,69
2022-04-27 07:15:00,CVaR-DFL-RTRO,103.71812215063702,69
2022-04-27 13:00:00,CVaR-DFL-RTRO,54.36878057604723,69
2022-04-27 18:00:00,CVaR-DFL-RTRO,84.63220045248657,69
2022-04-27 19:30:00,CVaR-DFL-RTRO,100.19165307837513,69
2022-04-27 19:45:00,CVaR-DFL-RTRO,64.89119851288888,69
2022-04-27 21:45:00,CVaR-DFL-RTRO,58.2686213891434,69
2022-04-28 00:00:00,LSTM-FRO,30.002599154284823,69
2022-04-28 00:15:00,LSTM-FRO,33.11874571334449,69
2022-04-28 00:30:00,LSTM-FRO,36.81294740159129,69
2022-04-28 00:45:00,LSTM-FRO,48.731674370509765,69
2022-04-28 01:00:00,LSTM-FRO,45.97914516780135,69
2022-04-28 01:15:00,LSTM-FRO,56.39601578855032,69
2022-04-28 01:30:00,LSTM-FRO,34.52921819819074,69
2022-04-28 01:45:00,LSTM-FRO,34.06768883702216,69
2022-04-28 02:00:00,LSTM-FRO,49.63791658628086,69
2022-04-28 02:15:00,LSTM-FRO,35.61385646777937,69
2022-04-28 02:30:00,LSTM-FRO,37.402161819607535,69
2022-04-28 02:45:00,LSTM-FRO,27.306093519132816,69
2022-04-28 03:00:00,LSTM-FRO,46.81698706566086,69
2022-04-28 03:15:00,LSTM-FRO,64.08162673269133,69
2022-04-28 03:30:00,LSTM-FRO,33.61053094384871,69
2022-04-28 03:45:00,LSTM-FRO,56.2451943155857,69
2022-04-28 04:00:00,LSTM-FRO,42.876363579645904,69
2022-04-28 04:15:00,LSTM-FRO,27.939527362679843,69
2022-04-28 04:30:00,LSTM-FRO,34.765304715556844,69
2022-04-28 04:45:00,LSTM-FRO,34.230620136487794,69
2022-04-28 05:00:00,LSTM-FRO,40.19614088684841,69
2022-04-28 05:15:00,LSTM-FRO,48.35390555313642,69
2022-04-28 05:30:00,LSTM-FRO,69.22663707729005,69
2022-04-28 05:45:00,LSTM-FRO,30.385249839117364,69
2022-04-28 06:00:00,LSTM-FRO,38.53371647471612,69
2022-04-28 06:15:00,LSTM-FRO,34.754362199186396,69
2022-04-28 06:30:00,LSTM-FRO,31.655710673826793,69
2022-04-28 06:45:00,LSTM-FRO,44.57589827804376,69
2022-04-28 07:00:00,LSTM-FRO,43.53667408641353,69
2022-04-28 07:15:00,LSTM-FRO,27.602191925142325,69
2022-04-28 07:30:00,LSTM-FRO,43.719255611521056,69
2022-04-28 07:45:00,LSTM-FRO,32.15697948130319,69
2022-04-28 08:00:00,LSTM-FRO,43.64991604738238,69
2022-04-28 08:15:00,LSTM-FRO,59.85509321286998,69
2022-04-28 08:30:00,LSTM-FRO,48.88549414918082,69
2022-04-28 08:45:00,LSTM-FRO,45.503808226443496,69
2022-04-28 09:00:00,LSTM-FRO,38.110535744034465,69
2022-04-28 09:15:00,LSTM-FRO,44.25722271921222,69
2022-04-28 09:30:00,LSTM-FRO,50.130593394156506,69
2022-04-28 09:45:00,LSTM-FRO,48.89897558393582,69
2022-04-28 10:00:00,LSTM-FRO,42.44988696148416,69
2022-04-28 10:15:00,LSTM-FRO,45.961416864772865,69
2022-04-28 10:30:00,LSTM-FRO,31.27197875271532,69
2022-04-28 10:45:00,LSTM-FRO,36.19366937586348,69
2022-04-28 11:00:00,LSTM-FRO,51.97994279213254,69
2022-04-28 11:15:00,LSTM-FRO,53.764644218251725,69
2022-04-28 11:30:00,LSTM-FRO,44.555211081533635,69
2022-04-28 11:45:00,LSTM-FRO,63.08680822712613,69
2022-04-28 12:00:00,LSTM-FRO,49.44027239132154,69
2022-04-28 12:15:00,LSTM-FRO,41.0465913649716,69
2022-04-28 12:30:00,LSTM-FRO,32.041290438124726,69
2022-04-28 12:45:00,LSTM-FRO,62.45284071993045,69
2022-04-28 13:00:00,LSTM-FRO,52.805355886022625,69
2022-04-28 13:15:00,LSTM-FRO,68.35264279027491,69
2022-04-28 13:30:00,LSTM-FRO,74.97820817043502,69
2022-04-28 13:45:00,LSTM-FRO,31.505389730294734,69
2022-04-28 14:00:00,LSTM-FRO,31.526012075373302,69
2022-04-28 14:15:00,LSTM-FRO,21.209610879205453,69
2022-04-28 14:30:00,LSTM-FRO,54.804798787717424,69
2022-04-28 14:45:00,LSTM-FRO,51.317690779149075,69
2022-04-28 15:00:00,LSTM-FRO,44.60199408937303,69
2022-04-28 15:15:00,LSTM-FRO,31.99000921556655,69
2022-04-28 15:30:00,LSTM-FRO,42.55856430550487,69
2022-04-28 15:45:00,LSTM-FRO,45.58599744667294,69
2022-04-28 16:00:00,LSTM-FRO,52.97009874760883,69
2022-04-28 16:15:00,LSTM-FRO,46.60756016933722,69
2022-04-28 16:30:00,LSTM-FRO,51.41206155077609,69
2022-04-28 16:45:00,LSTM-FRO,42.18523653863125,69
2022-04-28 17:00:00,LSTM-FRO,58.5470873836226,69
2022-04-28 17:15:00,LSTM-FRO,50.99979672848491,69
2022-04-28 17:30:00,LSTM-FRO,32.30637083619911,69
2022-04-28 17:45:00,LSTM-FRO,61.681374258066796,69
2022-04-28 18:00:00,LSTM-FRO,59.19870125690791,69
2022-04-28 18:15:00,LSTM-FRO,48.91503954482814,69
2022-04-28 18:30:00,LSTM-FRO,46.69810104588363,69
2022-04-28 18:45:00,LSTM-FRO,65.99704554865914,69
2022-04-28 19:00:00,LSTM-FRO,28.881615950098993,69
2022-04-28 19:15:00,LSTM-FRO,59.431781946141015,69
2022-04-28 19:30:00,LSTM-FRO,38.616714417695846,69
2022-04-28 19:45:00,LSTM-FRO,57.292256473267706,69
2022-04-28 20:00:00,LSTM-FRO,44.85572737552259,69
2022-04-28 20:15:00,LSTM-FRO,31.855433991467155,69
2022-04-28 20:30:00,LSTM-FRO,38.420293449516386,69
2022-04-28 20:45:00,LSTM-FRO,56.245553827094355,69
2022-04-28 21:00:00,LSTM-FRO,41.28344374844764,69
2022-04-28 21:15:00,LSTM-FRO,37.23370613175737,69
2022-04-28 21:30:00,LSTM-FRO,37.17125750693952,69
2022-04-28 21:45:00,LSTM-FRO,51.13462809540283,69
2022-04-28 22:00:00,LSTM-FRO,67.53942803101081,69
2022-04-28 22:15:00,LSTM-FRO,25.426317686290805,69
2022-04-28 22:30:00,LSTM-FRO,87.91020994312998,69
2022-04-28 22:45:00,LSTM-FRO,45.80441948091075,69
2022-04-28 23:00:00,LSTM-FRO,50.344611635981174,69
2022-04-28 23:15:00,LSTM-FRO,39.0059024423998,69
2022-04-28 23:30:00,LSTM-FRO,43.482114447372325,69
2022-04-28 23:45:00,LSTM-FRO,45.67543357931811,69
2022-04-28 00:00:00,Transformer-FRO,36.09278979138775,69
2022-04-28 00:15:00,Transformer-FRO,60.39313142268503,69
2022-04-28 00:30:00,Transformer-FRO,29.75408612814893,69
2022-04-28 00:45:00,Transformer-FRO,49.8271551293898,69
2022-04-28 01:00:00,Transformer-FRO,40.392712154010965,69
2022-04-28 01:15:00,Transformer-FRO,34.67418203310073,69
2022-04-28 01:30:00,Transformer-FRO,74.03432864918165,69
2022-04-28 01:45:00,Transformer-FRO,34.729872888029085,69
2022-04-28 02:00:00,Transformer-FRO,33.18775646859487,69
2022-04-28 02:15:00,Transformer-FRO,42.35656758736034,69
2022-04-28 02:30:00,Transformer-FRO,36.44101810936993,69
2022-04-28 02:45:00,Transformer-FRO,44.52873711709683,69
2022-04-28 03:00:00,Transformer-FRO,46.27855860062054,69
2022-04-28 03:15:00,Transformer-FRO,47.23708159152436,69
2022-04-28 03:30:00,Transformer-FRO,43.053337257252885,69
2022-04-28 03:45:00,Transformer-FRO,37.072250440043916,69
2022-04-28 04:00:00,Transformer-FRO,52.50466358819123,69
2022-04-28 04:15:00,Transformer-FRO,43.18938764475857,69
2022-04-28 04:30:00,Transformer-FRO,39.10662472429696,69
2022-04-28 04:45:00,Transformer-FRO,65.18882145050169,69
2022-04-28 05:00:00,Transformer-FRO,43.08206490900766,69
2022-04-28 05:15:00,Transformer-FRO,58.96411964331776,69
2022-04-28 05:30:00,Transformer-FRO,61.05706037410472,69
2022-04-28 05:45:00,Transformer-FRO,62.02538835847976,69
2022-04-28 06:00:00,Transformer-FRO,53.15721644933859,69
2022-04-28 06:15:00,Transformer-FRO,44.448025148905934,69
2022-04-28 06:30:00,Transformer-FRO,43.7249931386089,69
2022-04-28 06:45:00,Transformer-FRO,41.73508674019923,69
2022-04-28 07:00:00,Transformer-FRO,25.38128445662098,69
2022-04-28 07:15:00,Transformer-FRO,53.53873146572627,69
2022-04-28 07:30:00,Transformer-FRO,47.357061502214904,69
2022-04-28 07:45:00,Transformer-FRO,55.03713007965835,69
2022-04-28 08:00:00,Transformer-FRO,43.13012374725468,69
2022-04-28 08:15:00,Transformer-FRO,52.79639300287807,69
2022-04-28 08:30:00,Transformer-FRO,31.130534823367668,69
2022-04-28 08:45:00,Transformer-FRO,32.85326967087588,69
2022-04-28 09:00:00,Transformer-FRO,23.429755716568415,69
2022-04-28 09:15:00,Transformer-FRO,42.937032137498306,69
2022-04-28 09:30:00,Transformer-FRO,36.4036465681027,69
2022-04-28 09:45:00,Transformer-FRO,35.19213725888007,69
2022-04-28 10:00:00,Transformer-FRO,48.47474590252996,69
2022-04-28 10:15:00,Transformer-FRO,39.82225865642321,69
2022-04-28 10:30:00,Transformer-FRO,30.68617586472319,69
2022-04-28 10:45:00,Transformer-FRO,85.85792497501039,69
2022-04-28 11:00:00,Transformer-FRO,44.031773995659314,69
2022-04-28 11:15:00,Transformer-FRO,33.593140299752235,69
2022-04-28 11:30:00,Transformer-FRO,37.38352041155207,69
2022-04-28 11:45:00,Transformer-FRO,42.508352202880104,69
2022-04-28 12:00:00,Transformer-FRO,42.48523633500307,69
2022-04-28 12:15:00,Transformer-FRO,62.258310784045044,69
2022-04-28 12:30:00,Transformer-FRO,43.551304415145296,69
2022-04-28 12:45:00,Transformer-FRO,71.8325740270645,69
2022-04-28 13:00:00,Transformer-FRO,39.75108931308375,69
2022-04-28 13:15:00,Transformer-FRO,49.639307254602635,69
2022-04-28 13:30:00,Transformer-FRO,57.90604634572265,69
2022-04-28 13:45:00,Transformer-FRO,60.558700611662076,69
2022-04-28 14:00:00,Transformer-FRO,62.41483666070565,69
2022-04-28 14:15:00,Transformer-FRO,41.43508370077066,69
2022-04-28 14:30:00,Transformer-FRO,44.39223552237695,69
2022-04-28 14:45:00,Transformer-FRO,23.410304829447927,69
2022-04-28 15:00:00,Transformer-FRO,42.25767361514913,69
2022-04-28 15:15:00,Transformer-FRO,58.95295036384877,69
2022-04-28 15:30:00,Transformer-FRO,56.0617134748847,69
2022-04-28 15:45:00,Transformer-FRO,43.47188051767962,69
2022-04-28 16:00:00,Transformer-FRO,68.9906184861282,69
2022-04-28 16:15:00,Transformer-FRO,40.25203568841789,69
2022-04-28 16:30:00,Transformer-FRO,36.93845877580827,69
2022-04-28 16:45:00,Transformer-FRO,39.38532669750929,69
2022-04-28 17:00:00,Transformer-FRO,33.2533777080606,69
2022-04-28 17:15:00,Transformer-FRO,52.22013914124978,69
2022-04-28 17:30:00,Transformer-FRO,47.899297629179756,69
2022-04-28 17:45:00,Transformer-FRO,52.05271262259027,69
2022-04-28 18:00:00,Transformer-FRO,39.937126518415745,69
2022-04-28 18:15:00,Transformer-FRO,43.79254880289446,69
2022-04-28 18:30:00,Transformer-FRO,25.305749097620343,69
2022-04-28 18:45:00,Transformer-FRO,48.998807043272045,69
2022-04-28 19:00:00,Transformer-FRO,45.60648616539213,69
2022-04-28 19:15:00,Transformer-FRO,33.44259859210146,69
2022-04-28 19:30:00,Transformer-FRO,43.268050006793246,69
2022-04-28 19:45:00,Transformer-FRO,41.58714479707095,69
2022-04-28 20:00:00,Transformer-FRO,70.16345134926515,69
2022-04-28 20:15:00,Transformer-FRO,33.78515720345783,69
2022-04-28 20:30:00,Transformer-FRO,48.43431237021514,69
2022-04-28 20:45:00,Transformer-FRO,33.5271232642774,69
2022-04-28 21:00:00,Transformer-FRO,38.481946061244855,69
2022-04-28 21:15:00,Transformer-FRO,47.75502119216634,69
2022-04-28 21:30:00,Transformer-FRO,42.090197982556774,69
2022-04-28 21:45:00,Transformer-FRO,44.386476496622606,69
2022-04-28 22:00:00,Transformer-FRO,48.45055002946661,69
2022-04-28 22:15:00,Transformer-FRO,39.126128712625714,69
2022-04-28 22:30:00,Transformer-FRO,55.87800477208508,69
2022-04-28 22:45:00,Transformer-FRO,41.07794593112083,69
2022-04-28 23:00:00,Transformer-FRO,43.34760499630172,69
2022-04-28 23:15:00,Transformer-FRO,48.81015284745908,69
2022-04-28 23:30:00,Transformer-FRO,47.14361059737374,69
2022-04-28 23:45:00,Transformer-FRO,52.51586704725038,69
2022-04-28 00:00:00,DFL-FRO,64.04507780242896,69
2022-04-28 00:15:00,DFL-FRO,51.17438710742354,69
2022-04-28 00:30:00,DFL-FRO,41.483484353304256,69
2022-04-28 00:45:00,DFL-FRO,37.48523956021105,69
2022-04-28 01:00:00,DFL-FRO,34.99836351688236,69
2022-04-28 01:15:00,DFL-FRO,92.29047030975609,69
2022-04-28 01:30:00,DFL-FRO,30.030597975131275,69
2022-04-28 01:45:00,DFL-FRO,78.59029716306186,69
2022-04-28 02:00:00,DFL-FRO,44.49183114276464,69
2022-04-28 02:15:00,DFL-FRO,78.42882942004054,69
2022-04-28 02:30:00,DFL-FRO,30.117512465810318,69
2022-04-28 02:45:00,DFL-FRO,52.49588620050972,69
2022-04-28 03:00:00,DFL-FRO,84.58526066146284,69
2022-04-28 03:15:00,DFL-FRO,68.61738514575617,69
2022-04-28 03:30:00,DFL-FRO,51.002796204312055,69
2022-04-28 03:45:00,DFL-FRO,32.40815615365195,69
2022-04-28 04:00:00,DFL-FRO,38.61507888339922,69
2022-04-28 04:15:00,DFL-FRO,83.0495964400698,69
2022-04-28 04:30:00,DFL-FRO,50.844949259409134,69
2022-04-28 04:45:00,DFL-FRO,54.97309917584593,69
2022-04-28 05:00:00,DFL-FRO,60.77638026863348,69
2022-04-28 05:15:00,DFL-FRO,38.82995971500387,69
2022-04-28 05:30:00,DFL-FRO,62.93805561294444,69
2022-04-28 05:45:00,DFL-FRO,49.83033451157717,69
2022-04-28 06:00:00,DFL-FRO,60.95114817686498,69
2022-04-28 06:15:00,DFL-FRO,47.6498770139703,69
2022-04-28 06:30:00,DFL-FRO,35.97639130336148,69
2022-04-28 06:45:00,DFL-FRO,49.72129193207713,69
2022-04-28 07:00:00,DFL-FRO,67.22803633484614,69
2022-04-28 07:15:00,DFL-FRO,62.70333764439371,69
2022-04-28 07:30:00,DFL-FRO,56.59174186925097,69
2022-04-28 07:45:00,DFL-FRO,72.29608501697426,69
2022-04-28 08:00:00,DFL-FRO,52.96496815388538,69
2022-04-28 08:15:00,DFL-FRO,56.9982689786347,69
2022-04-28 08:30:00,DFL-FRO,48.990995786705625,69
2022-04-28 08:45:00,DFL-FRO,73.50012378892166,69
2022-04-28 09:00:00,DFL-FRO,60.91373394034794,69
2022-04-28 09:15:00,DFL-FRO,47.93456664943925,69
2022-04-28 09:30:00,DFL-FRO,36.84094297827582,69
2022-04-28 09:45:00,DFL-FRO,76.6447290940085,69
2022-04-28 10:00:00,DFL-FRO,45.46741287574145,69
2022-04-28 10:15:00,DFL-FRO,57.25297526900783,69
2022-04-28 10:30:00,DFL-FRO,109.01956635048364,69
2022-04-28 10:45:00,DFL-FRO,70.35000088905386,69
2022-04-28 11:00:00,DFL-FRO,88.42315537356961,69
2022-04-28 11:15:00,DFL-FRO,48.19019669963914,69
2022-04-28 11:30:00,DFL-FRO,75.91263511555194,69
2022-04-28 11:45:00,DFL-FRO,56.52366906436723,69
2022-04-28 12:00:00,DFL-FRO,62.20870770075311,69
2022-04-28 12:15:00,DFL-FRO,99.26919948895015,69
2022-04-28 12:30:00,DFL-FRO,51.85416586890536,69
2022-04-28 12:45:00,DFL-FRO,56.40543539416386,69
2022-04-28 13:00:00,DFL-FRO,43.46909848321141,69
2022-04-28 13:15:00,DFL-FRO,72.09905657669118,69
2022-04-28 13:30:00,DFL-FRO,47.88492711048888,69
2022-04-28 13:45:00,DFL-FRO,74.8849029707314,69
2022-04-28 14:00:00,DFL-FRO,35.204523193562856,69
2022-04-28 14:15:00,DFL-FRO,65.50124610569372,69
2022-04-28 14:30:00,DFL-FRO,46.77467536234415,69
2022-04-28 14:45:00,DFL-FRO,68.95360710188773,69
2022-04-28 15:00:00,DFL-FRO,55.88514509859079,69
2022-04-28 15:15:00,DFL-FRO,48.22812610084171,69
2022-04-28 15:30:00,DFL-FRO,50.29769533298078,69
2022-04-28 15:45:00,DFL-FRO,44.12246384988825,69
2022-04-28 16:00:00,DFL-FRO,71.07446674628002,69
2022-04-28 16:15:00,DFL-FRO,41.72003079690938,69
2022-04-28 16:30:00,DFL-FRO,52.02383473936088,69
2022-04-28 16:45:00,DFL-FRO,61.844751705068546,69
2022-04-28 17:00:00,DFL-FRO,88.48173170915801,69
2022-04-28 17:15:00,DFL-FRO,55.95242833351969,69
2022-04-28 17:30:00,DFL-FRO,52.386045925869134,69
2022-04-28 17:45:00,DFL-FRO,60.60669082772632,69
2022-04-28 18:00:00,DFL-FRO,31.23562320754999,69
2022-04-28 18:15:00,DFL-FRO,39.98951891786706,69
2022-04-28 18:30:00,DFL-FRO,50.456940783931366,69
2022-04-28 18:45:00,DFL-FRO,45.86845777298898,69
2022-04-28 19:00:00,DFL-FRO,35.69588021073402,69
2022-04-28 19:15:00,DFL-FRO,71.47686274228806,69
2022-04-28 19:30:00,DFL-FRO,60.36961778505524,69
2022-04-28 19:45:00,DFL-FRO,58.36639398789166,69
2022-04-28 20:00:00,DFL-FRO,46.11495394684659,69
2022-04-28 20:15:00,DFL-FRO,57.37159326274208,69
2022-04-28 20:30:00,DFL-FRO,64.87185965714518,69
2022-04-28 20:45:00,DFL-FRO,52.0559113607648,69
2022-04-28 21:00:00,DFL-FRO,63.604222137412485,69
2022-04-28 21:15:00,DFL-FRO,44.8046441751143,69
2022-04-28 21:30:00,DFL-FRO,57.66548210855281,69
2022-04-28 21:45:00,DFL-FRO,77.4615506648766,69
2022-04-28 22:00:00,DFL-FRO,79.44488470549997,69
2022-04-28 22:15:00,DFL-FRO,81.61827960231486,69
2022-04-28 22:30:00,DFL-FRO,60.81128984292283,69
2022-04-28 22:45:00,DFL-FRO,56.60266010774051,69
2022-04-28 23:00:00,DFL-FRO,49.421474323117856,69
2022-04-28 23:15:00,DFL-FRO,33.672271000059865,69
2022-04-28 23:30:00,DFL-FRO,38.37144977499947,69
2022-04-28 23:45:00,DFL-FRO,53.4992334079141,69
2022-04-28 00:00:00,CVaR-DFL-FRO,91.29241879242328,69
2022-04-28 00:15:00,CVaR-DFL-FRO,88.64068156905618,69
2022-04-28 00:30:00,CVaR-DFL-FRO,48.37952485350308,69
2022-04-28 00:45:00,CVaR-DFL-FRO,76.27739175231912,69
2022-04-28 01:00:00,CVaR-DFL-FRO,51.54414040539712,69
2022-04-28 01:15:00,CVaR-DFL-FRO,73.20882664052331,69
2022-04-28 01:30:00,CVaR-DFL-FRO,75.9938677544141,69
2022-04-28 01:45:00,CVaR-DFL-FRO,86.71203569871466,69
2022-04-28 02:00:00,CVaR-DFL-FRO,51.30182242398722,69
2022-04-28 02:15:00,CVaR-DFL-FRO,80.93709166864312,69
2022-04-28 02:30:00,CVaR-DFL-FRO,33.789095797464576,69
2022-04-28 02:45:00,CVaR-DFL-FRO,88.14368389000992,69
2022-04-28 03:00:00,CVaR-DFL-FRO,59.09891950673233,69
2022-04-28 03:15:00,CVaR-DFL-FRO,59.48081451050286,69
2022-04-28 03:30:00,CVaR-DFL-FRO,32.147334078061924,69
2022-04-28 03:45:00,CVaR-DFL-FRO,52.94141777665965,69
2022-04-28 04:00:00,CVaR-DFL-FRO,89.73844240085576,69
2022-04-28 04:15:00,CVaR-DFL-FRO,52.335645746707634,69
2022-04-28 04:30:00,CVaR-DFL-FRO,73.89528112197186,69
2022-04-28 04:45:00,CVaR-DFL-FRO,60.17378909042576,69
2022-04-28 05:00:00,CVaR-DFL-FRO,82.1301995635131,69
2022-04-28 05:15:00,CVaR-DFL-FRO,63.10012894212891,69
2022-04-28 05:30:00,CVaR-DFL-FRO,44.91852878695135,69
2022-04-28 05:45:00,CVaR-DFL-FRO,60.57375038028619,69
2022-04-28 06:00:00,CVaR-DFL-FRO,96.66488862135121,69
2022-04-28 06:15:00,CVaR-DFL-FRO,69.22420572677753,69
2022-04-28 06:30:00,CVaR-DFL-FRO,57.48646115987336,69
2022-04-28 06:45:00,CVaR-DFL-FRO,117.83503713661288,69
2022-04-28 07:00:00,CVaR-DFL-FRO,84.56472133143197,69
2022-04-28 07:15:00,CVaR-DFL-FRO,76.24066394295424,69
2022-04-28 07:30:00,CVaR-DFL-FRO,65.54898685845953,69
2022-04-28 07:45:00,CVaR-DFL-FRO,74.27209985050557,69
2022-04-28 08:00:00,CVaR-DFL-FRO,75.00509360606284,69
2022-04-28 08:15:00,CVaR-DFL-FRO,30.763942772163926,69
2022-04-28 08:30:00,CVaR-DFL-FRO,67.10608504189162,69
2022-04-28 08:45:00,CVaR-DFL-FRO,56.72005870341272,69
2022-04-28 09:00:00,CVaR-DFL-FRO,51.19122453275133,69
2022-04-28 09:15:00,CVaR-DFL-FRO,56.12883884477115,69
2022-04-28 09:30:00,CVaR-DFL-FRO,37.19000436710633,69
2022-04-28 09:45:00,CVaR-DFL-FRO,34.493610581582644,69
2022-04-28 10:00:00,CVaR-DFL-FRO,86.8278025442535,69
2022-04-28 10:15:00,CVaR-DFL-FRO,68.4849131712689,69
2022-04-28 10:30:00,CVaR-DFL-FRO,28.694181314997405,69
2022-04-28 10:45:00,CVaR-DFL-FRO,50.01831902445748,69
2022-04-28 11:00:00,CVaR-DFL-FRO,77.7270909690447,69
2022-04-28 11:15:00,CVaR-DFL-FRO,54.710731036219684,69
2022-04-28 11:30:00,CVaR-DFL-FRO,86.78847180840832,69
2022-04-28 11:45:00,CVaR-DFL-FRO,81.80983613557521,69
2022-04-28 12:00:00,CVaR-DFL-FRO,39.49964140719944,69
2022-04-28 12:15:00,CVaR-DFL-FRO,57.020864541029894,69
2022-04-28 12:30:00,CVaR-DFL-FRO,51.99807156913837,69
2022-04-28 12:45:00,CVaR-DFL-FRO,39.11281300531729,69
2022-04-28 13:00:00,CVaR-DFL-FRO,38.35069446263075,69
2022-04-28 13:15:00,CVaR-DFL-FRO,46.6610482471933,69
2022-04-28 13:30:00,CVaR-DFL-FRO,49.051053360087714,69
2022-04-28 13:45:00,CVaR-DFL-FRO,64.87592034961698,69
2022-04-28 14:00:00,CVaR-DFL-FRO,81.67286294372526,69
2022-04-28 14:15:00,CVaR-DFL-FRO,69.56013018572713,69
2022-04-28 14:30:00,CVaR-DFL-FRO,74.72512656055416,69
2022-04-28 14:45:00,CVaR-DFL-FRO,54.9329398970953,69
2022-04-28 15:00:00,CVaR-DFL-FRO,71.46637946694028,69
2022-04-28 15:15:00,CVaR-DFL-FRO,56.93379131535481,69
2022-04-28 15:30:00,CVaR-DFL-FRO,52.10227961919082,69
2022-04-28 15:45:00,CVaR-DFL-FRO,105.71784539615639,69
2022-04-28 16:00:00,CVaR-DFL-FRO,29.419764938395623,69
2022-04-28 16:15:00,CVaR-DFL-FRO,33.78408407255222,69
2022-04-28 16:30:00,CVaR-DFL-FRO,66.85809781642297,69
2022-04-28 16:45:00,CVaR-DFL-FRO,54.960129258908,69
2022-04-28 17:00:00,CVaR-DFL-FRO,38.55184416827942,69
2022-04-28 17:15:00,CVaR-DFL-FRO,43.28022599703503,69
2022-04-28 17:30:00,CVaR-DFL-FRO,45.0192905254642,69
2022-04-28 17:45:00,CVaR-DFL-FRO,78.0047326217319,69
2022-04-28 18:00:00,CVaR-DFL-FRO,85.9367803346774,69
2022-04-28 18:15:00,CVaR-DFL-FRO,97.79292242294875,69
2022-04-28 18:30:00,CVaR-DFL-FRO,36.81871515501292,69
2022-04-28 18:45:00,CVaR-DFL-FRO,39.375398321257755,69
2022-04-28 19:00:00,CVaR-DFL-FRO,38.56768615822486,69
2022-04-28 19:15:00,CVaR-DFL-FRO,87.94765375512273,69
2022-04-28 19:30:00,CVaR-DFL-FRO,67.56015026214193,69
2022-04-28 19:45:00,CVaR-DFL-FRO,61.0105657381697,69
2022-04-28 20:00:00,CVaR-DFL-FRO,63.83226864559378,69
2022-04-28 20:15:00,CVaR-DFL-FRO,58.5337072669168,69
2022-04-28 20:30:00,CVaR-DFL-FRO,42.417712799697185,69
2022-04-28 20:45:00,CVaR-DFL-FRO,69.55019354804412,69
2022-04-28 21:00:00,CVaR-DFL-FRO,56.28697755813356,69
2022-04-28 21:15:00,CVaR-DFL-FRO,41.413597897256494,69
2022-04-28 21:30:00,CVaR-DFL-FRO,70.84816810722963,69
2022-04-28 21:45:00,CVaR-DFL-FRO,52.35012481303645,69
2022-04-28 22:00:00,CVaR-DFL-FRO,63.79085114319362,69
2022-04-28 22:15:00,CVaR-DFL-FRO,57.338238449820494,69
2022-04-28 22:30:00,CVaR-DFL-FRO,77.98213137993557,69
2022-04-28 22:45:00,CVaR-DFL-FRO,63.649716259450415,69
2022-04-28 23:00:00,CVaR-DFL-FRO,45.57717660635388,69
2022-04-28 23:15:00,CVaR-DFL-FRO,65.64148737733699,69
2022-04-28 23:30:00,CVaR-DFL-FRO,66.29386362492008,69
2022-04-28 23:45:00,CVaR-DFL-FRO,69.51148854051192,69
2022-04-28 00:30:00,CVaR-DFL-RTRO,140.89753923614305,69
2022-04-28 01:30:00,CVaR-DFL-RTRO,54.286721979647304,69
2022-04-28 02:00:00,CVaR-DFL-RTRO,67.95919707961737,69
2022-04-28 16:30:00,CVaR-DFL-RTRO,69.06748744507316,69
2022-04-28 19:30:00,CVaR-DFL-RTRO,41.0268761225487,69
2022-04-28 19:45:00,CVaR-DFL-RTRO,56.65632038037013,69
2022-04-28 20:30:00,CVaR-DFL-RTRO,75.15258773843023,69
2022-04-28 23:00:00,CVaR-DFL-RTRO,68.21634800745635,69
2022-04-29 00:00:00,LSTM-FRO,32.74493360522531,69
2022-04-29 00:15:00,LSTM-FRO,48.78158344241748,69
2022-04-29 00:30:00,LSTM-FRO,43.76144886614001,69
2022-04-29 00:45:00,LSTM-FRO,51.25744500752898,69
2022-04-29 01:00:00,LSTM-FRO,29.47813716924007,69
2022-04-29 01:15:00,LSTM-FRO,52.07319545832022,69
2022-04-29 01:30:00,LSTM-FRO,37.33525628382442,69
2022-04-29 01:45:00,LSTM-FRO,56.30578707914335,69
2022-04-29 02:00:00,LSTM-FRO,37.78511826440789,69
2022-04-29 02:15:00,LSTM-FRO,22.580518823300118,69
2022-04-29 02:30:00,LSTM-FRO,46.72515407616528,69
2022-04-29 02:45:00,LSTM-FRO,33.77585200877902,69
2022-04-29 03:00:00,LSTM-FRO,34.35120512078688,69
2022-04-29 03:15:00,LSTM-FRO,26.21417919984054,69
2022-04-29 03:30:00,LSTM-FRO,56.731110452821376,69
2022-04-29 03:45:00,LSTM-FRO,33.124346128480944,69
2022-04-29 04:00:00,LSTM-FRO,56.06337594867449,69
2022-04-29 04:15:00,LSTM-FRO,33.88005523106335,69
2022-04-29 04:30:00,LSTM-FRO,29.90975339534153,69
2022-04-29 04:45:00,LSTM-FRO,52.58024017611293,69
2022-04-29 05:00:00,LSTM-FRO,37.06510006702746,69
2022-04-29 05:15:00,LSTM-FRO,37.156052056103626,69
2022-04-29 05:30:00,LSTM-FRO,27.367232599490734,69
2022-04-29 05:45:00,LSTM-FRO,33.656426424702744,69
2022-04-29 06:00:00,LSTM-FRO,42.04353305640809,69
2022-04-29 06:15:00,LSTM-FRO,27.246896851953597,69
2022-04-29 06:30:00,LSTM-FRO,32.975115739722746,69
2022-04-29 06:45:00,LSTM-FRO,33.9720086187294,69
2022-04-29 07:00:00,LSTM-FRO,38.38877437536372,69
2022-04-29 07:15:00,LSTM-FRO,54.735606365897816,69
2022-04-29 07:30:00,LSTM-FRO,35.01531540442326,69
2022-04-29 07:45:00,LSTM-FRO,31.745230607660325,69
2022-04-29 08:00:00,LSTM-FRO,75.22883989891196,69
2022-04-29 08:15:00,LSTM-FRO,33.86354043133133,69
2022-04-29 08:30:00,LSTM-FRO,35.98934629777903,69
2022-04-29 08:45:00,LSTM-FRO,34.510099859448324,69
2022-04-29 09:00:00,LSTM-FRO,35.2197029224847,69
2022-04-29 09:15:00,LSTM-FRO,38.49796428097749,69
2022-04-29 09:30:00,LSTM-FRO,47.57191333034032,69
2022-04-29 09:45:00,LSTM-FRO,41.78355584604651,69
2022-04-29 10:00:00,LSTM-FRO,49.475611613945446,69
2022-04-29 10:15:00,LSTM-FRO,49.066608969808506,69
2022-04-29 10:30:00,LSTM-FRO,39.78304051883538,69
2022-04-29 10:45:00,LSTM-FRO,41.49426148602565,69
2022-04-29 11:00:00,LSTM-FRO,49.87017050172783,69
2022-04-29 11:15:00,LSTM-FRO,28.563441843552194,69
2022-04-29 11:30:00,LSTM-FRO,70.68523588729212,69
2022-04-29 11:45:00,LSTM-FRO,33.195237342665195,69
2022-04-29 12:00:00,LSTM-FRO,34.569768223489966,69
2022-04-29 12:15:00,LSTM-FRO,27.850478918568367,69
2022-04-29 12:30:00,LSTM-FRO,28.059258377330337,69
2022-04-29 12:45:00,LSTM-FRO,48.21196833405312,69
2022-04-29 13:00:00,LSTM-FRO,66.7527238830707,69
2022-04-29 13:15:00,LSTM-FRO,32.74288956036034,69
2022-04-29 13:30:00,LSTM-FRO,41.193320708479845,69
2022-04-29 13:45:00,LSTM-FRO,39.899205262048625,69
2022-04-29 14:00:00,LSTM-FRO,48.53024336873038,69
2022-04-29 14:15:00,LSTM-FRO,65.89561258530776,69
2022-04-29 14:30:00,LSTM-FRO,55.30763422668475,69
2022-04-29 14:45:00,LSTM-FRO,35.55826993153419,69
2022-04-29 15:00:00,LSTM-FRO,43.113130838401254,69
2022-04-29 15:15:00,LSTM-FRO,44.201265686174516,69
2022-04-29 15:30:00,LSTM-FRO,37.56385298511366,69
2022-04-29 15:45:00,LSTM-FRO,28.67317384194355,69
2022-04-29 16:00:00,LSTM-FRO,30.893969447868017,69
2022-04-29 16:15:00,LSTM-FRO,50.366084640090236,69
2022-04-29 16:30:00,LSTM-FRO,51.687405399180655,69
2022-04-29 16:45:00,LSTM-FRO,35.83689939672806,69
2022-04-29 17:00:00,LSTM-FRO,40.31086878101265,69
2022-04-29 17:15:00,LSTM-FRO,50.99088508725752,69
2022-04-29 17:30:00,LSTM-FRO,24.612295265831012,69
2022-04-29 17:45:00,LSTM-FRO,33.75179054267889,69
2022-04-29 18:00:00,LSTM-FRO,62.65554687124274,69
2022-04-29 18:15:00,LSTM-FRO,40.699833125970976,69
2022-04-29 18:30:00,LSTM-FRO,28.434618876953568,69
2022-04-29 18:45:00,LSTM-FRO,38.88187991879615,69
2022-04-29 19:00:00,LSTM-FRO,48.789102297666155,69
2022-04-29 19:15:00,LSTM-FRO,19.9215917218297,69
2022-04-29 19:30:00,LSTM-FRO,39.46209436424591,69
2022-04-29 19:45:00,LSTM-FRO,34.3841201234789,69
2022-04-29 20:00:00,LSTM-FRO,25.000068718507887,69
2022-04-29 20:15:00,LSTM-FRO,38.53830961128388,69
2022-04-29 20:30:00,LSTM-FRO,36.48217502717826,69
2022-04-29 20:45:00,LSTM-FRO,37.526155368791336,69
2022-04-29 21:00:00,LSTM-FRO,34.593245185748884,69
2022-04-29 21:15:00,LSTM-FRO,29.21520240854628,69
2022-04-29 21:30:00,LSTM-FRO,26.20295209808224,69
2022-04-29 21:45:00,LSTM-FRO,31.743722227135777,69
2022-04-29 22:00:00,LSTM-FRO,46.84257136425623,69
2022-04-29 22:15:00,LSTM-FRO,40.02866209158866,69
2022-04-29 22:30:00,LSTM-FRO,37.103841571008374,69
2022-04-29 22:45:00,LSTM-FRO,29.080341240018804,69
2022-04-29 23:00:00,LSTM-FRO,34.37117161284307,69
2022-04-29 23:15:00,LSTM-FRO,45.42859791300931,69
2022-04-29 23:30:00,LSTM-FRO,42.85433038081362,69
2022-04-29 23:45:00,LSTM-FRO,33.49143649030405,69
2022-04-29 00:00:00,Transformer-FRO,33.927384396371124,69
2022-04-29 00:15:00,Transformer-FRO,35.656209513960924,69
2022-04-29 00:30:00,Transformer-FRO,31.94923915533552,69
2022-04-29 00:45:00,Transformer-FRO,36.30314892502829,69
2022-04-29 01:00:00,Transformer-FRO,49.89774387899613,69
2022-04-29 01:15:00,Transformer-FRO,40.00988297318276,69
2022-04-29 01:30:00,Transformer-FRO,52.18318730790433,69
2022-04-29 01:45:00,Transformer-FRO,27.347621477758604,69
2022-04-29 02:00:00,Transformer-FRO,37.332632853409166,69
2022-04-29 02:15:00,Transformer-FRO,24.464937876118587,69
2022-04-29 02:30:00,Transformer-FRO,36.177525865006025,69
2022-04-29 02:45:00,Transformer-FRO,30.824558095132637,69
2022-04-29 03:00:00,Transformer-FRO,56.270598118918066,69
2022-04-29 03:15:00,Transformer-FRO,44.913850259911904,69
2022-04-29 03:30:00,Transformer-FRO,52.52352592881875,69
2022-04-29 03:45:00,Transformer-FRO,36.15161239759366,69
2022-04-29 04:00:00,Transformer-FRO,31.03206376375625,69
2022-04-29 04:15:00,Transformer-FRO,30.777510119840468,69
2022-04-29 04:30:00,Transformer-FRO,43.268710798657004,69
2022-04-29 04:45:00,Transformer-FRO,64.5200190169054,69
2022-04-29 05:00:00,Transformer-FRO,44.94488186549679,69
2022-04-29 05:15:00,Transformer-FRO,36.6655936323568,69
2022-04-29 05:30:00,Transformer-FRO,38.472638932851154,69
2022-04-29 05:45:00,Transformer-FRO,40.07198284002313,69
2022-04-29 06:00:00,Transformer-FRO,68.23576565817392,69
2022-04-29 06:15:00,Transformer-FRO,55.581414207102874,69
2022-04-29 06:30:00,Transformer-FRO,43.20742147419005,69
2022-04-29 06:45:00,Transformer-FRO,41.56072960066522,69
2022-04-29 07:00:00,Transformer-FRO,43.64993173116571,69
2022-04-29 07:15:00,Transformer-FRO,45.90705427859918,69
2022-04-29 07:30:00,Transformer-FRO,36.30294075332492,69
2022-04-29 07:45:00,Transformer-FRO,32.47434640382538,69
2022-04-29 08:00:00,Transformer-FRO,52.76031728938113,69
2022-04-29 08:15:00,Transformer-FRO,40.62806925802564,69
2022-04-29 08:30:00,Transformer-FRO,51.63314796909185,69
2022-04-29 08:45:00,Transformer-FRO,61.84033850760871,69
2022-04-29 09:00:00,Transformer-FRO,46.22087103718149,69
2022-04-29 09:15:00,Transformer-FRO,44.32339572880695,69
2022-04-29 09:30:00,Transformer-FRO,92.43661564038754,69
2022-04-29 09:45:00,Transformer-FRO,42.61982486854122,69
2022-04-29 10:00:00,Transformer-FRO,30.468732185910767,69
2022-04-29 10:15:00,Transformer-FRO,37.563535682835656,69
2022-04-29 10:30:00,Transformer-FRO,60.347526531002295,69
2022-04-29 10:45:00,Transformer-FRO,28.90556345333948,69
2022-04-29 11:00:00,Transformer-FRO,33.25309948313423,69
2022-04-29 11:15:00,Transformer-FRO,53.782763101510376,69
2022-04-29 11:30:00,Transformer-FRO,37.6569688355501,69
2022-04-29 11:45:00,Transformer-FRO,39.26203387115207,69
2022-04-29 12:00:00,Transformer-FRO,53.32490812604516,69
2022-04-29 12:15:00,Transformer-FRO,33.561042268753205,69
2022-04-29 12:30:00,Transformer-FRO,27.630384699745896,69
2022-04-29 12:45:00,Transformer-FRO,28.206005172878857,69
2022-04-29 13:00:00,Transformer-FRO,46.95793002429029,69
2022-04-29 13:15:00,Transformer-FRO,43.198181165422824,69
2022-04-29 13:30:00,Transformer-FRO,33.772250008506305,69
2022-04-29 13:45:00,Transformer-FRO,29.93562710287505,69
2022-04-29 14:00:00,Transformer-FRO,37.66717309731844,69
2022-04-29 14:15:00,Transformer-FRO,53.923315407473396,69
2022-04-29 14:30:00,Transformer-FRO,32.543809307518096,69
2022-04-29 14:45:00,Transformer-FRO,34.03429291786613,69
2022-04-29 15:00:00,Transformer-FRO,29.690950212022248,69
2022-04-29 15:15:00,Transformer-FRO,36.73541064806165,69
2022-04-29 15:30:00,Transformer-FRO,44.08934660762112,69
2022-04-29 15:45:00,Transformer-FRO,69.81622614222948,69
2022-04-29 16:00:00,Transformer-FRO,42.738620518131846,69
2022-04-29 16:15:00,Transformer-FRO,39.84071373668262,69
2022-04-29 16:30:00,Transformer-FRO,50.50002104984251,69
2022-04-29 16:45:00,Transformer-FRO,48.36860696149749,69
2022-04-29 17:00:00,Transformer-FRO,34.791046551032075,69
2022-04-29 17:15:00,Transformer-FRO,73.27402602119795,69
2022-04-29 17:30:00,Transformer-FRO,40.143739470716866,69
2022-04-29 17:45:00,Transformer-FRO,42.94465966743497,69
2022-04-29 18:00:00,Transformer-FRO,46.58976252373097,69
2022-04-29 18:15:00,Transformer-FRO,44.178310402732976,69
2022-04-29 18:30:00,Transformer-FRO,59.938603301534584,69
2022-04-29 18:45:00,Transformer-FRO,34.68100456046849,69
2022-04-29 19:00:00,Transformer-FRO,49.4715048463962,69
2022-04-29 19:15:00,Transformer-FRO,42.15440963427989,69
2022-04-29 19:30:00,Transformer-FRO,52.08915746974674,69
2022-04-29 19:45:00,Transformer-FRO,38.21265903711919,69
2022-04-29 20:00:00,Transformer-FRO,36.89727155993498,69
2022-04-29 20:15:00,Transformer-FRO,48.81929970684829,69
2022-04-29 20:30:00,Transformer-FRO,44.317030924599244,69
2022-04-29 20:45:00,Transformer-FRO,32.67474276120267,69
2022-04-29 21:00:00,Transformer-FRO,57.21515875695818,69
2022-04-29 21:15:00,Transformer-FRO,48.824804066333996,69
2022-04-29 21:30:00,Transformer-FRO,39.62975522442295,69
2022-04-29 21:45:00,Transformer-FRO,35.78984891222594,69
2022-04-29 22:00:00,Transformer-FRO,44.387440704733955,69
2022-04-29 22:15:00,Transformer-FRO,47.92365669047981,69
2022-04-29 22:30:00,Transformer-FRO,26.748069248327212,69
2022-04-29 22:45:00,Transformer-FRO,44.52024376871943,69
2022-04-29 23:00:00,Transformer-FRO,47.82545419581128,69
2022-04-29 23:15:00,Transformer-FRO,21.98383294901715,69
2022-04-29 23:30:00,Transformer-FRO,42.50059997223223,69
2022-04-29 23:45:00,Transformer-FRO,48.348513815871954,69
2022-04-29 00:00:00,DFL-FRO,71.57970674911228,69
2022-04-29 00:15:00,DFL-FRO,52.022858327230665,69
2022-04-29 00:30:00,DFL-FRO,42.54280536601295,69
2022-04-29 00:45:00,DFL-FRO,34.3267296387675,69
2022-04-29 01:00:00,DFL-FRO,77.68383253310047,69
2022-04-29 01:15:00,DFL-FRO,69.59862540004647,69
2022-04-29 01:30:00,DFL-FRO,79.37515526778611,69
2022-04-29 01:45:00,DFL-FRO,46.49774444861102,69
2022-04-29 02:00:00,DFL-FRO,71.60777187569964,69
2022-04-29 02:15:00,DFL-FRO,37.33078201632103,69
2022-04-29 02:30:00,DFL-FRO,44.640306651378296,69
2022-04-29 02:45:00,DFL-FRO,59.13180091493452,69
2022-04-29 03:00:00,DFL-FRO,68.819595772994,69
2022-04-29 03:15:00,DFL-FRO,91.68536393009035,69
2022-04-29 03:30:00,DFL-FRO,53.32444530049474,69
2022-04-29 03:45:00,DFL-FRO,44.68752980358901,69
2022-04-29 04:00:00,DFL-FRO,44.043545351658345,69
2022-04-29 04:15:00,DFL-FRO,46.990076065258854,69
2022-04-29 04:30:00,DFL-FRO,106.85079837512167,69
2022-04-29 04:45:00,DFL-FRO,70.66432163889586,69
2022-04-29 05:00:00,DFL-FRO,78.13065821313802,69
2022-04-29 05:15:00,DFL-FRO,53.3406890070442,69
2022-04-29 05:30:00,DFL-FRO,57.03846908934212,69
2022-04-29 05:45:00,DFL-FRO,69.52395553960712,69
2022-04-29 06:00:00,DFL-FRO,49.469114270375805,69
2022-04-29 06:15:00,DFL-FRO,52.55830130669554,69
2022-04-29 06:30:00,DFL-FRO,47.16479612516634,69
2022-04-29 06:45:00,DFL-FRO,50.29042894113019,69
2022-04-29 07:00:00,DFL-FRO,57.85984556186646,69
2022-04-29 07:15:00,DFL-FRO,45.246790704275064,69
2022-04-29 07:30:00,DFL-FRO,61.865030763428464,69
2022-04-29 07:45:00,DFL-FRO,61.840624019959485,69
2022-04-29 08:00:00,DFL-FRO,54.248198962367695,69
2022-04-29 08:15:00,DFL-FRO,45.173379236886696,69
2022-04-29 08:30:00,DFL-FRO,58.78191495352079,69
2022-04-29 08:45:00,DFL-FRO,49.48160826819821,69
2022-04-29 09:00:00,DFL-FRO,57.820896257469606,69
2022-04-29 09:15:00,DFL-FRO,77.81347195162896,69
2022-04-29 09:30:00,DFL-FRO,40.05877479730866,69
2022-04-29 09:45:00,DFL-FRO,105.42581343346347,69
2022-04-29 10:00:00,DFL-FRO,55.90814622117175,69
2022-04-29 10:15:00,DFL-FRO,64.10352746296626,69
2022-04-29 10:30:00,DFL-FRO,46.1366110862058,69
2022-04-29 10:45:00,DFL-FRO,78.78829124620523,69
2022-04-29 11:00:00,DFL-FRO,55.07595722191523,69
2022-04-29 11:15:00,DFL-FRO,51.054223950911755,69
2022-04-29 11:30:00,DFL-FRO,48.50466096692663,69
2022-04-29 11:45:00,DFL-FRO,52.89805123751761,69
2022-04-29 12:00:00,DFL-FRO,64.22145444448243,69
2022-04-29 12:15:00,DFL-FRO,59.9190895238356,69
2022-04-29 12:30:00,DFL-FRO,56.42626399811369,69
2022-04-29 12:45:00,DFL-FRO,46.67825684896993,69
2022-04-29 13:00:00,DFL-FRO,45.923118483930075,69
2022-04-29 13:15:00,DFL-FRO,50.10073488008121,69
2022-04-29 13:30:00,DFL-FRO,64.98642262448413,69
2022-04-29 13:45:00,DFL-FRO,68.80117826271314,69
2022-04-29 14:00:00,DFL-FRO,71.47054566294739,69
2022-04-29 14:15:00,DFL-FRO,57.041397470111015,69
2022-04-29 14:30:00,DFL-FRO,63.593646614110376,69
2022-04-29 14:45:00,DFL-FRO,54.41387884291678,69
2022-04-29 15:00:00,DFL-FRO,34.88817010959914,69
2022-04-29 15:15:00,DFL-FRO,53.689179867156284,69
2022-04-29 15:30:00,DFL-FRO,51.325887622420964,69
2022-04-29 15:45:00,DFL-FRO,42.55315391561853,69
2022-04-29 16:00:00,DFL-FRO,48.61602990990835,69
2022-04-29 16:15:00,DFL-FRO,59.28419912692869,69
2022-04-29 16:30:00,DFL-FRO,41.43601510549789,69
2022-04-29 16:45:00,DFL-FRO,46.686640930738506,69
2022-04-29 17:00:00,DFL-FRO,88.35261166706438,69
2022-04-29 17:15:00,DFL-FRO,36.29100801526576,69
2022-04-29 17:30:00,DFL-FRO,54.187969858703774,69
2022-04-29 17:45:00,DFL-FRO,41.05091820831139,69
2022-04-29 18:00:00,DFL-FRO,46.151118983975834,69
2022-04-29 18:15:00,DFL-FRO,53.965686899001646,69
2022-04-29 18:30:00,DFL-FRO,43.176199175832075,69
2022-04-29 18:45:00,DFL-FRO,67.10615277098282,69
2022-04-29 19:00:00,DFL-FRO,83.57722406124853,69
2022-04-29 19:15:00,DFL-FRO,72.37714130234225,69
2022-04-29 19:30:00,DFL-FRO,76.21462189280504,69
2022-04-29 19:45:00,DFL-FRO,38.649711552917545,69
2022-04-29 20:00:00,DFL-FRO,53.279181567937606,69
2022-04-29 20:15:00,DFL-FRO,65.11769277547006,69
2022-04-29 20:30:00,DFL-FRO,72.98290592737412,69
2022-04-29 20:45:00,DFL-FRO,93.63060716094041,69
2022-04-29 21:00:00,DFL-FRO,77.17687363355346,69
2022-04-29 21:15:00,DFL-FRO,73.50618808112112,69
2022-04-29 21:30:00,DFL-FRO,120.05468244728544,69
2022-04-29 21:45:00,DFL-FRO,58.6384289103631,69
2022-04-29 22:00:00,DFL-FRO,52.59170054502018,69
2022-04-29 22:15:00,DFL-FRO,59.996085967099255,69
2022-04-29 22:30:00,DFL-FRO,44.06962541721949,69
2022-04-29 22:45:00,DFL-FRO,58.16548004654233,69
2022-04-29 23:00:00,DFL-FRO,35.04068678964056,69
2022-04-29 23:15:00,DFL-FRO,49.138834933536295,69
2022-04-29 23:30:00,DFL-FRO,55.236281477140245,69
2022-04-29 23:45:00,DFL-FRO,74.61777771739781,69
2022-04-29 00:00:00,CVaR-DFL-FRO,48.54374251758015,69
2022-04-29 00:15:00,CVaR-DFL-FRO,121.77195689467588,69
2022-04-29 00:30:00,CVaR-DFL-FRO,67.95951322626395,69
2022-04-29 00:45:00,CVaR-DFL-FRO,69.87084768298871,69
2022-04-29 01:00:00,CVaR-DFL-FRO,39.827840852708725,69
2022-04-29 01:15:00,CVaR-DFL-FRO,53.86137594592462,69
2022-04-29 01:30:00,CVaR-DFL-FRO,89.26927464140688,69
2022-04-29 01:45:00,CVaR-DFL-FRO,68.40107107255804,69
2022-04-29 02:00:00,CVaR-DFL-FRO,67.13063985643544,69
2022-04-29 02:15:00,CVaR-DFL-FRO,69.59924205948296,69
2022-04-29 02:30:00,CVaR-DFL-FRO,41.987002241995086,69
2022-04-29 02:45:00,CVaR-DFL-FRO,63.10435059919342,69
2022-04-29 03:00:00,CVaR-DFL-FRO,99.49705633608322,69
2022-04-29 03:15:00,CVaR-DFL-FRO,90.27106923996791,69
2022-04-29 03:30:00,CVaR-DFL-FRO,62.56081846578902,69
2022-04-29 03:45:00,CVaR-DFL-FRO,104.28501053359365,69
2022-04-29 04:00:00,CVaR-DFL-FRO,44.39219399559905,69
2022-04-29 04:15:00,CVaR-DFL-FRO,48.42520347060211,69
2022-04-29 04:30:00,CVaR-DFL-FRO,114.1921358537983,69
2022-04-29 04:45:00,CVaR-DFL-FRO,77.39273793185585,69
2022-04-29 05:00:00,CVaR-DFL-FRO,59.53791460712717,69
2022-04-29 05:15:00,CVaR-DFL-FRO,63.897646131556414,69
2022-04-29 05:30:00,CVaR-DFL-FRO,50.905113935584815,69
2022-04-29 05:45:00,CVaR-DFL-FRO,70.64776369102304,69
2022-04-29 06:00:00,CVaR-DFL-FRO,68.97486990609464,69
2022-04-29 06:15:00,CVaR-DFL-FRO,65.3682213569481,69
2022-04-29 06:30:00,CVaR-DFL-FRO,45.74675739981326,69
2022-04-29 06:45:00,CVaR-DFL-FRO,70.39520675384986,69
2022-04-29 07:00:00,CVaR-DFL-FRO,55.357351074900244,69
2022-04-29 07:15:00,CVaR-DFL-FRO,48.216435016166514,69
2022-04-29 07:30:00,CVaR-DFL-FRO,95.32469023150358,69
2022-04-29 07:45:00,CVaR-DFL-FRO,125.27315070044287,69
2022-04-29 08:00:00,CVaR-DFL-FRO,116.95441027711112,69
2022-04-29 08:15:00,CVaR-DFL-FRO,79.1007804118202,69
2022-04-29 08:30:00,CVaR-DFL-FRO,59.959163667985834,69
2022-04-29 08:45:00,CVaR-DFL-FRO,63.60759516009121,69
2022-04-29 09:00:00,CVaR-DFL-FRO,73.45992091490422,69
2022-04-29 09:15:00,CVaR-DFL-FRO,57.21800219422892,69
2022-04-29 09:30:00,CVaR-DFL-FRO,96.83829824356391,69
2022-04-29 09:45:00,CVaR-DFL-FRO,35.09591345414389,69
2022-04-29 10:00:00,CVaR-DFL-FRO,59.414858739093575,69
2022-04-29 10:15:00,CVaR-DFL-FRO,82.79719567258701,69
2022-04-29 10:30:00,CVaR-DFL-FRO,50.31514334530993,69
2022-04-29 10:45:00,CVaR-DFL-FRO,60.42239208157604,69
2022-04-29 11:00:00,CVaR-DFL-FRO,77.76054728907195,69
2022-04-29 11:15:00,CVaR-DFL-FRO,102.86232279064026,69
2022-04-29 11:30:00,CVaR-DFL-FRO,43.92670402887424,69
2022-04-29 11:45:00,CVaR-DFL-FRO,42.95235931479416,69
2022-04-29 12:00:00,CVaR-DFL-FRO,48.802738671356565,69
2022-04-29 12:15:00,CVaR-DFL-FRO,40.80558238000313,69
2022-04-29 12:30:00,CVaR-DFL-FRO,41.693634489010336,69
2022-04-29 12:45:00,CVaR-DFL-FRO,48.41108817345812,69
2022-04-29 13:00:00,CVaR-DFL-FRO,94.37054176325437,69
2022-04-29 13:15:00,CVaR-DFL-FRO,59.1216425741126,69
2022-04-29 13:30:00,CVaR-DFL-FRO,65.59587372604092,69
2022-04-29 13:45:00,CVaR-DFL-FRO,48.663634896737854,69
2022-04-29 14:00:00,CVaR-DFL-FRO,78.70483036687943,69
2022-04-29 14:15:00,CVaR-DFL-FRO,114.61240474269545,69
2022-04-29 14:30:00,CVaR-DFL-FRO,49.67273464276102,69
2022-04-29 14:45:00,CVaR-DFL-FRO,109.49340738742863,69
2022-04-29 15:00:00,CVaR-DFL-FRO,72.55036962936259,69
2022-04-29 15:15:00,CVaR-DFL-FRO,65.3084952046666,69
2022-04-29 15:30:00,CVaR-DFL-FRO,73.33825690389612,69
2022-04-29 15:45:00,CVaR-DFL-FRO,73.12560654573713,69
2022-04-29 16:00:00,CVaR-DFL-FRO,113.9671604967419,69
2022-04-29 16:15:00,CVaR-DFL-FRO,76.05214583306986,69
2022-04-29 16:30:00,CVaR-DFL-FRO,76.5342758928304,69
2022-04-29 16:45:00,CVaR-DFL-FRO,57.196330466911384,69
2022-04-29 17:00:00,CVaR-DFL-FRO,83.75478317595402,69
2022-04-29 17:15:00,CVaR-DFL-FRO,48.64328030867593,69
2022-04-29 17:30:00,CVaR-DFL-FRO,67.15479959912723,69
2022-04-29 17:45:00,CVaR-DFL-FRO,155.4608369260117,69
2022-04-29 18:00:00,CVaR-DFL-FRO,30.457901534780838,69
2022-04-29 18:15:00,CVaR-DFL-FRO,69.72517452828045,69
2022-04-29 18:30:00,CVaR-DFL-FRO,70.54161471512681,69
2022-04-29 18:45:00,CVaR-DFL-FRO,60.643267664113104,69
2022-04-29 19:00:00,CVaR-DFL-FRO,61.07728089901981,69
2022-04-29 19:15:00,CVaR-DFL-FRO,66.7982607141721,69
2022-04-29 19:30:00,CVaR-DFL-FRO,60.206063619925445,69
2022-04-29 19:45:00,CVaR-DFL-FRO,69.48998477680401,69
2022-04-29 20:00:00,CVaR-DFL-FRO,56.06361662235896,69
2022-04-29 20:15:00,CVaR-DFL-FRO,119.81159193103727,69
2022-04-29 20:30:00,CVaR-DFL-FRO,60.20587293705682,69
2022-04-29 20:45:00,CVaR-DFL-FRO,77.19718629871775,69
2022-04-29 21:00:00,CVaR-DFL-FRO,53.06908229073382,69
2022-04-29 21:15:00,CVaR-DFL-FRO,86.1727592951029,69
2022-04-29 21:30:00,CVaR-DFL-FRO,81.12083508932257,69
2022-04-29 21:45:00,CVaR-DFL-FRO,73.76411426002028,69
2022-04-29 22:00:00,CVaR-DFL-FRO,47.61684200231714,69
2022-04-29 22:15:00,CVaR-DFL-FRO,51.74722355202262,69
2022-04-29 22:30:00,CVaR-DFL-FRO,108.22288701120527,69
2022-04-29 22:45:00,CVaR-DFL-FRO,51.574182537399345,69
2022-04-29 23:00:00,CVaR-DFL-FRO,78.880411999861,69
2022-04-29 23:15:00,CVaR-DFL-FRO,48.82280753558327,69
2022-04-29 23:30:00,CVaR-DFL-FRO,88.15697111552565,69
2022-04-29 23:45:00,CVaR-DFL-FRO,52.79104825299156,69
2022-04-29 01:00:00,CVaR-DFL-RTRO,61.43688698123328,69
2022-04-29 06:15:00,CVaR-DFL-RTRO,54.60453035687854,69
2022-04-29 09:45:00,CVaR-DFL-RTRO,52.926595123665095,69
2022-04-29 10:15:00,CVaR-DFL-RTRO,60.70437217023767,69
2022-04-29 13:15:00,CVaR-DFL-RTRO,86.06108432731075,69
2022-04-29 17:00:00,CVaR-DFL-RTRO,91.60766088488143,69
2022-04-29 17:30:00,CVaR-DFL-RTRO,86.75120552138226,69
2022-04-29 17:45:00,CVaR-DFL-RTRO,72.53088744059777,69
2022-04-29 19:15:00,CVaR-DFL-RTRO,60.563971159836406,69
2022-04-29 19:45:00,CVaR-DFL-RTRO,32.017264375866624,69
2022-04-29 22:00:00,CVaR-DFL-RTRO,73.22338054678372,69
2022-04-29 22:15:00,CVaR-DFL-RTRO,32.78921159720406,69
